ISO-10303-21;
HEADER;
FILE_DESCRIPTION (( 'STEP AP214' ),
    '1' );
FILE_NAME ('3526.STEP',
    '2008-05-09T20:56:32',
    ( 'Richard Maletta' ),
    ( '' ),
    'SwSTEP 2.0',
    'SolidWorks 2008',
    '' );
FILE_SCHEMA (( 'AUTOMOTIVE_DESIGN' ));
ENDSEC;

DATA;
#1 = SURFACE_STYLE_USAGE ( .BOTH. , #2 ) ;
#2 = SURFACE_SIDE_STYLE ('',( #3 ) ) ;
#3 = SURFACE_STYLE_FILL_AREA ( #4 ) ;
#4 = FILL_AREA_STYLE ('',( #69 ) ) ;
#5 = LINE ( 'NONE', #41, #73 ) ;
#6 = SURFACE_STYLE_FILL_AREA ( #7 ) ;
#7 = FILL_AREA_STYLE ('',( #68 ) ) ;
#8 = CARTESIAN_POINT ( 'NONE',  ( 17.89316544611969200, -2.114660231935459000, 0.8646831675781869700 ) ) ;
#9 = CYLINDRICAL_SURFACE ( 'NONE', #63, 0.5080000000000002300 ) ;
#10 =( GEOMETRIC_REPRESENTATION_CONTEXT ( 3 ) GLOBAL_UNCERTAINTY_ASSIGNED_CONTEXT ( ( #43 ) ) GLOBAL_UNIT_ASSIGNED_CONTEXT ( ( #84, #45, #101 ) ) REPRESENTATION_CONTEXT ( 'NONE', 'WORKASPACE' ) );
#11 = CARTESIAN_POINT ( 'NONE',  ( 15.14996544611969000, -1.606660231935458800, -0.7228168324218131600 ) ) ;
#12 = AXIS2_PLACEMENT_3D ( 'NONE', #11, #11762, #11997 ) ;
#13 =( NAMED_UNIT ( * ) SI_UNIT ( $, .STERADIAN. ) SOLID_ANGLE_UNIT ( ) );
#14 =( GEOMETRIC_REPRESENTATION_CONTEXT ( 3 ) GLOBAL_UNCERTAINTY_ASSIGNED_CONTEXT ( ( #113 ) ) GLOBAL_UNIT_ASSIGNED_CONTEXT ( ( #78, #75, #74 ) ) REPRESENTATION_CONTEXT ( 'NONE', 'WORKASPACE' ) );
#15 = DIRECTION ( 'NONE',  ( -1.000000000000000000, -2.397819961810616100E-033, -6.123031769111886300E-017 ) ) ;
#16 = PRESENTATION_STYLE_ASSIGNMENT (( #17 ) ) ;
#17 = SURFACE_STYLE_USAGE ( .BOTH. , #18 ) ;
#18 = SURFACE_SIDE_STYLE ('',( #6 ) ) ;
#19 = CARTESIAN_POINT ( 'NONE',  ( 18.00746544611969200, 0.3491397680645407800, -0.7228168324218136000 ) ) ;
#20 = DIRECTION ( 'NONE',  ( -6.123031769111886300E-017, 3.916066504679276500E-017, 1.000000000000000000 ) ) ;
#21 = CARTESIAN_POINT ( 'NONE',  ( 15.73244327975309700, 7.105539768064542000, -2.704016832421814800 ) ) ;
#22 = AXIS2_PLACEMENT_3D ( 'NONE', #21, #20, #72 ) ;
#23 = CARTESIAN_POINT ( 'NONE',  ( 18.19796544611969200, 0.4761397680645407800, -0.7228168324218136000 ) ) ;
#24 = AXIS2_PLACEMENT_3D ( 'NONE', #23, #55, #54 ) ;
#25 =( LENGTH_UNIT ( ) NAMED_UNIT ( * ) SI_UNIT ( .MILLI., .METRE. ) );
#26 = MECHANICAL_DESIGN_GEOMETRIC_PRESENTATION_REPRESENTATION (  '', ( #28 ), #159 ) ;
#27 = PRESENTATION_LAYER_ASSIGNMENT (  '', '', ( #28 ) ) ;
#28 = STYLED_ITEM ( 'NONE', ( #29 ), #4786 ) ;
#29 = PRESENTATION_STYLE_ASSIGNMENT (( #30 ) ) ;
#30 = SURFACE_STYLE_USAGE ( .BOTH. , #31 ) ;
#31 = SURFACE_SIDE_STYLE ('',( #32 ) ) ;
#32 = SURFACE_STYLE_FILL_AREA ( #33 ) ;
#33 = FILL_AREA_STYLE ('',( #34 ) ) ;
#34 = FILL_AREA_STYLE_COLOUR ( '', #64 ) ;
#35 = FACE_OUTER_BOUND ( 'NONE', #4193, .T. ) ;
#36 = DIRECTION ( 'NONE',  ( 6.162975822039154700E-033, 1.000000000000000000, -3.916066504679276500E-017 ) ) ;
#37 = DIRECTION ( 'NONE',  ( -1.224606353822377300E-016, 3.916066504679276500E-017, 1.000000000000000000 ) ) ;
#38 = VECTOR ( 'NONE', #37, 1000.000000000000000 ) ;
#39 = CARTESIAN_POINT ( 'NONE',  ( 18.68464016343151000, 8.273939768064542100, -2.704016832421814800 ) ) ;
#40 = AXIS2_PLACEMENT_3D ( 'NONE', #42, #36, #99 ) ;
#41 = CARTESIAN_POINT ( 'NONE',  ( -14.37606637827811400, 7.092839768064540500, -1.281616832421816000 ) ) ;
#42 = CARTESIAN_POINT ( 'NONE',  ( 18.19796544611969200, 0.3491397680645407800, -0.7228168324218136000 ) ) ;
#43 = UNCERTAINTY_MEASURE_WITH_UNIT (LENGTH_MEASURE( 1.000000000000000100E-005 ), #84, 'distance_accuracy_value', 'NONE');
#44 =( NAMED_UNIT ( * ) PLANE_ANGLE_UNIT ( ) SI_UNIT ( $, .RADIAN. ) );
#45 =( NAMED_UNIT ( * ) PLANE_ANGLE_UNIT ( ) SI_UNIT ( $, .RADIAN. ) );
#46 =( GEOMETRIC_REPRESENTATION_CONTEXT ( 3 ) GLOBAL_UNCERTAINTY_ASSIGNED_CONTEXT ( ( #89 ) ) GLOBAL_UNIT_ASSIGNED_CONTEXT ( ( #25, #44, #13 ) ) REPRESENTATION_CONTEXT ( 'NONE', 'WORKASPACE' ) );
#47 = FACE_OUTER_BOUND ( 'NONE', #4635, .T. ) ;
#48 = B_SPLINE_CURVE_WITH_KNOTS ( 'NONE', 3,
 ( #107, #80, #79, #77 ),
 .UNSPECIFIED., .F., .F.,
 ( 4, 4 ),
 ( 0.001844446053886591000, 0.001856968611492750000 ),
 .UNSPECIFIED. ) ;
#49 = CIRCLE ( 'NONE', #22, 3.683000000000085500 ) ;
#50 = DIRECTION ( 'NONE',  ( 1.000000000000000000, 0.0000000000000000000, 1.177520686924224100E-016 ) ) ;
#51 = DIRECTION ( 'NONE',  ( -1.224606353822377300E-016, 3.916066504679276500E-017, 1.000000000000000000 ) ) ;
#52 = CARTESIAN_POINT ( 'NONE',  ( 18.68464016343151000, 8.273939768064542100, -2.462716832421815800 ) ) ;
#53 = DIRECTION ( 'NONE',  ( -1.383662747167360800E-017, -1.000000000000000000, 2.525907955783948100E-018 ) ) ;
#54 = DIRECTION ( 'NONE',  ( -1.000000000000000000, 0.0000000000000000000, 0.0000000000000000000 ) ) ;
#55 = DIRECTION ( 'NONE',  ( -6.162975822039154700E-033, -1.000000000000000000, 3.916066504679276500E-017 ) ) ;
#56 = FILL_AREA_STYLE ('',( #57 ) ) ;
#57 = FILL_AREA_STYLE_COLOUR ( '', #76 ) ;
#58 = VECTOR ( 'NONE', #53, 1000.000000000000000 ) ;
#59 = CARTESIAN_POINT ( 'NONE',  ( 16.12786544611969200, -0.3620602319354593300, 0.2550831675781882200 ) ) ;
#60 = DIRECTION ( 'NONE',  ( 0.0000000000000000000, 1.000000000000000000, 0.0000000000000000000 ) ) ;
#61 = DIRECTION ( 'NONE',  ( 0.0000000000000000000, -1.000000000000000000, 0.0000000000000000000 ) ) ;
#62 = DIRECTION ( 'NONE',  ( 1.110223024625156500E-016, -2.525907955783923100E-018, -1.000000000000000000 ) ) ;
#63 = AXIS2_PLACEMENT_3D ( 'NONE', #8, #62, #61 ) ;
#64 = COLOUR_RGB ( '',0.8313725490196077800, 0.8392156862745098200, 0.8274509803921568100 ) ;
#65 = FACE_OUTER_BOUND ( 'NONE', #4787, .T. ) ;
#66 = COLOUR_RGB ( '',0.8313725490196077800, 0.8392156862745098200, 0.8274509803921568100 ) ;
#67 = LINE ( 'NONE', #39, #38 ) ;
#68 = FILL_AREA_STYLE_COLOUR ( '', #66 ) ;
#69 = FILL_AREA_STYLE_COLOUR ( '', #12375 ) ;
#70 = CARTESIAN_POINT ( 'NONE',  ( 19.41544327975318400, 7.105539768064542000, -2.704016832421814300 ) ) ;
#71 = CARTESIAN_POINT ( 'NONE',  ( 19.21659748988798100, 5.911739768064540700, -2.704016832421814300 ) ) ;
#72 = DIRECTION ( 'NONE',  ( -1.000000000000000000, 0.0000000000000000000, -1.177520686924224100E-016 ) ) ;
#73 = VECTOR ( 'NONE', #15, 1000.000000000000000 ) ;
#74 =( NAMED_UNIT ( * ) SI_UNIT ( $, .STERADIAN. ) SOLID_ANGLE_UNIT ( ) );
#75 =( NAMED_UNIT ( * ) PLANE_ANGLE_UNIT ( ) SI_UNIT ( $, .RADIAN. ) );
#76 = COLOUR_RGB ( '',0.8313725490196077800, 0.8392156862745098200, 0.8274509803921568100 ) ;
#77 = CARTESIAN_POINT ( 'NONE',  ( 19.41542138313636600, 7.092839768064540500, -1.281616832421815800 ) ) ;
#78 =( LENGTH_UNIT ( ) NAMED_UNIT ( * ) SI_UNIT ( .MILLI., .METRE. ) );
#79 = CARTESIAN_POINT ( 'NONE',  ( 19.41543599135258400, 7.097076125581851100, -1.281616832421815800 ) ) ;
#81 = MECHANICAL_DESIGN_GEOMETRIC_PRESENTATION_REPRESENTATION (  '', ( #83 ), #14 ) ;
#80 = CARTESIAN_POINT ( 'NONE',  ( 19.41544327975318400, 7.101309454758751200, -1.281639624095748800 ) ) ;
#82 = PRESENTATION_LAYER_ASSIGNMENT (  '', '', ( #83 ) ) ;
#83 = STYLED_ITEM ( 'NONE', ( #16 ), #4192 ) ;
#84 =( LENGTH_UNIT ( ) NAMED_UNIT ( * ) SI_UNIT ( .MILLI., .METRE. ) );
#85 = MECHANICAL_DESIGN_GEOMETRIC_PRESENTATION_REPRESENTATION (  '', ( #87 ), #10 ) ;
#86 = PRESENTATION_LAYER_ASSIGNMENT (  '', '', ( #87 ) ) ;
#87 = STYLED_ITEM ( 'NONE', ( #88 ), #4776 ) ;
#88 = PRESENTATION_STYLE_ASSIGNMENT (( #108 ) ) ;
#89 = UNCERTAINTY_MEASURE_WITH_UNIT (LENGTH_MEASURE( 1.000000000000000100E-005 ), #25, 'distance_accuracy_value', 'NONE');
#90 = CIRCLE ( 'NONE', #40, 0.1904999999999997000 ) ;
#91 = CARTESIAN_POINT ( 'NONE',  ( 18.38846544611969200, 0.3491397680645407800, -0.7228168324218136000 ) ) ;
#92 = CIRCLE ( 'NONE', #24, 0.4104704525612484800 ) ;
#93 = AXIS2_PLACEMENT_3D ( 'NONE', #114, #51, #50 ) ;
#94 = CARTESIAN_POINT ( 'NONE',  ( 19.41544327975318400, 7.105539768064542000, -1.281685113965448200 ) ) ;
#95 = DIRECTION ( 'NONE',  ( -1.224606353822377300E-016, 3.916066504679276500E-017, 1.000000000000000000 ) ) ;
#96 = VECTOR ( 'NONE', #95, 1000.000000000000000 ) ;
#97 = CARTESIAN_POINT ( 'NONE',  ( 19.41544327975318400, 7.105539768064542000, -2.704016832421814300 ) ) ;
#98 = LINE ( 'NONE', #59, #58 ) ;
#99 = DIRECTION ( 'NONE',  ( 1.000000000000000000, 0.0000000000000000000, 0.0000000000000000000 ) ) ;
#100 = CARTESIAN_POINT ( 'NONE',  ( 18.60843589868094100, 0.4761397680645407800, -0.7228168324218136000 ) ) ;
#101 =( NAMED_UNIT ( * ) SI_UNIT ( $, .STERADIAN. ) SOLID_ANGLE_UNIT ( ) );
#102 = DIRECTION ( 'NONE',  ( -1.878004487339578700E-049, -3.916066504679276500E-017, -1.000000000000000000 ) ) ;
#103 = CARTESIAN_POINT ( 'NONE',  ( 18.60843589868094100, 0.2221397680645407800, -0.7228168324218136000 ) ) ;
#104 = PRESENTATION_LAYER_ASSIGNMENT (  '', '', ( #105 ) ) ;
#105 = STYLED_ITEM ( 'NONE', ( #106 ), #4762 ) ;
#106 = PRESENTATION_STYLE_ASSIGNMENT (( #1 ) ) ;
#107 = CARTESIAN_POINT ( 'NONE',  ( 19.41544327975318400, 7.105539768064542000, -1.281685113965448200 ) ) ;
#108 = SURFACE_STYLE_USAGE ( .BOTH. , #109 ) ;
#109 = SURFACE_SIDE_STYLE ('',( #110 ) ) ;
#110 = SURFACE_STYLE_FILL_AREA ( #56 ) ;
#111 = CARTESIAN_POINT ( 'NONE',  ( 17.78749499355844300, 0.4761397680645407800, -0.7228168324218136000 ) ) ;
#112 = MECHANICAL_DESIGN_GEOMETRIC_PRESENTATION_REPRESENTATION (  '', ( #105 ), #46 ) ;
#113 = UNCERTAINTY_MEASURE_WITH_UNIT (LENGTH_MEASURE( 1.000000000000000100E-005 ), #78, 'distance_accuracy_value', 'NONE');
#114 = CARTESIAN_POINT ( 'NONE',  ( 15.73244327975309700, 7.105539768064542000, -2.704016832421814800 ) ) ;
#115 = CYLINDRICAL_SURFACE ( 'NONE', #93, 3.683000000000085500 ) ;
#116 = CARTESIAN_POINT ( 'NONE',  ( 15.14996544611969000, 0.6721393242335133000, 1.053601312481050200 ) ) ;
#117 = AXIS2_PLACEMENT_3D ( 'NONE', #116, #137, #136 ) ;
#118 = CIRCLE ( 'NONE', #117, 0.1864223314702933800 ) ;
#119 = CARTESIAN_POINT ( 'NONE',  ( 15.14996544611969000, 0.4761397680645407800, -1.700716832421814300 ) ) ;
#120 = CIRCLE ( 'NONE', #155, 0.9779000000000012100 ) ;
#121 = CARTESIAN_POINT ( 'NONE',  ( 19.06156544611969400, 1.161939768064540900, 2.731583167578186500 ) ) ;
#122 = DIRECTION ( 'NONE',  ( 0.0000000000000000000, 0.0000000000000000000, -1.000000000000000000 ) ) ;
#123 = CARTESIAN_POINT ( 'NONE',  ( 15.14996544611969000, -1.099234466875050000, 1.238601756312078800 ) ) ;
#124 = CARTESIAN_POINT ( 'NONE',  ( 19.06156544611969400, 1.161939768064540900, 2.045783167578187000 ) ) ;
#125 = CYLINDRICAL_SURFACE ( 'NONE', #165, 1.193800000000000000 ) ;
#126 = UNCERTAINTY_MEASURE_WITH_UNIT (LENGTH_MEASURE( 1.000000000000000100E-005 ), #12239, 'distance_accuracy_value', 'NONE');
#127 = CARTESIAN_POINT ( 'NONE',  ( 19.06156544611969400, 1.161939768064540900, 2.045783167578187000 ) ) ;
#128 = DIRECTION ( 'NONE',  ( 0.0000000000000000000, 0.0000000000000000000, 1.000000000000000000 ) ) ;
#129 = DIRECTION ( 'NONE',  ( 0.0000000000000000000, 0.0000000000000000000, 1.000000000000000000 ) ) ;
#130 = DIRECTION ( 'NONE',  ( 0.0000000000000000000, 0.0000000000000000000, -1.000000000000000000 ) ) ;
#131 = DIRECTION ( 'NONE',  ( -1.000000000000000000, 5.872771121110819100E-049, -1.224606353822377300E-016 ) ) ;
#132 = CARTESIAN_POINT ( 'NONE',  ( 19.06156544611969400, 1.161939768064540900, 2.045783167578187000 ) ) ;
#133 = AXIS2_PLACEMENT_3D ( 'NONE', #132, #131, #122 ) ;
#134 = FILL_AREA_STYLE_COLOUR ( '', #135 ) ;
#135 = COLOUR_RGB ( '',0.8313725490196077800, 0.8392156862745098200, 0.8274509803921568100 ) ;
#136 = DIRECTION ( 'NONE',  ( 0.0000000000000000000, 0.0000000000000000000, -1.000000000000000000 ) ) ;
#137 = DIRECTION ( 'NONE',  ( 1.000000000000000000, -1.383662747167360600E-017, 1.110223024625156500E-016 ) ) ;
#138 = MECHANICAL_DESIGN_GEOMETRIC_PRESENTATION_REPRESENTATION (  '', ( #140 ), #226 ) ;
#139 = PRESENTATION_LAYER_ASSIGNMENT (  '', '', ( #140 ) ) ;
#140 = STYLED_ITEM ( 'NONE', ( #141 ), #4242 ) ;
#141 = PRESENTATION_STYLE_ASSIGNMENT (( #167 ) ) ;
#142 = VECTOR ( 'NONE', #191, 1000.000000000000000 ) ;
#143 = DIRECTION ( 'NONE',  ( -1.000000000000000000, 5.872771121110819100E-049, -1.224606353822377300E-016 ) ) ;
#144 = VECTOR ( 'NONE', #143, 1000.000000000000000 ) ;
#145 = CARTESIAN_POINT ( 'NONE',  ( 19.06156544611969400, 9.054763847188317200, -3.212016832421813900 ) ) ;
#146 = LINE ( 'NONE', #145, #144 ) ;
#147 = CARTESIAN_POINT ( 'NONE',  ( 19.06156544611969400, 4.354504380899337300, -2.619214978964747000 ) ) ;
#148 = CARTESIAN_POINT ( 'NONE',  ( 18.29956544611969300, 9.054763847188317200, -3.212016832421813900 ) ) ;
#149 = CARTESIAN_POINT ( 'NONE',  ( 18.29956544611969300, 9.054763847188317200, -3.720016832421813500 ) ) ;
#150 = CARTESIAN_POINT ( 'NONE',  ( 18.29956544611969300, 9.270145734898338900, -3.259935706481544400 ) ) ;
#151 = DIRECTION ( 'NONE',  ( 0.0000000000000000000, 2.048885995248200100E-014, 1.000000000000000000 ) ) ;
#152 = DIRECTION ( 'NONE',  ( 1.000000000000000000, -5.872771121110819100E-049, 1.224606353822377300E-016 ) ) ;
#153 = AXIS2_PLACEMENT_3D ( 'NONE', #149, #152, #151 ) ;
#154 = CIRCLE ( 'NONE', #153, 0.5079999999999993400 ) ;
#155 = AXIS2_PLACEMENT_3D ( 'NONE', #162, #163, #128 ) ;
#156 = FACE_OUTER_BOUND ( 'NONE', #4523, .T. ) ;
#157 = CIRCLE ( 'NONE', #173, 1.193800000000000000 ) ;
#158 = AXIS2_PLACEMENT_3D ( 'NONE', #123, #160, #130 ) ;
#159 =( GEOMETRIC_REPRESENTATION_CONTEXT ( 3 ) GLOBAL_UNCERTAINTY_ASSIGNED_CONTEXT ( ( #126 ) ) GLOBAL_UNIT_ASSIGNED_CONTEXT ( ( #12239, #12252, #12363 ) ) REPRESENTATION_CONTEXT ( 'NONE', 'WORKASPACE' ) );
#160 = DIRECTION ( 'NONE',  ( 1.000000000000000000, -1.383662747167360600E-017, 1.110223024625156500E-016 ) ) ;
#161 = CIRCLE ( 'NONE', #158, 0.5771185887338917700 ) ;
#162 = CARTESIAN_POINT ( 'NONE',  ( 15.14996544611969000, 0.4761397680645407800, -0.7228168324218131600 ) ) ;
#163 = DIRECTION ( 'NONE',  ( -1.383662747167360600E-017, -1.000000000000000000, 2.525907955783923100E-018 ) ) ;
#164 = DIRECTION ( 'NONE',  ( -1.000000000000000000, 5.872771121110819100E-049, -1.224606353822377300E-016 ) ) ;
#165 = AXIS2_PLACEMENT_3D ( 'NONE', #124, #164, #171 ) ;
#166 = CIRCLE ( 'NONE', #133, 0.6858000000000000800 ) ;
#167 = SURFACE_STYLE_USAGE ( .BOTH. , #168 ) ;
#168 = SURFACE_SIDE_STYLE ('',( #169 ) ) ;
#169 = SURFACE_STYLE_FILL_AREA ( #170 ) ;
#170 = FILL_AREA_STYLE ('',( #134 ) ) ;
#171 = DIRECTION ( 'NONE',  ( 0.0000000000000000000, 0.0000000000000000000, 1.000000000000000000 ) ) ;
#172 = DIRECTION ( 'NONE',  ( -1.000000000000000000, 5.872771121110819100E-049, -1.224606353822377300E-016 ) ) ;
#173 = AXIS2_PLACEMENT_3D ( 'NONE', #127, #172, #129 ) ;
#174 = CARTESIAN_POINT ( 'NONE',  ( 15.14996544611969000, 0.4761397680645407800, 0.2550831675781880000 ) ) ;
#175 = CARTESIAN_POINT ( 'NONE',  ( 19.06156544611969400, 7.105539768064542000, 2.247261001211684000 ) ) ;
#176 = VECTOR ( 'NONE', #182, 1000.000000000000000 ) ;
#177 = VECTOR ( 'NONE', #186, 1000.000000000000000 ) ;
#178 = DIRECTION ( 'NONE',  ( -1.000000000000000000, 5.872771121110819100E-049, -1.224606353822377300E-016 ) ) ;
#179 = VECTOR ( 'NONE', #178, 1000.000000000000000 ) ;
#180 = CIRCLE ( 'NONE', #194, 1.015999999999999600 ) ;
#181 = STYLED_ITEM ( 'NONE', ( #263 ), #4820 ) ;
#182 = DIRECTION ( 'NONE',  ( -1.000000000000000000, 5.872771121110819100E-049, -1.224606353822377300E-016 ) ) ;
#183 = CARTESIAN_POINT ( 'NONE',  ( 19.06156544611969400, 5.096630677155449300, 1.651132113594383500 ) ) ;
#184 = LINE ( 'NONE', #183, #179 ) ;
#185 = CARTESIAN_POINT ( 'NONE',  ( 11.18756544611969200, 9.054763847188317200, -3.720016832421814400 ) ) ;
#186 = DIRECTION ( 'NONE',  ( -1.224606353822377300E-016, 3.916066504679276500E-017, 1.000000000000000000 ) ) ;
#187 = LINE ( 'NONE', #175, #176 ) ;
#188 = CARTESIAN_POINT ( 'NONE',  ( 11.18756544611969200, 9.054763847188317200, -3.212016832421814800 ) ) ;
#189 = CARTESIAN_POINT ( 'NONE',  ( 18.90744327975318100, 7.105539768064541100, -2.704016832421814300 ) ) ;
#190 = LINE ( 'NONE', #189, #177 ) ;
#191 = DIRECTION ( 'NONE',  ( -1.000000000000000000, 5.872771121110819100E-049, -1.224606353822377300E-016 ) ) ;
#192 = DIRECTION ( 'NONE',  ( 0.0000000000000000000, 0.0000000000000000000, -1.000000000000000000 ) ) ;
#193 = DIRECTION ( 'NONE',  ( 1.000000000000000000, -5.872771121110819100E-049, 1.224606353822377300E-016 ) ) ;
#194 = AXIS2_PLACEMENT_3D ( 'NONE', #185, #193, #192 ) ;
#195 = CARTESIAN_POINT ( 'NONE',  ( 18.90744327975318100, 7.261622318306939900, -1.283363517988897600 ) ) ;
#196 = CARTESIAN_POINT ( 'NONE',  ( 18.90744327975318100, 7.105539768064541100, -1.281685113965448200 ) ) ;
#197 = CARTESIAN_POINT ( 'NONE',  ( 15.14996544611969000, 0.4761397680645407800, -2.684235421155705100 ) ) ;
#198 = DIRECTION ( 'NONE',  ( -1.383662747167360600E-017, -1.000000000000000000, 2.525907955783923100E-018 ) ) ;
#199 = UNCERTAINTY_MEASURE_WITH_UNIT (LENGTH_MEASURE( 1.000000000000000100E-005 ), #206, 'distance_accuracy_value', 'NONE');
#200 = CARTESIAN_POINT ( 'NONE',  ( 15.14996544611969000, -2.013060231935459100, -2.684235421155705100 ) ) ;
#201 = CARTESIAN_POINT ( 'NONE',  ( 19.06156544611969400, 8.582224676491643200, -2.820593276939025200 ) ) ;
#202 = STYLED_ITEM ( 'NONE', ( #203 ), #4811 ) ;
#203 = PRESENTATION_STYLE_ASSIGNMENT (( #257 ) ) ;
#204 = FILL_AREA_STYLE ('',( #210 ) ) ;
#205 = COLOUR_RGB ( '',0.8313725490196077800, 0.8392156862745098200, 0.8274509803921568100 ) ;
#206 =( LENGTH_UNIT ( ) NAMED_UNIT ( * ) SI_UNIT ( .MILLI., .METRE. ) );
#207 = DIRECTION ( 'NONE',  ( -1.383662747167360600E-017, -1.000000000000000000, 2.525907955783923100E-018 ) ) ;
#208 = VECTOR ( 'NONE', #207, 1000.000000000000000 ) ;
#209 = CARTESIAN_POINT ( 'NONE',  ( 15.14996544611969000, -2.013060231935459100, -2.107116832421813200 ) ) ;
#210 = FILL_AREA_STYLE_COLOUR ( '', #205 ) ;
#211 = DIRECTION ( 'NONE',  ( 0.0000000000000000000, 0.0000000000000000000, 1.000000000000000000 ) ) ;
#212 = UNCERTAINTY_MEASURE_WITH_UNIT (LENGTH_MEASURE( 1.000000000000000100E-005 ), #12352, 'distance_accuracy_value', 'NONE');
#213 = CARTESIAN_POINT ( 'NONE',  ( 19.06156544611969400, -0.03186023193545909500, 2.045783167578187500 ) ) ;
#214 = CARTESIAN_POINT ( 'NONE',  ( 18.73978989292900400, 8.125513850736888700, -1.869552322591554900 ) ) ;
#215 = CARTESIAN_POINT ( 'NONE',  ( 18.76912285674612900, 8.039019823241197600, -1.739737748492067500 ) ) ;
#216 = CARTESIAN_POINT ( 'NONE',  ( 18.82661665053968700, 7.825886225162999900, -1.524314816040034400 ) ) ;
#217 = CARTESIAN_POINT ( 'NONE',  ( 18.85508085494661400, 7.697225445619158900, -1.436432298438039300 ) ) ;
#218 = CARTESIAN_POINT ( 'NONE',  ( 18.89554875623059300, 7.414928054384191100, -1.316069054007220400 ) ) ;
#219 = CARTESIAN_POINT ( 'NONE',  ( 11.18756544611969200, 8.582224676491643200, -2.820593276939026100 ) ) ;
#220 =( NAMED_UNIT ( * ) SI_UNIT ( $, .STERADIAN. ) SOLID_ANGLE_UNIT ( ) );
#221 = LINE ( 'NONE', #200, #238 ) ;
#222 = DIRECTION ( 'NONE',  ( -1.383662747167360600E-017, -1.000000000000000000, 2.525907955783923100E-018 ) ) ;
#223 = CARTESIAN_POINT ( 'NONE',  ( 15.14996544611969000, 0.4761397680645407800, -0.7228168324218131600 ) ) ;
#224 = AXIS2_PLACEMENT_3D ( 'NONE', #223, #222, #250 ) ;
#225 = CIRCLE ( 'NONE', #224, 1.961418588733892000 ) ;
#226 =( GEOMETRIC_REPRESENTATION_CONTEXT ( 3 ) GLOBAL_UNCERTAINTY_ASSIGNED_CONTEXT ( ( #212 ) ) GLOBAL_UNIT_ASSIGNED_CONTEXT ( ( #12352, #12351, #230 ) ) REPRESENTATION_CONTEXT ( 'NONE', 'WORKASPACE' ) );
#227 = CARTESIAN_POINT ( 'NONE',  ( 19.06156544611969400, 9.054763847188317200, -3.720016832421813500 ) ) ;
#228 = DIRECTION ( 'NONE',  ( -1.000000000000000000, 5.872771121110819100E-049, -1.224606353822377300E-016 ) ) ;
#229 =( NAMED_UNIT ( * ) PLANE_ANGLE_UNIT ( ) SI_UNIT ( $, .RADIAN. ) );
#230 =( NAMED_UNIT ( * ) SI_UNIT ( $, .STERADIAN. ) SOLID_ANGLE_UNIT ( ) );
#231 = CARTESIAN_POINT ( 'NONE',  ( 15.14996544611969000, -2.013060231935459100, -0.7228168324218131600 ) ) ;
#232 = MECHANICAL_DESIGN_GEOMETRIC_PRESENTATION_REPRESENTATION (  '', ( #202 ), #245 ) ;
#233 = PRESENTATION_LAYER_ASSIGNMENT (  '', '', ( #202 ) ) ;
#234 = B_SPLINE_CURVE_WITH_KNOTS ( 'NONE', 3,
 ( #196, #195, #218, #217, #216, #215, #214, #243, #242, #241 ),
 .UNSPECIFIED., .F., .F.,
 ( 4, 2, 2, 2, 4 ),
 ( 1.252448928530474700E-005, 0.0004747578626363062700, 0.0009369912359873077900, 0.001399224609338309500, 0.001861457982689311000 ),
 .UNSPECIFIED. ) ;
#235 = DIRECTION ( 'NONE',  ( -1.383662747167360600E-017, -1.000000000000000000, 2.525907955783923100E-018 ) ) ;
#236 = LINE ( 'NONE', #147, #142 ) ;
#237 = PRESENTATION_LAYER_ASSIGNMENT (  '', '', ( #181 ) ) ;
#238 = VECTOR ( 'NONE', #198, 1000.000000000000000 ) ;
#239 = CARTESIAN_POINT ( 'NONE',  ( 18.29956544611969000, 5.096630677155449300, 1.651132113594383500 ) ) ;
#240 = CARTESIAN_POINT ( 'NONE',  ( 19.06156544611969400, 1.161939768064540900, 3.239583167578187000 ) ) ;
#241 = CARTESIAN_POINT ( 'NONE',  ( 18.68464016343151000, 8.273939768064542100, -2.462716832421815800 ) ) ;
#242 = CARTESIAN_POINT ( 'NONE',  ( 18.68464016343151400, 8.273939768064542100, -2.306312180596788300 ) ) ;
#243 = CARTESIAN_POINT ( 'NONE',  ( 18.69760923610608600, 8.242321027757533600, -2.151344498454984800 ) ) ;
#244 = CYLINDRICAL_SURFACE ( 'NONE', #252, 0.5079999999999993400 ) ;
#245 =( GEOMETRIC_REPRESENTATION_CONTEXT ( 3 ) GLOBAL_UNCERTAINTY_ASSIGNED_CONTEXT ( ( #199 ) ) GLOBAL_UNIT_ASSIGNED_CONTEXT ( ( #206, #229, #220 ) ) REPRESENTATION_CONTEXT ( 'NONE', 'WORKASPACE' ) );
#246 = LINE ( 'NONE', #201, #253 ) ;
#247 = CYLINDRICAL_SURFACE ( 'NONE', #251, 1.961418588733892000 ) ;
#248 = LINE ( 'NONE', #209, #208 ) ;
#249 = CARTESIAN_POINT ( 'NONE',  ( 15.14996544611969000, 0.4761397680645407800, 1.238601756312078800 ) ) ;
#250 = DIRECTION ( 'NONE',  ( 0.0000000000000000000, 0.0000000000000000000, 1.000000000000000000 ) ) ;
#251 = AXIS2_PLACEMENT_3D ( 'NONE', #231, #235, #211 ) ;
#252 = AXIS2_PLACEMENT_3D ( 'NONE', #227, #256, #255 ) ;
#253 = VECTOR ( 'NONE', #228, 1000.000000000000000 ) ;
#254 = FACE_OUTER_BOUND ( 'NONE', #4812, .T. ) ;
#255 = DIRECTION ( 'NONE',  ( 0.0000000000000000000, 0.0000000000000000000, 1.000000000000000000 ) ) ;
#256 = DIRECTION ( 'NONE',  ( -1.000000000000000000, 5.872771121110819100E-049, -1.224606353822377300E-016 ) ) ;
#257 = SURFACE_STYLE_USAGE ( .BOTH. , #258 ) ;
#258 = SURFACE_SIDE_STYLE ('',( #259 ) ) ;
#259 = SURFACE_STYLE_FILL_AREA ( #204 ) ;
#260 = FILL_AREA_STYLE_COLOUR ( '', #261 ) ;
#261 = COLOUR_RGB ( '',0.8313725490196077800, 0.8392156862745098200, 0.8274509803921568100 ) ;
#262 =( NAMED_UNIT ( * ) SI_UNIT ( $, .STERADIAN. ) SOLID_ANGLE_UNIT ( ) );
#263 = PRESENTATION_STYLE_ASSIGNMENT (( #264 ) ) ;
#264 = SURFACE_STYLE_USAGE ( .BOTH. , #265 ) ;
#265 = SURFACE_SIDE_STYLE ('',( #266 ) ) ;
#266 = SURFACE_STYLE_FILL_AREA ( #267 ) ;
#267 = FILL_AREA_STYLE ('',( #260 ) ) ;
#268 = FACE_OUTER_BOUND ( 'NONE', #4871, .T. ) ;
#269 = LINE ( 'NONE', #410, #412 ) ;
#270 = VECTOR ( 'NONE', #413, 1000.000000000000000 ) ;
#271 = UNCERTAINTY_MEASURE_WITH_UNIT (LENGTH_MEASURE( 1.000000000000000100E-005 ), #276, 'distance_accuracy_value', 'NONE');
#272 =( GEOMETRIC_REPRESENTATION_CONTEXT ( 3 ) GLOBAL_UNCERTAINTY_ASSIGNED_CONTEXT ( ( #271 ) ) GLOBAL_UNIT_ASSIGNED_CONTEXT ( ( #276, #300, #299 ) ) REPRESENTATION_CONTEXT ( 'NONE', 'WORKASPACE' ) );
#273 = CARTESIAN_POINT ( 'NONE',  ( 11.18756544611969200, 9.270145734898340700, -3.259935706481546200 ) ) ;
#274 = CARTESIAN_POINT ( 'NONE',  ( -15.10143455388031000, -1.606660231935459000, -5.548816832421813700 ) ) ;
#275 = DIRECTION ( 'NONE',  ( 0.0000000000000000000, 0.0000000000000000000, 1.000000000000000000 ) ) ;
#276 =( LENGTH_UNIT ( ) NAMED_UNIT ( * ) SI_UNIT ( .MILLI., .METRE. ) );
#277 = DIRECTION ( 'NONE',  ( 1.000000000000000000, -5.872771121110819100E-049, 1.224606353822377300E-016 ) ) ;
#278 = CARTESIAN_POINT ( 'NONE',  ( 11.18756544611969200, 9.054763847188317200, -3.720016832421814400 ) ) ;
#279 = AXIS2_PLACEMENT_3D ( 'NONE', #278, #277, #275 ) ;
#280 = CIRCLE ( 'NONE', #279, 0.5079999999999993400 ) ;
#281 = DIRECTION ( 'NONE',  ( 1.000000000000000000, 0.0000000000000000000, 1.264744441511232200E-016 ) ) ;
#282 = DIRECTION ( 'NONE',  ( 6.162975822039154700E-033, 1.000000000000000000, -3.916066504679276500E-017 ) ) ;
#283 = AXIS2_PLACEMENT_3D ( 'NONE', #285, #282, #281 ) ;
#284 = CIRCLE ( 'NONE', #283, 1.714500000000000800 ) ;
#285 = CARTESIAN_POINT ( 'NONE',  ( 15.14996544611969000, -0.03186023193545920600, -0.7228168324218136000 ) ) ;
#286 = CARTESIAN_POINT ( 'NONE',  ( 18.29956544611969000, 5.911739768064540700, 2.048415211346475800 ) ) ;
#287 = DIRECTION ( 'NONE',  ( 0.0000000000000000000, -1.000000000000000000, -8.242644808469759800E-016 ) ) ;
#288 = DIRECTION ( 'NONE',  ( -1.000000000000000000, 1.250846150945177000E-016, -1.224606353822377300E-016 ) ) ;
#289 = CARTESIAN_POINT ( 'NONE',  ( 18.29956544611969000, 7.105539768064542000, -1.435738998788315800 ) ) ;
#290 = AXIS2_PLACEMENT_3D ( 'NONE', #289, #288, #287 ) ;
#291 = CIRCLE ( 'NONE', #290, 3.682999999999999800 ) ;
#292 = CYLINDRICAL_SURFACE ( 'NONE', #297, 1.015999999999999600 ) ;
#293 = MECHANICAL_DESIGN_GEOMETRIC_PRESENTATION_REPRESENTATION (  '', ( #181 ), #272 ) ;
#294 = DIRECTION ( 'NONE',  ( 0.0000000000000000000, 0.0000000000000000000, 1.000000000000000000 ) ) ;
#295 = DIRECTION ( 'NONE',  ( -1.000000000000000000, 5.872771121110819100E-049, -1.224606353822377300E-016 ) ) ;
#296 = CARTESIAN_POINT ( 'NONE',  ( 19.06156544611969400, 9.054763847188317200, -3.720016832421813500 ) ) ;
#297 = AXIS2_PLACEMENT_3D ( 'NONE', #296, #295, #294 ) ;
#298 = CARTESIAN_POINT ( 'NONE',  ( 18.29956544611969300, 9.054763847188317200, -2.704016832421813900 ) ) ;
#299 =( NAMED_UNIT ( * ) SI_UNIT ( $, .STERADIAN. ) SOLID_ANGLE_UNIT ( ) );
#300 =( NAMED_UNIT ( * ) PLANE_ANGLE_UNIT ( ) SI_UNIT ( $, .RADIAN. ) );
#301 =( NAMED_UNIT ( * ) PLANE_ANGLE_UNIT ( ) SI_UNIT ( $, .RADIAN. ) );
#302 = LINE ( 'NONE', #350, #349 ) ;
#303 = CARTESIAN_POINT ( 'NONE',  ( 19.06156544611969400, 3.557803962191970800, -3.029359086705859300 ) ) ;
#304 = COLOUR_RGB ( '',0.8313725490196077800, 0.8392156862745098200, 0.8274509803921568100 ) ;
#305 = VECTOR ( 'NONE', #332, 1000.000000000000000 ) ;
#306 = CARTESIAN_POINT ( 'NONE',  ( 18.29956544611969300, 1.708356347983652500, -4.552825029671815600 ) ) ;
#307 = DIRECTION ( 'NONE',  ( 0.0000000000000000000, 0.0000000000000000000, 1.000000000000000000 ) ) ;
#308 = DIRECTION ( 'NONE',  ( -1.000000000000000000, 5.872771121110819100E-049, -1.224606353822377300E-016 ) ) ;
#309 = CARTESIAN_POINT ( 'NONE',  ( 18.29956544611969000, 7.105539768064542000, -0.009894666055310499100 ) ) ;
#310 = AXIS2_PLACEMENT_3D ( 'NONE', #309, #308, #307 ) ;
#311 = CIRCLE ( 'NONE', #310, 3.682999999999999800 ) ;
#312 = LINE ( 'NONE', #306, #305 ) ;
#313 = CARTESIAN_POINT ( 'NONE',  ( 11.18756544611969200, 4.819539768064540700, -3.522541104283899200 ) ) ;
#314 = CARTESIAN_POINT ( 'NONE',  ( 18.29956544611969000, 5.911739768064540700, -3.494048876190102500 ) ) ;
#315 = AXIS2_PLACEMENT_3D ( 'NONE', #313, #323, #322 ) ;
#316 = CIRCLE ( 'NONE', #315, 0.5080000000000002300 ) ;
#317 = DIRECTION ( 'NONE',  ( 0.0000000000000000000, 0.0000000000000000000, 1.000000000000000000 ) ) ;
#318 = DIRECTION ( 'NONE',  ( -1.000000000000000000, 5.872771121110819100E-049, -1.224606353822377300E-016 ) ) ;
#319 = CARTESIAN_POINT ( 'NONE',  ( 19.06156544611969400, 1.161939768064540900, 2.045783167578187000 ) ) ;
#320 = AXIS2_PLACEMENT_3D ( 'NONE', #319, #318, #317 ) ;
#321 = CARTESIAN_POINT ( 'NONE',  ( 11.18756544611969200, 5.096630677155448400, -3.096765778438009600 ) ) ;
#322 = DIRECTION ( 'NONE',  ( 0.0000000000000000000, 0.0000000000000000000, 1.000000000000000000 ) ) ;
#323 = DIRECTION ( 'NONE',  ( 1.000000000000000000, -5.872771121110819100E-049, 1.224606353822377300E-016 ) ) ;
#324 = FILL_AREA_STYLE ('',( #326 ) ) ;
#325 = MECHANICAL_DESIGN_GEOMETRIC_PRESENTATION_REPRESENTATION (  '', ( #362 ), #352 ) ;
#326 = FILL_AREA_STYLE_COLOUR ( '', #304 ) ;
#327 = PRESENTATION_STYLE_ASSIGNMENT (( #335 ) ) ;
#328 = DIRECTION ( 'NONE',  ( -6.162975822039154700E-033, -1.000000000000000000, 3.916066504679276500E-017 ) ) ;
#329 = CARTESIAN_POINT ( 'NONE',  ( 20.22434993225553200, 2.627537169638718400, -4.079627590461064400 ) ) ;
#330 = CARTESIAN_POINT ( 'NONE',  ( 18.29956544611969000, 4.552321655774579600, -3.088741936175884100 ) ) ;
#331 = LINE ( 'NONE', #329, #360 ) ;
#332 = DIRECTION ( 'NONE',  ( -5.516109419576038000E-017, -0.8891005170464086900, -0.4577119952413403700 ) ) ;
#333 = CARTESIAN_POINT ( 'NONE',  ( 13.43546544611969100, -0.03186023193545920600, -0.7228168324218138300 ) ) ;
#334 = PRESENTATION_LAYER_ASSIGNMENT (  '', '', ( #362 ) ) ;
#335 = SURFACE_STYLE_USAGE ( .BOTH. , #361 ) ;
#336 = SURFACE_STYLE_FILL_AREA ( #324 ) ;
#337 = FACE_OUTER_BOUND ( 'NONE', #4790, .T. ) ;
#338 = STYLED_ITEM ( 'NONE', ( #339 ), #4852 ) ;
#339 = PRESENTATION_STYLE_ASSIGNMENT (( #340 ) ) ;
#340 = SURFACE_STYLE_USAGE ( .BOTH. , #341 ) ;
#341 = SURFACE_SIDE_STYLE ('',( #342 ) ) ;
#342 = SURFACE_STYLE_FILL_AREA ( #343 ) ;
#343 = FILL_AREA_STYLE ('',( #358 ) ) ;
#344 = COLOUR_RGB ( '',0.8313725490196077800, 0.8392156862745098200, 0.8274509803921568100 ) ;
#345 = FACE_OUTER_BOUND ( 'NONE', #4853, .T. ) ;
#346 = VECTOR ( 'NONE', #355, 1000.000000000000100 ) ;
#347 = VECTOR ( 'NONE', #328, 1000.000000000000000 ) ;
#348 = DIRECTION ( 'NONE',  ( -1.088798142361792900E-016, -0.4577119952413403700, 0.8891005170464086900 ) ) ;
#349 = VECTOR ( 'NONE', #348, 1000.000000000000000 ) ;
#350 = CARTESIAN_POINT ( 'NONE',  ( 19.06156544611969400, 3.790321655774571600, -3.481022149365435900 ) ) ;
#351 = CYLINDRICAL_SURFACE ( 'NONE', #320, 0.6857999999999998500 ) ;
#352 =( GEOMETRIC_REPRESENTATION_CONTEXT ( 3 ) GLOBAL_UNCERTAINTY_ASSIGNED_CONTEXT ( ( #369 ) ) GLOBAL_UNIT_ASSIGNED_CONTEXT ( ( #368, #301, #354 ) ) REPRESENTATION_CONTEXT ( 'NONE', 'WORKASPACE' ) );
#353 = CARTESIAN_POINT ( 'NONE',  ( 13.43546544611969100, 0.4761397680645407800, -0.7228168324218138300 ) ) ;
#354 =( NAMED_UNIT ( * ) SI_UNIT ( $, .STERADIAN. ) SOLID_ANGLE_UNIT ( ) );
#355 = DIRECTION ( 'NONE',  ( 1.026392065613523400E-016, -0.5454545454545446400, -0.8381404052084447900 ) ) ;
#356 = CARTESIAN_POINT ( 'NONE',  ( 18.29956544611969000, 5.373721586246357900, -2.670990452592119100 ) ) ;
#357 = LINE ( 'NONE', #356, #346 ) ;
#358 = FILL_AREA_STYLE_COLOUR ( '', #344 ) ;
#359 = DIRECTION ( 'NONE',  ( 0.6644521835340654300, -0.6644521835340729800, -0.3420622627441021200 ) ) ;
#360 = VECTOR ( 'NONE', #359, 1000.000000000000100 ) ;
#361 = SURFACE_SIDE_STYLE ('',( #336 ) ) ;
#362 = STYLED_ITEM ( 'NONE', ( #327 ), #4835 ) ;
#363 = LINE ( 'NONE', #353, #347 ) ;
#364 =( NAMED_UNIT ( * ) PLANE_ANGLE_UNIT ( ) SI_UNIT ( $, .RADIAN. ) );
#365 =( LENGTH_UNIT ( ) NAMED_UNIT ( * ) SI_UNIT ( .MILLI., .METRE. ) );
#366 = MECHANICAL_DESIGN_GEOMETRIC_PRESENTATION_REPRESENTATION (  '', ( #338 ), #389 ) ;
#367 = PRESENTATION_LAYER_ASSIGNMENT (  '', '', ( #338 ) ) ;
#368 =( LENGTH_UNIT ( ) NAMED_UNIT ( * ) SI_UNIT ( .MILLI., .METRE. ) );
#369 = UNCERTAINTY_MEASURE_WITH_UNIT (LENGTH_MEASURE( 1.000000000000000100E-005 ), #368, 'distance_accuracy_value', 'NONE');
#370 = CARTESIAN_POINT ( 'NONE',  ( 19.06156544611969400, 1.475838654401051800, -4.101161967012239500 ) ) ;
#371 = LINE ( 'NONE', #370, #379 ) ;
#372 = UNCERTAINTY_MEASURE_WITH_UNIT (LENGTH_MEASURE( 1.000000000000000100E-005 ), #365, 'distance_accuracy_value', 'NONE');
#373 = CARTESIAN_POINT ( 'NONE',  ( 19.06156544611969400, 1.708356347983652500, -4.552825029671815600 ) ) ;
#374 = PLANE ( 'NONE',  #407 ) ;
#375 =( GEOMETRIC_REPRESENTATION_CONTEXT ( 3 ) GLOBAL_UNCERTAINTY_ASSIGNED_CONTEXT ( ( #403 ) ) GLOBAL_UNIT_ASSIGNED_CONTEXT ( ( #380, #382, #381 ) ) REPRESENTATION_CONTEXT ( 'NONE', 'WORKASPACE' ) );
#376 = AXIS2_PLACEMENT_3D ( 'NONE', #402, #384, #383 ) ;
#377 = CARTESIAN_POINT ( 'NONE',  ( 19.06156544611969400, 1.475838654401051800, -4.101161967012239500 ) ) ;
#378 = DIRECTION ( 'NONE',  ( 5.605170175932631300E-017, -0.8891005170464086900, -0.4577119952413403200 ) ) ;
#379 = VECTOR ( 'NONE', #378, 1000.000000000000000 ) ;
#380 =( LENGTH_UNIT ( ) NAMED_UNIT ( * ) SI_UNIT ( .MILLI., .METRE. ) );
#381 =( NAMED_UNIT ( * ) SI_UNIT ( $, .STERADIAN. ) SOLID_ANGLE_UNIT ( ) );
#382 =( NAMED_UNIT ( * ) PLANE_ANGLE_UNIT ( ) SI_UNIT ( $, .RADIAN. ) );
#383 = DIRECTION ( 'NONE',  ( 1.250846150945177000E-016, 1.000000000000000000, -3.916066504679275300E-017 ) ) ;
#384 = DIRECTION ( 'NONE',  ( -1.000000000000000000, 1.250846150945177000E-016, -1.224606353822377300E-016 ) ) ;
#385 = DIRECTION ( 'NONE',  ( 1.088798142361793000E-016, 0.4577119952413403200, -0.8891005170464086900 ) ) ;
#386 = VECTOR ( 'NONE', #385, 999.9999999999998900 ) ;
#387 = CARTESIAN_POINT ( 'NONE',  ( 19.06156544611969400, 1.475838654401051800, -4.101161967012239500 ) ) ;
#388 = LINE ( 'NONE', #387, #386 ) ;
#389 =( GEOMETRIC_REPRESENTATION_CONTEXT ( 3 ) GLOBAL_UNCERTAINTY_ASSIGNED_CONTEXT ( ( #372 ) ) GLOBAL_UNIT_ASSIGNED_CONTEXT ( ( #365, #364, #262 ) ) REPRESENTATION_CONTEXT ( 'NONE', 'WORKASPACE' ) );
#390 = MECHANICAL_DESIGN_GEOMETRIC_PRESENTATION_REPRESENTATION (  '', ( #392 ), #375 ) ;
#391 = PRESENTATION_LAYER_ASSIGNMENT (  '', '', ( #392 ) ) ;
#392 = STYLED_ITEM ( 'NONE', ( #393 ), #4859 ) ;
#393 = PRESENTATION_STYLE_ASSIGNMENT (( #394 ) ) ;
#394 = SURFACE_STYLE_USAGE ( .BOTH. , #395 ) ;
#395 = SURFACE_SIDE_STYLE ('',( #396 ) ) ;
#396 = SURFACE_STYLE_FILL_AREA ( #397 ) ;
#397 = FILL_AREA_STYLE ('',( #398 ) ) ;
#398 = FILL_AREA_STYLE_COLOUR ( '', #399 ) ;
#399 = COLOUR_RGB ( '',0.8313725490196077800, 0.8392156862745098200, 0.8274509803921568100 ) ;
#400 = PLANE ( 'NONE',  #376 ) ;
#401 = FACE_OUTER_BOUND ( 'NONE', #4860, .T. ) ;
#402 = CARTESIAN_POINT ( 'NONE',  ( 18.29956544611969000, 7.105539768064542000, -0.009894666055310499100 ) ) ;
#403 = UNCERTAINTY_MEASURE_WITH_UNIT (LENGTH_MEASURE( 1.000000000000000100E-005 ), #380, 'distance_accuracy_value', 'NONE');
#404 =( NAMED_UNIT ( * ) SI_UNIT ( $, .STERADIAN. ) SOLID_ANGLE_UNIT ( ) );
#405 = DIRECTION ( 'NONE',  ( -5.605170175932631300E-017, 0.8891005170464086900, 0.4577119952413403700 ) ) ;
#406 = DIRECTION ( 'NONE',  ( 1.088798142361792900E-016, 0.4577119952413403700, -0.8891005170464086900 ) ) ;
#407 = AXIS2_PLACEMENT_3D ( 'NONE', #373, #406, #405 ) ;
#408 = AXIS2_PLACEMENT_3D ( 'NONE', #417, #425, #424 ) ;
#409 = CIRCLE ( 'NONE', #408, 0.5080000000000002300 ) ;
#410 = CARTESIAN_POINT ( 'NONE',  ( 19.95056544611968300, -1.606660231935459000, -5.548816832421813700 ) ) ;
#411 = AXIS2_PLACEMENT_3D ( 'NONE', #416, #415, #428 ) ;
#412 = VECTOR ( 'NONE', #422, 1000.000000000000000 ) ;
#413 = DIRECTION ( 'NONE',  ( 1.000000000000000000, -0.0000000000000000000, -0.0000000000000000000 ) ) ;
#414 = CARTESIAN_POINT ( 'NONE',  ( 18.29956544611969000, 4.587022074481939000, -3.070878041624323100 ) ) ;
#415 = DIRECTION ( 'NONE',  ( 0.0000000000000000000, 0.0000000000000000000, -1.000000000000000000 ) ) ;
#416 = CARTESIAN_POINT ( 'NONE',  ( 19.95056544611968300, -0.03186023193545921300, 4.103183167578187400 ) ) ;
#417 = CARTESIAN_POINT ( 'NONE',  ( 18.29956544611969000, 4.819539768064540700, -3.522541104283898300 ) ) ;
#418 = DIRECTION ( 'NONE',  ( -1.000000000000000000, 5.872771121110819100E-049, -1.224606353822377300E-016 ) ) ;
#419 = VECTOR ( 'NONE', #418, 1000.000000000000000 ) ;
#420 = CARTESIAN_POINT ( 'NONE',  ( 19.06156544611969400, 5.096630677155448400, -3.096765778438009200 ) ) ;
#421 = LINE ( 'NONE', #420, #419 ) ;
#422 = DIRECTION ( 'NONE',  ( -1.000000000000000000, 0.0000000000000000000, 0.0000000000000000000 ) ) ;
#423 = UNCERTAINTY_MEASURE_WITH_UNIT (LENGTH_MEASURE( 1.000000000000000100E-005 ), #509, 'distance_accuracy_value', 'NONE');
#424 = DIRECTION ( 'NONE',  ( 0.0000000000000000000, 1.707404996040163800E-015, 1.000000000000000000 ) ) ;
#425 = DIRECTION ( 'NONE',  ( 1.000000000000000000, -5.872771121110819100E-049, 1.224606353822377300E-016 ) ) ;
#426 = PRESENTATION_STYLE_ASSIGNMENT (( #1282 ) ) ;
#427 = LINE ( 'NONE', #431, #430 ) ;
#428 = DIRECTION ( 'NONE',  ( -1.000000000000000000, 0.0000000000000000000, -0.0000000000000000000 ) ) ;
#429 = DIRECTION ( 'NONE',  ( 1.224606353822377300E-016, -3.916066504679276500E-017, -1.000000000000000000 ) ) ;
#430 = VECTOR ( 'NONE', #429, 1000.000000000000000 ) ;
#431 = CARTESIAN_POINT ( 'NONE',  ( 18.29956544611969000, 8.273939768064542100, 1.516457884890007000 ) ) ;
#432 = PRESENTATION_STYLE_ASSIGNMENT (( #433 ) ) ;
#433 = SURFACE_STYLE_USAGE ( .BOTH. , #461 ) ;
#434 = UNCERTAINTY_MEASURE_WITH_UNIT (LENGTH_MEASURE( 1.000000000000000100E-005 ), #436, 'distance_accuracy_value', 'NONE');
#435 =( NAMED_UNIT ( * ) SI_UNIT ( $, .STERADIAN. ) SOLID_ANGLE_UNIT ( ) );
#436 =( LENGTH_UNIT ( ) NAMED_UNIT ( * ) SI_UNIT ( .MILLI., .METRE. ) );
#437 = MECHANICAL_DESIGN_GEOMETRIC_PRESENTATION_REPRESENTATION (  '', ( #446 ), #440 ) ;
#438 = LINE ( 'NONE', #439, #464 ) ;
#439 = CARTESIAN_POINT ( 'NONE',  ( 19.06156544611969400, 4.819539768064540700, -3.014541104283898300 ) ) ;
#440 =( GEOMETRIC_REPRESENTATION_CONTEXT ( 3 ) GLOBAL_UNCERTAINTY_ASSIGNED_CONTEXT ( ( #434 ) ) GLOBAL_UNIT_ASSIGNED_CONTEXT ( ( #436, #465, #435 ) ) REPRESENTATION_CONTEXT ( 'NONE', 'WORKASPACE' ) );
#441 = DIRECTION ( 'NONE',  ( 1.250846150945177000E-016, 1.000000000000000000, -3.916066504679275300E-017 ) ) ;
#442 = DIRECTION ( 'NONE',  ( -1.000000000000000000, 1.250846150945177000E-016, -1.224606353822377300E-016 ) ) ;
#443 = CARTESIAN_POINT ( 'NONE',  ( 18.29956544611969000, 7.105539768064542000, -0.009894666055310499100 ) ) ;
#444 = AXIS2_PLACEMENT_3D ( 'NONE', #443, #442, #441 ) ;
#445 = PRESENTATION_LAYER_ASSIGNMENT (  '', '', ( #446 ) ) ;
#446 = STYLED_ITEM ( 'NONE', ( #432 ), #4865 ) ;
#447 = FACE_OUTER_BOUND ( 'NONE', #5005, .T. ) ;
#448 = DIRECTION ( 'NONE',  ( -1.000000000000000000, 5.872771121110819100E-049, -1.224606353822377300E-016 ) ) ;
#449 = CARTESIAN_POINT ( 'NONE',  ( 11.18756544611969200, 1.708356347983652500, -4.552825029671815600 ) ) ;
#450 = DIRECTION ( 'NONE',  ( -1.000000000000000000, 5.872771121110819100E-049, -1.224606353822377300E-016 ) ) ;
#451 = VECTOR ( 'NONE', #450, 1000.000000000000000 ) ;
#452 = CARTESIAN_POINT ( 'NONE',  ( 19.06156544611969400, 1.708356347983652500, -4.552825029671815600 ) ) ;
#453 = LINE ( 'NONE', #452, #451 ) ;
#454 = DIRECTION ( 'NONE',  ( 0.0000000000000000000, 0.0000000000000000000, -1.000000000000000000 ) ) ;
#455 = DIRECTION ( 'NONE',  ( -1.000000000000000000, 5.872771121110819100E-049, -1.224606353822377300E-016 ) ) ;
#456 = CARTESIAN_POINT ( 'NONE',  ( 18.42656544611968900, 7.105539768064542000, -1.435738998788404800 ) ) ;
#457 = AXIS2_PLACEMENT_3D ( 'NONE', #456, #455, #454 ) ;
#458 = CIRCLE ( 'NONE', #457, 3.683000000000084700 ) ;
#459 = PLANE ( 'NONE',  #444 ) ;
#460 = CARTESIAN_POINT ( 'NONE',  ( 18.29956544611969000, 8.273939768064542100, 2.057014991975992600 ) ) ;
#461 = SURFACE_SIDE_STYLE ('',( #462 ) ) ;
#462 = SURFACE_STYLE_FILL_AREA ( #468 ) ;
#463 =( NAMED_UNIT ( * ) SI_UNIT ( $, .STERADIAN. ) SOLID_ANGLE_UNIT ( ) );
#464 = VECTOR ( 'NONE', #448, 1000.000000000000000 ) ;
#465 =( NAMED_UNIT ( * ) PLANE_ANGLE_UNIT ( ) SI_UNIT ( $, .RADIAN. ) );
#466 = FILL_AREA_STYLE_COLOUR ( '', #467 ) ;
#467 = COLOUR_RGB ( '',0.8313725490196077800, 0.8392156862745098200, 0.8274509803921568100 ) ;
#468 = FILL_AREA_STYLE ('',( #466 ) ) ;
#469 = DIRECTION ( 'NONE',  ( 0.0000000000000000000, 0.0000000000000000000, 1.000000000000000000 ) ) ;
#470 = DIRECTION ( 'NONE',  ( -1.000000000000000000, 5.872771121110819100E-049, -1.224606353822377300E-016 ) ) ;
#471 = CARTESIAN_POINT ( 'NONE',  ( 11.18756544611969200, 7.105539768064542000, -1.435738998788316700 ) ) ;
#472 = AXIS2_PLACEMENT_3D ( 'NONE', #471, #470, #469 ) ;
#473 = CIRCLE ( 'NONE', #472, 3.682999999999999800 ) ;
#474 = DIRECTION ( 'NONE',  ( 1.000000000000000000, -6.842277657836020900E-049, 1.224606353822377300E-016 ) ) ;
#475 = CARTESIAN_POINT ( 'NONE',  ( 18.29956544611969000, 4.819539768064540700, -2.506541104283898300 ) ) ;
#476 =( LENGTH_UNIT ( ) NAMED_UNIT ( * ) SI_UNIT ( .MILLI., .METRE. ) );
#478 = MECHANICAL_DESIGN_GEOMETRIC_PRESENTATION_REPRESENTATION (  '', ( #480 ), #567 ) ;
#477 =( LENGTH_UNIT ( ) NAMED_UNIT ( * ) SI_UNIT ( .MILLI., .METRE. ) );
#479 = MECHANICAL_DESIGN_GEOMETRIC_PRESENTATION_REPRESENTATION (  '', ( #496 ), #566 ) ;
#480 = STYLED_ITEM ( 'NONE', ( #574 ), #4883 ) ;
#481 = PRESENTATION_LAYER_ASSIGNMENT (  '', '', ( #496 ) ) ;
#482 =( LENGTH_UNIT ( ) NAMED_UNIT ( * ) SI_UNIT ( .MILLI., .METRE. ) );
#483 = PRESENTATION_STYLE_ASSIGNMENT (( #484 ) ) ;
#484 = SURFACE_STYLE_USAGE ( .BOTH. , #485 ) ;
#485 = SURFACE_SIDE_STYLE ('',( #486 ) ) ;
#486 = SURFACE_STYLE_FILL_AREA ( #560 ) ;
#487 = COLOUR_RGB ( '',0.8313725490196077800, 0.8392156862745098200, 0.8274509803921568100 ) ;
#488 = UNCERTAINTY_MEASURE_WITH_UNIT (LENGTH_MEASURE( 1.000000000000000100E-005 ), #589, 'distance_accuracy_value', 'NONE');
#489 = FILL_AREA_STYLE ('',( #580 ) ) ;
#490 =( NAMED_UNIT ( * ) SI_UNIT ( $, .STERADIAN. ) SOLID_ANGLE_UNIT ( ) );
#491 = CARTESIAN_POINT ( 'NONE',  ( -14.56631238751380200, 7.105539768064542000, -0.1639485508781780000 ) ) ;
#492 = PLANE ( 'NONE',  #528 ) ;
#493 = VECTOR ( 'NONE', #513, 1000.000000000000000 ) ;
#494 = CARTESIAN_POINT ( 'NONE',  ( -7.710034553880309900, -2.013060231935458700, -2.310316832421813500 ) ) ;
#495 = LINE ( 'NONE', #494, #526 ) ;
#496 = STYLED_ITEM ( 'NONE', ( #497 ), #6179 ) ;
#497 = PRESENTATION_STYLE_ASSIGNMENT (( #498 ) ) ;
#498 = SURFACE_STYLE_USAGE ( .BOTH. , #499 ) ;
#499 = SURFACE_SIDE_STYLE ('',( #582 ) ) ;
#500 = CARTESIAN_POINT ( 'NONE',  ( 18.29956544611969000, 4.819539768064540700, -3.014541104283898300 ) ) ;
#501 = CARTESIAN_POINT ( 'NONE',  ( 19.06156544611969400, 7.105539768064542000, -1.435738998788315600 ) ) ;
#502 = CYLINDRICAL_SURFACE ( 'NONE', #540, 3.682999999999999800 ) ;
#503 =( GEOMETRIC_REPRESENTATION_CONTEXT ( 3 ) GLOBAL_UNCERTAINTY_ASSIGNED_CONTEXT ( ( #1973 ) ) GLOBAL_UNIT_ASSIGNED_CONTEXT ( ( #1982, #1995, #1989 ) ) REPRESENTATION_CONTEXT ( 'NONE', 'WORKASPACE' ) );
#504 = SURFACE_STYLE_USAGE ( .BOTH. , #555 ) ;
#505 = FILL_AREA_STYLE_COLOUR ( '', #506 ) ;
#507 =( NAMED_UNIT ( * ) PLANE_ANGLE_UNIT ( ) SI_UNIT ( $, .RADIAN. ) );
#506 = COLOUR_RGB ( '',0.8313725490196077800, 0.8392156862745098200, 0.8274509803921568100 ) ;
#508 = FACE_OUTER_BOUND ( 'NONE', #6172, .T. ) ;
#509 =( LENGTH_UNIT ( ) NAMED_UNIT ( * ) SI_UNIT ( .MILLI., .METRE. ) );
#510 = MECHANICAL_DESIGN_GEOMETRIC_PRESENTATION_REPRESENTATION (  '', ( #512 ), #575 ) ;
#511 = PRESENTATION_LAYER_ASSIGNMENT (  '', '', ( #512 ) ) ;
#512 = STYLED_ITEM ( 'NONE', ( #483 ), #6171 ) ;
#513 = DIRECTION ( 'NONE',  ( -1.000000000000000000, 5.872771121110819100E-049, -1.224606353822377300E-016 ) ) ;
#514 = CARTESIAN_POINT ( 'NONE',  ( 19.06156544611969400, 8.582224676491646800, 1.374959612095398000 ) ) ;
#515 = FILL_AREA_STYLE_COLOUR ( '', #553 ) ;
#516 = DIRECTION ( 'NONE',  ( -1.000000000000000000, 5.872771121110819100E-049, -1.224606353822377300E-016 ) ) ;
#517 = VECTOR ( 'NONE', #516, 1000.000000000000000 ) ;
#518 = CARTESIAN_POINT ( 'NONE',  ( 19.06156544611969400, 4.587022074481939000, -3.070878041624323100 ) ) ;
#519 = LINE ( 'NONE', #518, #517 ) ;
#520 = FILL_AREA_STYLE ('',( #515 ) ) ;
#521 =( NAMED_UNIT ( * ) PLANE_ANGLE_UNIT ( ) SI_UNIT ( $, .RADIAN. ) );
#522 = DIRECTION ( 'NONE',  ( -5.551115123125782100E-017, -1.025202604387803400E-016, -1.000000000000000000 ) ) ;
#523 = CARTESIAN_POINT ( 'NONE',  ( 11.18756544611969200, 8.582224676491646800, 1.374959612095397100 ) ) ;
#524 = CARTESIAN_POINT ( 'NONE',  ( 18.29956544611969000, 4.354504380899337300, -2.619214978964747400 ) ) ;
#525 = DIRECTION ( 'NONE',  ( -0.7071067811865522400, 0.7071067811865428000, -3.324045989817742300E-017 ) ) ;
#526 = VECTOR ( 'NONE', #525, 1000.000000000000000 ) ;
#527 = CARTESIAN_POINT ( 'NONE',  ( 18.29956544611969000, 8.273939768064542100, 1.516457884890007400 ) ) ;
#528 = AXIS2_PLACEMENT_3D ( 'NONE', #542, #581, #522 ) ;
#529 = DIRECTION ( 'NONE',  ( 0.0000000000000000000, 0.0000000000000000000, 1.000000000000000000 ) ) ;
#531 = CARTESIAN_POINT ( 'NONE',  ( 11.18756544611969200, 5.096630677155449300, 1.651132113594382600 ) ) ;
#530 = VECTOR ( 'NONE', #663, 1000.000000000000000 ) ;
#532 = CARTESIAN_POINT ( 'NONE',  ( -14.21243455388030900, 5.096630677155449300, -3.096765778438009600 ) ) ;
#533 = LINE ( 'NONE', #532, #530 ) ;
#534 = CARTESIAN_POINT ( 'NONE',  ( -13.91999196450674400, 8.039019823241197600, 0.2941040836484407100 ) ) ;
#535 = DIRECTION ( 'NONE',  ( 1.000000000000000000, 0.0000000000000000000, 0.0000000000000000000 ) ) ;
#536 = DIRECTION ( 'NONE',  ( 0.0000000000000000000, -1.000000000000000000, 3.916066504679277800E-017 ) ) ;
#537 = CARTESIAN_POINT ( 'NONE',  ( -6.338434553880310000, 5.096630677155449300, -3.096765778438009600 ) ) ;
#538 = PRESENTATION_LAYER_ASSIGNMENT (  '', '', ( #480 ) ) ;
#539 = DIRECTION ( 'NONE',  ( -1.000000000000000000, 5.872771121110819100E-049, -1.224606353822377300E-016 ) ) ;
#540 = AXIS2_PLACEMENT_3D ( 'NONE', #501, #539, #529 ) ;
#541 = LINE ( 'NONE', #514, #493 ) ;
#542 = CARTESIAN_POINT ( 'NONE',  ( -11.27873455388031200, -0.3620602319354595500, -1.700716832421814700 ) ) ;
#543 = DIRECTION ( 'NONE',  ( -6.697912673203516000E-017, 1.000000000000000000, -1.046877269572845200E-016 ) ) ;
#544 = VECTOR ( 'NONE', #543, 1000.000000000000000 ) ;
#545 = CARTESIAN_POINT ( 'NONE',  ( -7.456034553880308600, -7.232760231935460900, -2.310316832421810900 ) ) ;
#546 = MECHANICAL_DESIGN_GEOMETRIC_PRESENTATION_REPRESENTATION (  '', ( #548 ), #669 ) ;
#547 = PRESENTATION_LAYER_ASSIGNMENT (  '', '', ( #548 ) ) ;
#548 = STYLED_ITEM ( 'NONE', ( #549 ), #4895 ) ;
#549 = PRESENTATION_STYLE_ASSIGNMENT (( #550 ) ) ;
#550 = SURFACE_STYLE_USAGE ( .BOTH. , #551 ) ;
#551 = SURFACE_SIDE_STYLE ('',( #552 ) ) ;
#552 = SURFACE_STYLE_FILL_AREA ( #520 ) ;
#553 = COLOUR_RGB ( '',0.8313725490196077800, 0.8392156862745098200, 0.8274509803921568100 ) ;
#554 = FACE_OUTER_BOUND ( 'NONE', #4894, .T. ) ;
#555 = SURFACE_SIDE_STYLE ('',( #590 ) ) ;
#556 =( NAMED_UNIT ( * ) PLANE_ANGLE_UNIT ( ) SI_UNIT ( $, .RADIAN. ) );
#557 = CARTESIAN_POINT ( 'NONE',  ( 18.29956544611969000, 5.096630677155448400, -3.096765778438009200 ) ) ;
#558 =( NAMED_UNIT ( * ) SI_UNIT ( $, .STERADIAN. ) SOLID_ANGLE_UNIT ( ) );
#559 = LINE ( 'NONE', #545, #544 ) ;
#560 = FILL_AREA_STYLE ('',( #505 ) ) ;
#561 = PLANE ( 'NONE',  #572 ) ;
#562 = CARTESIAN_POINT ( 'NONE',  ( -6.338434553880310000, 1.161939768064540700, -4.685216832421812900 ) ) ;
#563 = AXIS2_PLACEMENT_3D ( 'NONE', #565, #536, #535 ) ;
#564 = CYLINDRICAL_SURFACE ( 'NONE', #563, 1.714500000000000800 ) ;
#565 = CARTESIAN_POINT ( 'NONE',  ( -10.30083455388031100, 0.4761397680645407800, -0.7228168324218127200 ) ) ;
#566 =( GEOMETRIC_REPRESENTATION_CONTEXT ( 3 ) GLOBAL_UNCERTAINTY_ASSIGNED_CONTEXT ( ( #578 ) ) GLOBAL_UNIT_ASSIGNED_CONTEXT ( ( #477, #521, #579 ) ) REPRESENTATION_CONTEXT ( 'NONE', 'WORKASPACE' ) );
#567 =( GEOMETRIC_REPRESENTATION_CONTEXT ( 3 ) GLOBAL_UNCERTAINTY_ASSIGNED_CONTEXT ( ( #573 ) ) GLOBAL_UNIT_ASSIGNED_CONTEXT ( ( #482, #576, #558 ) ) REPRESENTATION_CONTEXT ( 'NONE', 'WORKASPACE' ) );
#568 = CARTESIAN_POINT ( 'NONE',  ( 11.18756544611969200, 7.105539768064542000, 2.247261001211683200 ) ) ;
#569 = CARTESIAN_POINT ( 'NONE',  ( -14.36746659764859800, 5.911739768064540700, 1.017083167578189500 ) ) ;
#570 = DIRECTION ( 'NONE',  ( -0.7071067811865522400, 0.7071067811865428000, 5.335228580901557600E-017 ) ) ;
#571 = DIRECTION ( 'NONE',  ( -0.7071067811865428000, -0.7071067811865522400, -2.745965654658033700E-016 ) ) ;
#572 = AXIS2_PLACEMENT_3D ( 'NONE', #577, #571, #570 ) ;
#573 = UNCERTAINTY_MEASURE_WITH_UNIT (LENGTH_MEASURE( 1.000000000000000100E-005 ), #482, 'distance_accuracy_value', 'NONE');
#574 = PRESENTATION_STYLE_ASSIGNMENT (( #504 ) ) ;
#575 =( GEOMETRIC_REPRESENTATION_CONTEXT ( 3 ) GLOBAL_UNCERTAINTY_ASSIGNED_CONTEXT ( ( #488 ) ) GLOBAL_UNIT_ASSIGNED_CONTEXT ( ( #589, #556, #490 ) ) REPRESENTATION_CONTEXT ( 'NONE', 'WORKASPACE' ) );
#576 =( NAMED_UNIT ( * ) PLANE_ANGLE_UNIT ( ) SI_UNIT ( $, .RADIAN. ) );
#577 = CARTESIAN_POINT ( 'NONE',  ( -7.710034553880309900, -2.013060231935458700, -1.700716832421813200 ) ) ;
#578 = UNCERTAINTY_MEASURE_WITH_UNIT (LENGTH_MEASURE( 1.000000000000000100E-005 ), #477, 'distance_accuracy_value', 'NONE');
#579 =( NAMED_UNIT ( * ) SI_UNIT ( $, .STERADIAN. ) SOLID_ANGLE_UNIT ( ) );
#580 = FILL_AREA_STYLE_COLOUR ( '', #487 ) ;
#581 = DIRECTION ( 'NONE',  ( -6.697912673203516000E-017, 1.000000000000000000, -1.025202604387803400E-016 ) ) ;
#582 = SURFACE_STYLE_FILL_AREA ( #583 ) ;
#583 = FILL_AREA_STYLE ('',( #584 ) ) ;
#584 = FILL_AREA_STYLE_COLOUR ( '', #585 ) ;
#585 = COLOUR_RGB ( '',0.8313725490196077800, 0.8392156862745098200, 0.8274509803921568100 ) ;
#586 = FACE_OUTER_BOUND ( 'NONE', #6176, .T. ) ;
#587 = CARTESIAN_POINT ( 'NONE',  ( -8.586334553880309500, 0.4761397680645407800, -0.7228168324218127200 ) ) ;
#588 = FACE_OUTER_BOUND ( 'NONE', #4887, .T. ) ;
#589 =( LENGTH_UNIT ( ) NAMED_UNIT ( * ) SI_UNIT ( .MILLI., .METRE. ) );
#590 = SURFACE_STYLE_FILL_AREA ( #489 ) ;
#591 = SURFACE_SIDE_STYLE ('',( #592 ) ) ;
#592 = SURFACE_STYLE_FILL_AREA ( #646 ) ;
#593 =( GEOMETRIC_REPRESENTATION_CONTEXT ( 3 ) GLOBAL_UNCERTAINTY_ASSIGNED_CONTEXT ( ( #641 ) ) GLOBAL_UNIT_ASSIGNED_CONTEXT ( ( #604, #644, #643 ) ) REPRESENTATION_CONTEXT ( 'NONE', 'WORKASPACE' ) );
#594 = COLOUR_RGB ( '',0.8313725490196077800, 0.8392156862745098200, 0.8274509803921568100 ) ;
#595 = DIRECTION ( 'NONE',  ( 0.0000000000000000000, 0.0000000000000000000, 1.000000000000000000 ) ) ;
#596 = CARTESIAN_POINT ( 'NONE',  ( 19.06156544611969400, 5.373721586246357900, -2.670990452592119100 ) ) ;
#597 = AXIS2_PLACEMENT_3D ( 'NONE', #596, #474, #679 ) ;
#598 = PLANE ( 'NONE',  #597 ) ;
#599 = CARTESIAN_POINT ( 'NONE',  ( -14.36746659764859800, 5.911739768064540700, 1.258383167578188000 ) ) ;
#600 = LINE ( 'NONE', #640, #639 ) ;
#601 = FILL_AREA_STYLE ('',( #635 ) ) ;
#602 = MECHANICAL_DESIGN_GEOMETRIC_PRESENTATION_REPRESENTATION (  '', ( #619 ), #615 ) ;
#603 = PRESENTATION_LAYER_ASSIGNMENT (  '', '', ( #619 ) ) ;
#604 =( LENGTH_UNIT ( ) NAMED_UNIT ( * ) SI_UNIT ( .MILLI., .METRE. ) );
#605 = MECHANICAL_DESIGN_GEOMETRIC_PRESENTATION_REPRESENTATION (  '', ( #607 ), #593 ) ;
#606 = PRESENTATION_LAYER_ASSIGNMENT (  '', '', ( #607 ) ) ;
#607 = STYLED_ITEM ( 'NONE', ( #650 ), #4899 ) ;
#608 = CYLINDRICAL_SURFACE ( 'NONE', #623, 3.682999999999999800 ) ;
#609 = DIRECTION ( 'NONE',  ( 0.0000000000000000000, 0.0000000000000000000, -1.000000000000000000 ) ) ;
#610 = VECTOR ( 'NONE', #657, 1000.000000000000000 ) ;
#611 = VECTOR ( 'NONE', #642, 1000.000000000000000 ) ;
#612 = CIRCLE ( 'NONE', #616, 0.5080000000000002300 ) ;
#613 = CARTESIAN_POINT ( 'NONE',  ( -14.21243455388030900, -0.03186023193545931700, -3.491416832421813300 ) ) ;
#614 = LINE ( 'NONE', #613, #610 ) ;
#615 =( GEOMETRIC_REPRESENTATION_CONTEXT ( 3 ) GLOBAL_UNCERTAINTY_ASSIGNED_CONTEXT ( ( #655 ) ) GLOBAL_UNIT_ASSIGNED_CONTEXT ( ( #649, #662, #668 ) ) REPRESENTATION_CONTEXT ( 'NONE', 'WORKASPACE' ) );
#616 = AXIS2_PLACEMENT_3D ( 'NONE', #666, #665, #664 ) ;
#617 = CARTESIAN_POINT ( 'NONE',  ( -13.57743455388030900, 5.911739768064540700, -3.494048876190103000 ) ) ;
#618 = FACE_OUTER_BOUND ( 'NONE', #6194, .T. ) ;
#619 = STYLED_ITEM ( 'NONE', ( #620 ), #6193 ) ;
#620 = PRESENTATION_STYLE_ASSIGNMENT (( #621 ) ) ;
#621 = SURFACE_STYLE_USAGE ( .BOTH. , #591 ) ;
#622 = CARTESIAN_POINT ( 'NONE',  ( 19.06156544611969400, 7.105539768064542000, -0.009894666055310389800 ) ) ;
#623 = AXIS2_PLACEMENT_3D ( 'NONE', #622, #656, #595 ) ;
#624 = CARTESIAN_POINT ( 'NONE',  ( -14.21243455388030900, 7.105539768064542000, -3.692894666055310800 ) ) ;
#625 = DIRECTION ( 'NONE',  ( -1.000000000000000000, 0.0000000000000000000, 0.0000000000000000000 ) ) ;
#626 = DIRECTION ( 'NONE',  ( 0.0000000000000000000, 1.000000000000000000, -3.916066504679277800E-017 ) ) ;
#627 = CARTESIAN_POINT ( 'NONE',  ( -13.34883455388031100, 0.3491397680645407800, -0.7228168324218122700 ) ) ;
#628 = CARTESIAN_POINT ( 'NONE',  ( 15.14996544611969000, -2.013060231935459100, 1.238601756312078800 ) ) ;
#629 = AXIS2_PLACEMENT_3D ( 'NONE', #627, #626, #625 ) ;
#630 = CIRCLE ( 'NONE', #629, 0.1904999999999997000 ) ;
#631 = CARTESIAN_POINT ( 'NONE',  ( -13.89065900068963100, 8.125513850736888700, 0.4239186577479280800 ) ) ;
#632 = DIRECTION ( 'NONE',  ( 0.0000000000000000000, 0.0000000000000000000, -1.000000000000000000 ) ) ;
#633 = DIRECTION ( 'NONE',  ( 1.000000000000000000, -0.0000000000000000000, 0.0000000000000000000 ) ) ;
#634 = CARTESIAN_POINT ( 'NONE',  ( -14.21243455388030900, 7.105539768064542000, -0.009894666055310932800 ) ) ;
#635 = FILL_AREA_STYLE_COLOUR ( '', #654 ) ;
#636 = FACE_OUTER_BOUND ( 'NONE', #4900, .T. ) ;
#637 = DIRECTION ( 'NONE',  ( 1.084094292147378700E-016, 0.4650976089534175600, -0.8852594050027449100 ) ) ;
#639 = VECTOR ( 'NONE', #637, 1000.000000000000100 ) ;
#638 = CARTESIAN_POINT ( 'NONE',  ( -13.57743455388030900, 7.105539768064542000, -3.692894666055306400 ) ) ;
#640 = CARTESIAN_POINT ( 'NONE',  ( 18.29956544611969000, 8.582224676491643200, -2.820593276939025200 ) ) ;
#641 = UNCERTAINTY_MEASURE_WITH_UNIT (LENGTH_MEASURE( 1.000000000000000100E-005 ), #604, 'distance_accuracy_value', 'NONE');
#642 = DIRECTION ( 'NONE',  ( 0.0000000000000000000, -3.916066504679277800E-017, -1.000000000000000000 ) ) ;
#643 =( NAMED_UNIT ( * ) SI_UNIT ( $, .STERADIAN. ) SOLID_ANGLE_UNIT ( ) );
#644 =( NAMED_UNIT ( * ) PLANE_ANGLE_UNIT ( ) SI_UNIT ( $, .RADIAN. ) );
#645 = LINE ( 'NONE', #599, #611 ) ;
#646 = FILL_AREA_STYLE ('',( #647 ) ) ;
#647 = FILL_AREA_STYLE_COLOUR ( '', #594 ) ;
#648 = LINE ( 'NONE', #624, #667 ) ;
#649 =( LENGTH_UNIT ( ) NAMED_UNIT ( * ) SI_UNIT ( .MILLI., .METRE. ) );
#650 = PRESENTATION_STYLE_ASSIGNMENT (( #651 ) ) ;
#651 = SURFACE_STYLE_USAGE ( .BOTH. , #652 ) ;
#652 = SURFACE_SIDE_STYLE ('',( #653 ) ) ;
#653 = SURFACE_STYLE_FILL_AREA ( #601 ) ;
#654 = COLOUR_RGB ( '',0.8313725490196077800, 0.8392156862745098200, 0.8274509803921568100 ) ;
#655 = UNCERTAINTY_MEASURE_WITH_UNIT (LENGTH_MEASURE( 1.000000000000000100E-005 ), #649, 'distance_accuracy_value', 'NONE');
#656 = DIRECTION ( 'NONE',  ( -1.000000000000000000, 5.872771121110819100E-049, -1.224606353822377300E-016 ) ) ;
#657 = DIRECTION ( 'NONE',  ( 1.000000000000000000, -0.0000000000000000000, 0.0000000000000000000 ) ) ;
#658 = DIRECTION ( 'NONE',  ( 1.000000000000000000, -0.0000000000000000000, 0.0000000000000000000 ) ) ;
#659 = CYLINDRICAL_SURFACE ( 'NONE', #660, 3.174999999999999800 ) ;
#660 = AXIS2_PLACEMENT_3D ( 'NONE', #634, #633, #632 ) ;
#661 = CARTESIAN_POINT ( 'NONE',  ( -13.45043455388031000, 5.096630677155449300, -3.096765778438009600 ) ) ;
#662 =( NAMED_UNIT ( * ) PLANE_ANGLE_UNIT ( ) SI_UNIT ( $, .RADIAN. ) );
#663 = DIRECTION ( 'NONE',  ( 1.000000000000000000, -0.0000000000000000000, 0.0000000000000000000 ) ) ;
#664 = DIRECTION ( 'NONE',  ( 0.0000000000000000000, 0.0000000000000000000, 1.000000000000000000 ) ) ;
#665 = DIRECTION ( 'NONE',  ( 1.000000000000000000, -5.872771121110819100E-049, 1.224606353822377300E-016 ) ) ;
#666 = CARTESIAN_POINT ( 'NONE',  ( 11.18756544611969200, 4.819539768064540700, -3.522541104283899200 ) ) ;
#667 = VECTOR ( 'NONE', #658, 1000.000000000000000 ) ;
#668 =( NAMED_UNIT ( * ) SI_UNIT ( $, .STERADIAN. ) SOLID_ANGLE_UNIT ( ) );
#669 =( GEOMETRIC_REPRESENTATION_CONTEXT ( 3 ) GLOBAL_UNCERTAINTY_ASSIGNED_CONTEXT ( ( #423 ) ) GLOBAL_UNIT_ASSIGNED_CONTEXT ( ( #509, #507, #404 ) ) REPRESENTATION_CONTEXT ( 'NONE', 'WORKASPACE' ) );
#670 = CARTESIAN_POINT ( 'NONE',  ( -10.88331238751371700, 7.105539768064542000, 1.258383167578188000 ) ) ;
#671 =( LENGTH_UNIT ( ) NAMED_UNIT ( * ) SI_UNIT ( .MILLI., .METRE. ) );
#672 = MECHANICAL_DESIGN_GEOMETRIC_PRESENTATION_REPRESENTATION (  '', ( #721 ), #685 ) ;
#673 = SURFACE_STYLE_USAGE ( .BOTH. , #674 ) ;
#674 = SURFACE_SIDE_STYLE ('',( #675 ) ) ;
#675 = SURFACE_STYLE_FILL_AREA ( #681 ) ;
#676 = CARTESIAN_POINT ( 'NONE',  ( 18.90744327975318100, 7.105539768064541100, -2.704016832421814800 ) ) ;
#677 = VECTOR ( 'NONE', #719, 1000.000000000000000 ) ;
#678 = UNCERTAINTY_MEASURE_WITH_UNIT (LENGTH_MEASURE( 1.000000000000000100E-005 ), #671, 'distance_accuracy_value', 'NONE');
#679 = DIRECTION ( 'NONE',  ( 1.224606353822377300E-016, -3.916066504679276500E-017, -1.000000000000000000 ) ) ;
#680 =( NAMED_UNIT ( * ) SI_UNIT ( $, .STERADIAN. ) SOLID_ANGLE_UNIT ( ) );
#681 = FILL_AREA_STYLE ('',( #728 ) ) ;
#682 = CYLINDRICAL_SURFACE ( 'NONE', #714, 3.175000000000059800 ) ;
#683 = CARTESIAN_POINT ( 'NONE',  ( -10.88331238751374200, 7.105539768064541100, 1.258383167578188000 ) ) ;
#684 =( NAMED_UNIT ( * ) PLANE_ANGLE_UNIT ( ) SI_UNIT ( $, .RADIAN. ) );
#685 =( GEOMETRIC_REPRESENTATION_CONTEXT ( 3 ) GLOBAL_UNCERTAINTY_ASSIGNED_CONTEXT ( ( #678 ) ) GLOBAL_UNIT_ASSIGNED_CONTEXT ( ( #671, #708, #680 ) ) REPRESENTATION_CONTEXT ( 'NONE', 'WORKASPACE' ) );
#686 = COLOUR_RGB ( '',0.8313725490196077800, 0.8392156862745098200, 0.8274509803921568100 ) ;
#687 = LINE ( 'NONE', #718, #677 ) ;
#688 = DIRECTION ( 'NONE',  ( -6.123031769111886300E-017, -3.916066504679277800E-017, -1.000000000000000000 ) ) ;
#689 = FILL_AREA_STYLE ('',( #690 ) ) ;
#690 = FILL_AREA_STYLE_COLOUR ( '', #691 ) ;
#691 = COLOUR_RGB ( '',0.8313725490196077800, 0.8392156862745098200, 0.8274509803921568100 ) ;
#692 = FACE_OUTER_BOUND ( 'NONE', #4916, .T. ) ;
#693 = CARTESIAN_POINT ( 'NONE',  ( 11.18756544611969200, 1.161939768064540900, 2.731583167578185600 ) ) ;
#694 = DIRECTION ( 'NONE',  ( -1.000000000000000000, 5.872771121110819100E-049, -1.224606353822377300E-016 ) ) ;
#695 = VECTOR ( 'NONE', #694, 1000.000000000000000 ) ;
#696 = CARTESIAN_POINT ( 'NONE',  ( 19.06156544611969400, 1.161939768064540900, 2.731583167578186500 ) ) ;
#697 = FACE_OUTER_BOUND ( 'NONE', #6232, .T. ) ;
#698 =( LENGTH_UNIT ( ) NAMED_UNIT ( * ) SI_UNIT ( .MILLI., .METRE. ) );
#699 = MECHANICAL_DESIGN_GEOMETRIC_PRESENTATION_REPRESENTATION (  '', ( #701 ), #777 ) ;
#700 = PRESENTATION_LAYER_ASSIGNMENT (  '', '', ( #701 ) ) ;
#701 = STYLED_ITEM ( 'NONE', ( #702 ), #4915 ) ;
#702 = PRESENTATION_STYLE_ASSIGNMENT (( #703 ) ) ;
#703 = SURFACE_STYLE_USAGE ( .BOTH. , #704 ) ;
#704 = SURFACE_SIDE_STYLE ('',( #706 ) ) ;
#705 = CARTESIAN_POINT ( 'NONE',  ( -13.53933455388030900, 0.3491397680645407800, -0.7228168324218122700 ) ) ;
#706 = SURFACE_STYLE_FILL_AREA ( #689 ) ;
#707 = CARTESIAN_POINT ( 'NONE',  ( 19.06156544611969400, 3.790321655774571600, -3.481022149365435900 ) ) ;
#708 =( NAMED_UNIT ( * ) PLANE_ANGLE_UNIT ( ) SI_UNIT ( $, .RADIAN. ) );
#709 = CIRCLE ( 'NONE', #727, 3.683000000000084700 ) ;
#710 =( LENGTH_UNIT ( ) NAMED_UNIT ( * ) SI_UNIT ( .MILLI., .METRE. ) );
#711 = CARTESIAN_POINT ( 'NONE',  ( -13.84847834386670600, 8.242321027757533600, 0.7057108336113580000 ) ) ;
#712 = DIRECTION ( 'NONE',  ( -1.000000000000000000, 0.0000000000000000000, 0.0000000000000000000 ) ) ;
#713 = DIRECTION ( 'NONE',  ( 0.0000000000000000000, -3.916066504679277800E-017, -1.000000000000000000 ) ) ;
#714 = AXIS2_PLACEMENT_3D ( 'NONE', #683, #713, #712 ) ;
#715 = CARTESIAN_POINT ( 'NONE',  ( -13.83550927119212800, 8.273939768064542100, 1.017083167578189300 ) ) ;
#716 = CARTESIAN_POINT ( 'NONE',  ( -13.83550927119213000, 8.273939768064542100, 0.8606785157531607900 ) ) ;
#717 = MECHANICAL_DESIGN_GEOMETRIC_PRESENTATION_REPRESENTATION (  '', ( #723 ), #1406 ) ;
#718 = CARTESIAN_POINT ( 'NONE',  ( 19.06156544611969400, 1.708356347983652500, -4.552825029671815600 ) ) ;
#719 = DIRECTION ( 'NONE',  ( 5.605170175932631300E-017, -0.8891005170464086900, -0.4577119952413403200 ) ) ;
#720 = PRESENTATION_LAYER_ASSIGNMENT (  '', '', ( #721 ) ) ;
#721 = STYLED_ITEM ( 'NONE', ( #722 ), #6200 ) ;
#722 = PRESENTATION_STYLE_ASSIGNMENT (( #673 ) ) ;
#723 = STYLED_ITEM ( 'NONE', ( #426 ), #4313 ) ;
#724 = DIRECTION ( 'NONE',  ( 1.000000000000000000, 0.0000000000000000000, -5.887603434621121800E-017 ) ) ;
#725 = PRESENTATION_LAYER_ASSIGNMENT (  '', '', ( #723 ) ) ;
#726 = CARTESIAN_POINT ( 'NONE',  ( 19.06156544611969400, 1.475838654401052200, 2.655528302168614000 ) ) ;
#727 = AXIS2_PLACEMENT_3D ( 'NONE', #670, #688, #724 ) ;
#728 = FILL_AREA_STYLE_COLOUR ( '', #686 ) ;
#729 = LINE ( 'NONE', #696, #695 ) ;
#730 = CARTESIAN_POINT ( 'NONE',  ( 19.06156544611969400, 1.708356347983652500, -4.552825029671815600 ) ) ;
#731 = FILL_AREA_STYLE ('',( #791 ) ) ;
#732 =( NAMED_UNIT ( * ) SI_UNIT ( $, .STERADIAN. ) SOLID_ANGLE_UNIT ( ) );
#733 =( LENGTH_UNIT ( ) NAMED_UNIT ( * ) SI_UNIT ( .MILLI., .METRE. ) );
#734 = MECHANICAL_DESIGN_GEOMETRIC_PRESENTATION_REPRESENTATION (  '', ( #737 ), #870 ) ;
#735 = SURFACE_SIDE_STYLE ('',( #797 ) ) ;
#736 = PRESENTATION_LAYER_ASSIGNMENT (  '', '', ( #737 ) ) ;
#737 = STYLED_ITEM ( 'NONE', ( #738 ), #4923 ) ;
#738 = PRESENTATION_STYLE_ASSIGNMENT (( #758 ) ) ;
#739 = CARTESIAN_POINT ( 'NONE',  ( -14.21243455388030900, 1.161939768064540700, -4.685216832421812900 ) ) ;
#740 = DIRECTION ( 'NONE',  ( 0.0000000000000000000, 0.0000000000000000000, -1.000000000000000000 ) ) ;
#741 = DIRECTION ( 'NONE',  ( 1.000000000000000000, -0.0000000000000000000, 0.0000000000000000000 ) ) ;
#742 = CARTESIAN_POINT ( 'NONE',  ( -14.21243455388030900, 1.161939768064540700, -3.491416832421812900 ) ) ;
#743 = AXIS2_PLACEMENT_3D ( 'NONE', #742, #741, #740 ) ;
#744 = CIRCLE ( 'NONE', #743, 1.193800000000000000 ) ;
#745 = SURFACE_STYLE_USAGE ( .BOTH. , #735 ) ;
#746 = CARTESIAN_POINT ( 'NONE',  ( 19.06156544611969400, 11.48652165577457200, -3.736597793554087500 ) ) ;
#747 = PLANE ( 'NONE',  #749 ) ;
#748 = MECHANICAL_DESIGN_GEOMETRIC_PRESENTATION_REPRESENTATION (  '', ( #755 ), #807 ) ;
#749 = AXIS2_PLACEMENT_3D ( 'NONE', #746, #823, #822 ) ;
#750 = UNCERTAINTY_MEASURE_WITH_UNIT (LENGTH_MEASURE( 1.000000000000000100E-005 ), #698, 'distance_accuracy_value', 'NONE');
#751 = VECTOR ( 'NONE', #764, 1000.000000000000100 ) ;
#752 = CARTESIAN_POINT ( 'NONE',  ( 17.10576544611969000, 11.48652165577457200, -3.736597793554087500 ) ) ;
#754 = LINE ( 'NONE', #752, #751 ) ;
#753 = PRESENTATION_LAYER_ASSIGNMENT (  '', '', ( #755 ) ) ;
#756 = FILL_AREA_STYLE_COLOUR ( '', #762 ) ;
#755 = STYLED_ITEM ( 'NONE', ( #776 ), #6201 ) ;
#757 = FACE_OUTER_BOUND ( 'NONE', #6202, .T. ) ;
#758 = SURFACE_STYLE_USAGE ( .BOTH. , #759 ) ;
#759 = SURFACE_SIDE_STYLE ('',( #760 ) ) ;
#760 = SURFACE_STYLE_FILL_AREA ( #761 ) ;
#761 = FILL_AREA_STYLE ('',( #756 ) ) ;
#762 = COLOUR_RGB ( '',0.8313725490196077800, 0.8392156862745098200, 0.8274509803921568100 ) ;
#763 = FACE_OUTER_BOUND ( 'NONE', #4924, .T. ) ;
#764 = DIRECTION ( 'NONE',  ( 1.109091082874421800E-016, -0.4239800939173769000, -0.9056715077564337900 ) ) ;
#765 =( NAMED_UNIT ( * ) PLANE_ANGLE_UNIT ( ) SI_UNIT ( $, .RADIAN. ) );
#766 = UNCERTAINTY_MEASURE_WITH_UNIT (LENGTH_MEASURE( 1.000000000000000100E-005 ), #733, 'distance_accuracy_value', 'NONE');
#767 = CARTESIAN_POINT ( 'NONE',  ( -11.27873455388031200, -0.3620602319354595500, -1.700716832421814700 ) ) ;
#768 = AXIS2_PLACEMENT_3D ( 'NONE', #767, #814, #813 ) ;
#769 =( NAMED_UNIT ( * ) SI_UNIT ( $, .STERADIAN. ) SOLID_ANGLE_UNIT ( ) );
#770 = UNCERTAINTY_MEASURE_WITH_UNIT (LENGTH_MEASURE( 1.000000000000000100E-005 ), #805, 'distance_accuracy_value', 'NONE');
#771 =( NAMED_UNIT ( * ) SI_UNIT ( $, .STERADIAN. ) SOLID_ANGLE_UNIT ( ) );
#772 = COLOUR_RGB ( '',0.8313725490196077800, 0.8392156862745098200, 0.8274509803921568100 ) ;
#773 = MECHANICAL_DESIGN_GEOMETRIC_PRESENTATION_REPRESENTATION (  '', ( #775 ), #789 ) ;
#774 = PRESENTATION_LAYER_ASSIGNMENT (  '', '', ( #775 ) ) ;
#775 = STYLED_ITEM ( 'NONE', ( #816 ), #6204 ) ;
#776 = PRESENTATION_STYLE_ASSIGNMENT (( #745 ) ) ;
#777 =( GEOMETRIC_REPRESENTATION_CONTEXT ( 3 ) GLOBAL_UNCERTAINTY_ASSIGNED_CONTEXT ( ( #750 ) ) GLOBAL_UNIT_ASSIGNED_CONTEXT ( ( #698, #800, #732 ) ) REPRESENTATION_CONTEXT ( 'NONE', 'WORKASPACE' ) );
#778 = UNCERTAINTY_MEASURE_WITH_UNIT (LENGTH_MEASURE( 1.000000000000000100E-005 ), #799, 'distance_accuracy_value', 'NONE');
#779 = DIRECTION ( 'NONE',  ( 1.000000000000000000, -0.0000000000000000000, 0.0000000000000000000 ) ) ;
#780 = CARTESIAN_POINT ( 'NONE',  ( -14.21243455388030900, 1.475838654401051800, -4.101161967012240300 ) ) ;
#781 = FILL_AREA_STYLE_COLOUR ( '', #809 ) ;
#782 = CARTESIAN_POINT ( 'NONE',  ( -13.97748575830030900, 7.825886225162999900, 0.07868115119640796400 ) ) ;
#783 = CARTESIAN_POINT ( 'NONE',  ( -14.00594996270723200, 7.697225445619160700, -0.009201366405586766300 ) ) ;
#784 = CARTESIAN_POINT ( 'NONE',  ( -14.04641786399121600, 7.414928054384189300, -0.1295646108364053900 ) ) ;
#785 = CARTESIAN_POINT ( 'NONE',  ( -14.05831238751380500, 7.261622318306937300, -0.1622701468547284300 ) ) ;
#786 = CARTESIAN_POINT ( 'NONE',  ( -14.05831238751380100, 7.105539768064541100, -0.1639485508781778900 ) ) ;
#787 =( GEOMETRIC_REPRESENTATION_CONTEXT ( 3 ) GLOBAL_UNCERTAINTY_ASSIGNED_CONTEXT ( ( #922 ) ) GLOBAL_UNIT_ASSIGNED_CONTEXT ( ( #830, #924, #923 ) ) REPRESENTATION_CONTEXT ( 'NONE', 'WORKASPACE' ) );
#788 = CYLINDRICAL_SURFACE ( 'NONE', #796, 1.193800000000000000 ) ;
#789 =( GEOMETRIC_REPRESENTATION_CONTEXT ( 3 ) GLOBAL_UNCERTAINTY_ASSIGNED_CONTEXT ( ( #770 ) ) GLOBAL_UNIT_ASSIGNED_CONTEXT ( ( #805, #765, #771 ) ) REPRESENTATION_CONTEXT ( 'NONE', 'WORKASPACE' ) );
#790 =( NAMED_UNIT ( * ) PLANE_ANGLE_UNIT ( ) SI_UNIT ( $, .RADIAN. ) );
#791 = FILL_AREA_STYLE_COLOUR ( '', #772 ) ;
#792 = CARTESIAN_POINT ( 'NONE',  ( -14.21243455388030900, -0.03186023193545931700, -3.491416832421813300 ) ) ;
#793 = DIRECTION ( 'NONE',  ( 0.0000000000000000000, 0.0000000000000000000, -1.000000000000000000 ) ) ;
#794 = DIRECTION ( 'NONE',  ( 1.000000000000000000, -0.0000000000000000000, 0.0000000000000000000 ) ) ;
#795 = CARTESIAN_POINT ( 'NONE',  ( -14.21243455388030900, 1.161939768064540700, -3.491416832421812900 ) ) ;
#796 = AXIS2_PLACEMENT_3D ( 'NONE', #795, #794, #793 ) ;
#797 = SURFACE_STYLE_FILL_AREA ( #731 ) ;
#798 =( NAMED_UNIT ( * ) SI_UNIT ( $, .STERADIAN. ) SOLID_ANGLE_UNIT ( ) );
#799 =( LENGTH_UNIT ( ) NAMED_UNIT ( * ) SI_UNIT ( .MILLI., .METRE. ) );
#800 =( NAMED_UNIT ( * ) PLANE_ANGLE_UNIT ( ) SI_UNIT ( $, .RADIAN. ) );
#801 = CARTESIAN_POINT ( 'NONE',  ( 18.29956544611969300, 9.485527622608366000, -2.799854580541274900 ) ) ;
#802 = DIRECTION ( 'NONE',  ( -5.192087169054285300E-017, -0.9056715077564335700, 0.4239800939173774000 ) ) ;
#803 = VECTOR ( 'NONE', #802, 1000.000000000000200 ) ;
#804 = CARTESIAN_POINT ( 'NONE',  ( 11.18756544611969200, 9.485527622608367800, -2.799854580541278000 ) ) ;
#805 =( LENGTH_UNIT ( ) NAMED_UNIT ( * ) SI_UNIT ( .MILLI., .METRE. ) );
#806 = PLANE ( 'NONE',  #768 ) ;
#807 =( GEOMETRIC_REPRESENTATION_CONTEXT ( 3 ) GLOBAL_UNCERTAINTY_ASSIGNED_CONTEXT ( ( #778 ) ) GLOBAL_UNIT_ASSIGNED_CONTEXT ( ( #799, #815, #798 ) ) REPRESENTATION_CONTEXT ( 'NONE', 'WORKASPACE' ) );
#808 = B_SPLINE_CURVE_WITH_KNOTS ( 'NONE', 3,
 ( #786, #785, #784, #783, #782, #534, #631, #711, #716, #715 ),
 .UNSPECIFIED., .F., .F.,
 ( 4, 2, 2, 2, 4 ),
 ( 1.252448928530484900E-005, 0.0004747578626363061600, 0.0009369912359873074700, 0.001399224609338308700, 0.001861457982689310100 ),
 .UNSPECIFIED. ) ;
#809 = COLOUR_RGB ( '',0.8313725490196077800, 0.8392156862745098200, 0.8274509803921568100 ) ;
#810 = FACE_OUTER_BOUND ( 'NONE', #6205, .T. ) ;
#811 = VECTOR ( 'NONE', #779, 1000.000000000000000 ) ;
#812 = LINE ( 'NONE', #780, #811 ) ;
#813 = DIRECTION ( 'NONE',  ( -5.551115123125782100E-017, -1.025202604387803400E-016, -1.000000000000000000 ) ) ;
#814 = DIRECTION ( 'NONE',  ( -6.697912673203516000E-017, 1.000000000000000000, -1.025202604387803400E-016 ) ) ;
#815 =( NAMED_UNIT ( * ) PLANE_ANGLE_UNIT ( ) SI_UNIT ( $, .RADIAN. ) );
#816 = PRESENTATION_STYLE_ASSIGNMENT (( #817 ) ) ;
#817 = SURFACE_STYLE_USAGE ( .BOTH. , #818 ) ;
#818 = SURFACE_SIDE_STYLE ('',( #819 ) ) ;
#819 = SURFACE_STYLE_FILL_AREA ( #820 ) ;
#820 = FILL_AREA_STYLE ('',( #781 ) ) ;
#821 = LINE ( 'NONE', #804, #803 ) ;
#822 = DIRECTION ( 'NONE',  ( -1.109091082874421300E-016, 0.4239800939173769000, 0.9056715077564337900 ) ) ;
#823 = DIRECTION ( 'NONE',  ( 5.192087169054280400E-017, 0.9056715077564339000, -0.4239800939173769500 ) ) ;
#824 = AXIS2_PLACEMENT_3D ( 'NONE', #908, #902, #876 ) ;
#825 = DIRECTION ( 'NONE',  ( -1.000000000000000000, 5.872771121110819100E-049, -1.224606353822377300E-016 ) ) ;
#826 = VECTOR ( 'NONE', #825, 1000.000000000000000 ) ;
#827 = CARTESIAN_POINT ( 'NONE',  ( 18.42656544611968900, 8.273939768064542100, -2.962091549733633300 ) ) ;
#828 = LINE ( 'NONE', #827, #826 ) ;
#829 = CARTESIAN_POINT ( 'NONE',  ( 18.29956544611969000, 4.819539768064540700, -3.522541104283898300 ) ) ;
#830 =( LENGTH_UNIT ( ) NAMED_UNIT ( * ) SI_UNIT ( .MILLI., .METRE. ) );
#831 = MECHANICAL_DESIGN_GEOMETRIC_PRESENTATION_REPRESENTATION (  '', ( #834 ), #787 ) ;
#833 = FACE_OUTER_BOUND ( 'NONE', #4962, .T. ) ;
#832 = PRESENTATION_LAYER_ASSIGNMENT (  '', '', ( #834 ) ) ;
#834 = STYLED_ITEM ( 'NONE', ( #835 ), #6244 ) ;
#835 = PRESENTATION_STYLE_ASSIGNMENT (( #836 ) ) ;
#836 = SURFACE_STYLE_USAGE ( .BOTH. , #837 ) ;
#837 = SURFACE_SIDE_STYLE ('',( #838 ) ) ;
#838 = SURFACE_STYLE_FILL_AREA ( #859 ) ;
#839 = DIRECTION ( 'NONE',  ( 0.0000000000000000000, 1.000000000000000000, -3.916066504679277800E-017 ) ) ;
#840 = CARTESIAN_POINT ( 'NONE',  ( -10.30083455388031100, 0.4761397680645407800, -0.7228168324218127200 ) ) ;
#841 = AXIS2_PLACEMENT_3D ( 'NONE', #840, #839, #907 ) ;
#842 = CARTESIAN_POINT ( 'NONE',  ( 19.06156544611969400, 9.485527622608367800, -2.799854580541277100 ) ) ;
#843 = CARTESIAN_POINT ( 'NONE',  ( -14.56629049089698600, 7.092839768064540500, -0.1640168324218107500 ) ) ;
#844 = CARTESIAN_POINT ( 'NONE',  ( -14.21243455388030900, 1.161939768064540700, -3.491416832421812900 ) ) ;
#845 = CARTESIAN_POINT ( 'NONE',  ( 12.38136544611969100, 11.48652165577457200, -3.736597793554088400 ) ) ;
#846 = LINE ( 'NONE', #845, #889 ) ;
#847 =( NAMED_UNIT ( * ) SI_UNIT ( $, .STERADIAN. ) SOLID_ANGLE_UNIT ( ) );
#848 = CARTESIAN_POINT ( 'NONE',  ( 19.06156544611969400, 9.270145734898340700, -3.259935706481545300 ) ) ;
#849 = AXIS2_PLACEMENT_3D ( 'NONE', #848, #911, #910 ) ;
#850 = DIRECTION ( 'NONE',  ( 0.0000000000000000000, -3.916066504679277800E-017, -1.000000000000000000 ) ) ;
#851 = VECTOR ( 'NONE', #850, 1000.000000000000000 ) ;
#852 = CARTESIAN_POINT ( 'NONE',  ( -14.05831238751380100, 7.105539768064541100, 1.258383167578188000 ) ) ;
#853 = LINE ( 'NONE', #852, #851 ) ;
#854 = DIRECTION ( 'NONE',  ( 0.0000000000000000000, -3.916066504679277800E-017, -1.000000000000000000 ) ) ;
#855 = VECTOR ( 'NONE', #920, 1000.000000000000000 ) ;
#857 = DIRECTION ( 'NONE',  ( 1.109091082874421100E-016, -0.4239800939173774000, -0.9056715077564336800 ) ) ;
#856 = LINE ( 'NONE', #928, #927 ) ;
#858 = CARTESIAN_POINT ( 'NONE',  ( -14.21243455388030900, 1.161939768064540700, -4.685216832421812900 ) ) ;
#860 = UNCERTAINTY_MEASURE_WITH_UNIT (LENGTH_MEASURE( 1.000000000000000100E-005 ), #904, 'distance_accuracy_value', 'NONE');
#859 = FILL_AREA_STYLE ('',( #867 ) ) ;
#861 = COLOUR_RGB ( '',0.8313725490196077800, 0.8392156862745098200, 0.8274509803921568100 ) ;
#862 = FACE_OUTER_BOUND ( 'NONE', #6243, .T. ) ;
#863 = DIRECTION ( 'NONE',  ( 1.000000000000000000, 6.697912673203516000E-017, -5.551115123125782700E-017 ) ) ;
#864 = VECTOR ( 'NONE', #863, 1000.000000000000000 ) ;
#865 = CARTESIAN_POINT ( 'NONE',  ( -9.322934553880307000, -0.3620602319354595500, -1.700716832421814700 ) ) ;
#866 = LINE ( 'NONE', #865, #864 ) ;
#867 = FILL_AREA_STYLE_COLOUR ( '', #861 ) ;
#868 = DIRECTION ( 'NONE',  ( -1.000000000000000000, -6.697912673203516000E-017, 5.551115123125782700E-017 ) ) ;
#869 = VECTOR ( 'NONE', #868, 1000.000000000000000 ) ;
#870 =( GEOMETRIC_REPRESENTATION_CONTEXT ( 3 ) GLOBAL_UNCERTAINTY_ASSIGNED_CONTEXT ( ( #766 ) ) GLOBAL_UNIT_ASSIGNED_CONTEXT ( ( #733, #790, #769 ) ) REPRESENTATION_CONTEXT ( 'NONE', 'WORKASPACE' ) );
#871 = CARTESIAN_POINT ( 'NONE',  ( -9.322934553880307000, -0.3620602319354591100, 0.2550831675781880000 ) ) ;
#872 = DIRECTION ( 'NONE',  ( 0.0000000000000000000, 0.0000000000000000000, 1.000000000000000000 ) ) ;
#873 = CIRCLE ( 'NONE', #896, 0.6858000000000003000 ) ;
#874 = VECTOR ( 'NONE', #916, 1000.000000000000000 ) ;
#875 = CARTESIAN_POINT ( 'NONE',  ( -9.322934553880307000, -0.3620602319354591100, 0.2550831675781880000 ) ) ;
#876 = DIRECTION ( 'NONE',  ( 0.0000000000000000000, 0.0000000000000000000, -1.000000000000000000 ) ) ;
#877 = DIRECTION ( 'NONE',  ( 1.000000000000000000, -0.0000000000000000000, -0.0000000000000000000 ) ) ;
#878 = DIRECTION ( 'NONE',  ( 6.697912673203516000E-017, -1.000000000000000000, 1.025202604387803800E-016 ) ) ;
#879 = VECTOR ( 'NONE', #878, 1000.000000000000000 ) ;
#880 = CARTESIAN_POINT ( 'NONE',  ( -11.27873455388031200, -0.3620602319354595500, -1.700716832421814700 ) ) ;
#881 = LINE ( 'NONE', #880, #879 ) ;
#882 = CARTESIAN_POINT ( 'NONE',  ( -13.83550927119212800, 8.273939768064542100, 1.017083167578189300 ) ) ;
#883 = DIRECTION ( 'NONE',  ( 1.000000000000000000, -0.0000000000000000000, -0.0000000000000000000 ) ) ;
#884 = CARTESIAN_POINT ( 'NONE',  ( -14.21243455388030900, 1.161939768064540700, -4.177216832421812900 ) ) ;
#885 =( NAMED_UNIT ( * ) SI_UNIT ( $, .STERADIAN. ) SOLID_ANGLE_UNIT ( ) );
#886 = CIRCLE ( 'NONE', #824, 1.193800000000000000 ) ;
#887 = CARTESIAN_POINT ( 'NONE',  ( 12.38136544611969100, 11.27113976806454300, -4.196678919494357500 ) ) ;
#888 = DIRECTION ( 'NONE',  ( -1.109091082874421300E-016, 0.4239800939173769000, 0.9056715077564337900 ) ) ;
#889 = VECTOR ( 'NONE', #888, 1000.000000000000100 ) ;
#890 = PRESENTATION_LAYER_ASSIGNMENT (  '', '', ( #891 ) ) ;
#891 = STYLED_ITEM ( 'NONE', ( #901 ), #4925 ) ;
#892 = CIRCLE ( 'NONE', #841, 1.714500000000000800 ) ;
#893 = SURFACE_SIDE_STYLE ('',( #894 ) ) ;
#894 = SURFACE_STYLE_FILL_AREA ( #913 ) ;
#895 = LINE ( 'NONE', #858, #855 ) ;
#896 = AXIS2_PLACEMENT_3D ( 'NONE', #844, #877, #872 ) ;
#897 = DIRECTION ( 'NONE',  ( 0.0000000000000000000, 1.000000000000000000, 0.0000000000000000000 ) ) ;
#898 = DIRECTION ( 'NONE',  ( 0.0000000000000000000, -3.916066504679277800E-017, -1.000000000000000000 ) ) ;
#899 = CARTESIAN_POINT ( 'NONE',  ( -12.93836410131906300, 0.2221397680645407800, -0.7228168324218122700 ) ) ;
#900 = AXIS2_PLACEMENT_3D ( 'NONE', #899, #898, #897 ) ;
#901 = PRESENTATION_STYLE_ASSIGNMENT (( #903 ) ) ;
#903 = SURFACE_STYLE_USAGE ( .BOTH. , #893 ) ;
#902 = DIRECTION ( 'NONE',  ( 1.000000000000000000, -0.0000000000000000000, 0.0000000000000000000 ) ) ;
#904 =( LENGTH_UNIT ( ) NAMED_UNIT ( * ) SI_UNIT ( .MILLI., .METRE. ) );
#905 = MECHANICAL_DESIGN_GEOMETRIC_PRESENTATION_REPRESENTATION (  '', ( #891 ), #929 ) ;
#906 = LINE ( 'NONE', #875, #874 ) ;
#907 = DIRECTION ( 'NONE',  ( -1.000000000000000000, 0.0000000000000000000, 0.0000000000000000000 ) ) ;
#908 = CARTESIAN_POINT ( 'NONE',  ( -6.338434553880310000, 1.161939768064540700, -3.491416832421812900 ) ) ;
#909 = DIRECTION ( 'NONE',  ( 5.192087169054285900E-017, 0.9056715077564336800, -0.4239800939173774000 ) ) ;
#910 = DIRECTION ( 'NONE',  ( 5.192087169054285900E-017, 0.9056715077564336800, -0.4239800939173774000 ) ) ;
#911 = DIRECTION ( 'NONE',  ( 1.109091082874421100E-016, -0.4239800939173774000, -0.9056715077564336800 ) ) ;
#912 = CARTESIAN_POINT ( 'NONE',  ( -6.338434553880310000, 1.475838654401051800, -4.101161967012240300 ) ) ;
#913 = FILL_AREA_STYLE ('',( #914 ) ) ;
#914 = FILL_AREA_STYLE_COLOUR ( '', #921 ) ;
#915 = CARTESIAN_POINT ( 'NONE',  ( -9.322934553880307000, -0.3620602319354591100, 0.2550831675781880000 ) ) ;
#916 = DIRECTION ( 'NONE',  ( 5.551115123125782100E-017, 1.025202604387803400E-016, 1.000000000000000000 ) ) ;
#917 = LINE ( 'NONE', #871, #869 ) ;
#918 = PLANE ( 'NONE',  #926 ) ;
#919 =( NAMED_UNIT ( * ) PLANE_ANGLE_UNIT ( ) SI_UNIT ( $, .RADIAN. ) );
#920 = DIRECTION ( 'NONE',  ( 1.000000000000000000, -0.0000000000000000000, 0.0000000000000000000 ) ) ;
#921 = COLOUR_RGB ( '',0.8313725490196077800, 0.8392156862745098200, 0.8274509803921568100 ) ;
#922 = UNCERTAINTY_MEASURE_WITH_UNIT (LENGTH_MEASURE( 1.000000000000000100E-005 ), #830, 'distance_accuracy_value', 'NONE');
#923 =( NAMED_UNIT ( * ) SI_UNIT ( $, .STERADIAN. ) SOLID_ANGLE_UNIT ( ) );
#924 =( NAMED_UNIT ( * ) PLANE_ANGLE_UNIT ( ) SI_UNIT ( $, .RADIAN. ) );
#925 = PLANE ( 'NONE',  #849 ) ;
#926 = AXIS2_PLACEMENT_3D ( 'NONE', #842, #857, #909 ) ;
#927 = VECTOR ( 'NONE', #936, 1000.000000000000000 ) ;
#928 = CARTESIAN_POINT ( 'NONE',  ( -9.322934553880307000, -0.3620602319354595500, -1.700716832421814700 ) ) ;
#929 =( GEOMETRIC_REPRESENTATION_CONTEXT ( 3 ) GLOBAL_UNCERTAINTY_ASSIGNED_CONTEXT ( ( #860 ) ) GLOBAL_UNIT_ASSIGNED_CONTEXT ( ( #904, #919, #885 ) ) REPRESENTATION_CONTEXT ( 'NONE', 'WORKASPACE' ) );
#930 = CARTESIAN_POINT ( 'NONE',  ( -6.338434553880310000, -0.03186023193545931700, -3.491416832421813300 ) ) ;
#931 = VECTOR ( 'NONE', #854, 1000.000000000000000 ) ;
#932 = CARTESIAN_POINT ( 'NONE',  ( -13.83550927119212800, 8.273939768064542100, 1.258383167578188000 ) ) ;
#933 = LINE ( 'NONE', #932, #931 ) ;
#934 = CARTESIAN_POINT ( 'NONE',  ( -14.36746659764859800, 5.911739768064540700, 1.258383167578188000 ) ) ;
#935 = CIRCLE ( 'NONE', #900, 0.2540000000000000000 ) ;
#936 = DIRECTION ( 'NONE',  ( 1.000000000000000000, 6.697912673203516000E-017, -5.551115123125782700E-017 ) ) ;
#937 = DIRECTION ( 'NONE',  ( 0.0000000000000000000, 0.0000000000000000000, 1.000000000000000000 ) ) ;
#938 = DIRECTION ( 'NONE',  ( -1.000000000000000000, 5.872771121110819100E-049, -1.224606353822377300E-016 ) ) ;
#939 = CYLINDRICAL_SURFACE ( 'NONE', #974, 3.683000000000083800 ) ;
#940 = COLOUR_RGB ( '',0.8313725490196077800, 0.8392156862745098200, 0.8274509803921568100 ) ;
#941 = MECHANICAL_DESIGN_GEOMETRIC_PRESENTATION_REPRESENTATION (  '', ( #1009 ), #960 ) ;
#942 = FILL_AREA_STYLE_COLOUR ( '', #1006 ) ;
#943 = FACE_OUTER_BOUND ( 'NONE', #6259, .T. ) ;
#944 = FILL_AREA_STYLE_COLOUR ( '', #940 ) ;
#945 = DIRECTION ( 'NONE',  ( 0.0000000000000000000, -1.000000000000000000, 3.916066504679277800E-017 ) ) ;
#946 = VECTOR ( 'NONE', #945, 1000.000000000000000 ) ;
#947 = CARTESIAN_POINT ( 'NONE',  ( -8.586334553880309500, 0.4761397680645407800, -0.7228168324218127200 ) ) ;
#948 =( GEOMETRIC_REPRESENTATION_CONTEXT ( 3 ) GLOBAL_UNCERTAINTY_ASSIGNED_CONTEXT ( ( #1013 ) ) GLOBAL_UNIT_ASSIGNED_CONTEXT ( ( #956, #1020, #1001 ) ) REPRESENTATION_CONTEXT ( 'NONE', 'WORKASPACE' ) );
#949 = PRESENTATION_STYLE_ASSIGNMENT (( #950 ) ) ;
#950 = SURFACE_STYLE_USAGE ( .BOTH. , #1007 ) ;
#951 = LINE ( 'NONE', #1066, #1088 ) ;
#952 = CARTESIAN_POINT ( 'NONE',  ( -14.56629049089698600, 7.092839768064540500, -0.1640168324218107500 ) ) ;
#953 = FILL_AREA_STYLE ('',( #944 ) ) ;
#954 = CARTESIAN_POINT ( 'NONE',  ( -13.57743455388030900, 7.105539768064542000, -3.184894666055306400 ) ) ;
#955 = CARTESIAN_POINT ( 'NONE',  ( -13.57743455388030900, 8.273939768064542100, -2.962091549733633800 ) ) ;
#956 =( LENGTH_UNIT ( ) NAMED_UNIT ( * ) SI_UNIT ( .MILLI., .METRE. ) );
#957 = AXIS2_PLACEMENT_3D ( 'NONE', #959, #938, #937 ) ;
#958 = CYLINDRICAL_SURFACE ( 'NONE', #957, 1.016000000000000000 ) ;
#959 = CARTESIAN_POINT ( 'NONE',  ( 19.06156544611969400, 4.819539768064540700, -3.522541104283898300 ) ) ;
#960 =( GEOMETRIC_REPRESENTATION_CONTEXT ( 3 ) GLOBAL_UNCERTAINTY_ASSIGNED_CONTEXT ( ( #996 ) ) GLOBAL_UNIT_ASSIGNED_CONTEXT ( ( #1017, #962, #997 ) ) REPRESENTATION_CONTEXT ( 'NONE', 'WORKASPACE' ) );
#961 = FACE_OUTER_BOUND ( 'NONE', #4932, .T. ) ;
#962 =( NAMED_UNIT ( * ) PLANE_ANGLE_UNIT ( ) SI_UNIT ( $, .RADIAN. ) );
#963 = DIRECTION ( 'NONE',  ( -5.192087169054285300E-017, -0.9056715077564335700, 0.4239800939173774000 ) ) ;
#964 = VECTOR ( 'NONE', #963, 1000.000000000000200 ) ;
#965 = CARTESIAN_POINT ( 'NONE',  ( 11.18756544611969200, 9.270145734898340700, -3.259935706481546200 ) ) ;
#966 = LINE ( 'NONE', #965, #964 ) ;
#968 = DIRECTION ( 'NONE',  ( 1.000000000000000000, -1.250846150945177000E-016, 1.224606353822377300E-016 ) ) ;
#967 = DIRECTION ( 'NONE',  ( 0.0000000000000000000, -1.000000000000000000, 3.916066504679277800E-017 ) ) ;
#969 = CARTESIAN_POINT ( 'NONE',  ( -13.34883455388031100, 0.4761397680645407800, -0.7228168324218122700 ) ) ;
#970 = AXIS2_PLACEMENT_3D ( 'NONE', #969, #967, #990 ) ;
#971 = SURFACE_STYLE_FILL_AREA ( #953 ) ;
#972 = CIRCLE ( 'NONE', #970, 0.4104704525612467600 ) ;
#973 = CARTESIAN_POINT ( 'NONE',  ( -10.88331238751371700, 7.105539768064542000, 1.258383167578188000 ) ) ;
#974 = AXIS2_PLACEMENT_3D ( 'NONE', #973, #1019, #1018 ) ;
#975 = LINE ( 'NONE', #1016, #1015 ) ;
#976 = DIRECTION ( 'NONE',  ( 0.0000000000000000000, 0.0000000000000000000, 1.000000000000000000 ) ) ;
#977 = DIRECTION ( 'NONE',  ( -1.000000000000000000, 0.0000000000000000000, 0.0000000000000000000 ) ) ;
#978 = CARTESIAN_POINT ( 'NONE',  ( -13.57743455388030900, 7.105539768064541100, -0.009894666055246748000 ) ) ;
#979 = AXIS2_PLACEMENT_3D ( 'NONE', #978, #977, #976 ) ;
#980 = DIRECTION ( 'NONE',  ( 0.7071067811865476800, 0.6404064646620188900, -0.2997991994970867200 ) ) ;
#981 = VECTOR ( 'NONE', #980, 1000.000000000000000 ) ;
#982 = CARTESIAN_POINT ( 'NONE',  ( 14.61676356689024200, 13.29567615453870700, -5.144443224681383600 ) ) ;
#983 = LINE ( 'NONE', #982, #981 ) ;
#984 = CIRCLE ( 'NONE', #979, 3.175000000000059800 ) ;
#985 = DIRECTION ( 'NONE',  ( 0.0000000000000000000, 0.0000000000000000000, -1.000000000000000000 ) ) ;
#986 = DIRECTION ( 'NONE',  ( 1.000000000000000000, -0.0000000000000000000, 0.0000000000000000000 ) ) ;
#987 = CARTESIAN_POINT ( 'NONE',  ( -14.21243455388030900, 1.161939768064540700, -3.491416832421812900 ) ) ;
#988 = AXIS2_PLACEMENT_3D ( 'NONE', #987, #986, #985 ) ;
#989 = CYLINDRICAL_SURFACE ( 'NONE', #988, 0.6858000000000003000 ) ;
#990 = DIRECTION ( 'NONE',  ( 1.000000000000000000, 0.0000000000000000000, 0.0000000000000000000 ) ) ;
#991 = CARTESIAN_POINT ( 'NONE',  ( -8.586334553880309500, -0.03186023193545921300, -0.7228168324218127200 ) ) ;
#992 = DIRECTION ( 'NONE',  ( -1.000000000000000000, 0.0000000000000000000, 0.0000000000000000000 ) ) ;
#993 = DIRECTION ( 'NONE',  ( 0.0000000000000000000, 1.000000000000000000, -3.916066504679277800E-017 ) ) ;
#994 = LINE ( 'NONE', #947, #946 ) ;
#995 = FILL_AREA_STYLE ('',( #942 ) ) ;
#996 = UNCERTAINTY_MEASURE_WITH_UNIT (LENGTH_MEASURE( 1.000000000000000100E-005 ), #1017, 'distance_accuracy_value', 'NONE');
#997 =( NAMED_UNIT ( * ) SI_UNIT ( $, .STERADIAN. ) SOLID_ANGLE_UNIT ( ) );
#998 = CARTESIAN_POINT ( 'NONE',  ( -10.30083455388031100, -0.03186023193545921300, -0.7228168324218127200 ) ) ;
#999 = AXIS2_PLACEMENT_3D ( 'NONE', #998, #993, #992 ) ;
#1000 = CIRCLE ( 'NONE', #999, 1.714500000000000800 ) ;
#1001 =( NAMED_UNIT ( * ) SI_UNIT ( $, .STERADIAN. ) SOLID_ANGLE_UNIT ( ) );
#1002 = PRESENTATION_STYLE_ASSIGNMENT (( #1003 ) ) ;
#1003 = SURFACE_STYLE_USAGE ( .BOTH. , #1004 ) ;
#1004 = SURFACE_SIDE_STYLE ('',( #1005 ) ) ;
#1005 = SURFACE_STYLE_FILL_AREA ( #995 ) ;
#1006 = COLOUR_RGB ( '',0.8313725490196077800, 0.8392156862745098200, 0.8274509803921568100 ) ;
#1007 = SURFACE_SIDE_STYLE ('',( #971 ) ) ;
#1008 = PRESENTATION_LAYER_ASSIGNMENT (  '', '', ( #1009 ) ) ;
#1009 = STYLED_ITEM ( 'NONE', ( #949 ), #4931 ) ;
#1010 = MECHANICAL_DESIGN_GEOMETRIC_PRESENTATION_REPRESENTATION (  '', ( #1012 ), #948 ) ;
#1011 = PRESENTATION_LAYER_ASSIGNMENT (  '', '', ( #1012 ) ) ;
#1012 = STYLED_ITEM ( 'NONE', ( #1002 ), #6258 ) ;
#1013 = UNCERTAINTY_MEASURE_WITH_UNIT (LENGTH_MEASURE( 1.000000000000000100E-005 ), #956, 'distance_accuracy_value', 'NONE');
#1014 = DIRECTION ( 'NONE',  ( -5.551115123125782100E-017, -1.025202604387803400E-016, -1.000000000000000000 ) ) ;
#1015 = VECTOR ( 'NONE', #1014, 1000.000000000000000 ) ;
#1016 = CARTESIAN_POINT ( 'NONE',  ( -11.27873455388031200, -0.3620602319354591100, 0.2550831675781880000 ) ) ;
#1017 =( LENGTH_UNIT ( ) NAMED_UNIT ( * ) SI_UNIT ( .MILLI., .METRE. ) );
#1018 = DIRECTION ( 'NONE',  ( -1.000000000000000000, 0.0000000000000000000, 0.0000000000000000000 ) ) ;
#1019 = DIRECTION ( 'NONE',  ( 0.0000000000000000000, -3.916066504679277800E-017, -1.000000000000000000 ) ) ;
#1020 =( NAMED_UNIT ( * ) PLANE_ANGLE_UNIT ( ) SI_UNIT ( $, .RADIAN. ) );
#1021 = COLOUR_RGB ( '',0.8313725490196077800, 0.8392156862745098200, 0.8274509803921568100 ) ;
#1022 = FACE_OUTER_BOUND ( 'NONE', #6277, .T. ) ;
#1023 = MECHANICAL_DESIGN_GEOMETRIC_PRESENTATION_REPRESENTATION (  '', ( #1025 ), #1026 ) ;
#1024 = PRESENTATION_LAYER_ASSIGNMENT (  '', '', ( #1025 ) ) ;
#1025 = STYLED_ITEM ( 'NONE', ( #1027 ), #6282 ) ;
#1026 =( GEOMETRIC_REPRESENTATION_CONTEXT ( 3 ) GLOBAL_UNCERTAINTY_ASSIGNED_CONTEXT ( ( #1121 ) ) GLOBAL_UNIT_ASSIGNED_CONTEXT ( ( #1048, #1134, #1089 ) ) REPRESENTATION_CONTEXT ( 'NONE', 'WORKASPACE' ) );
#1027 = PRESENTATION_STYLE_ASSIGNMENT (( #1028 ) ) ;
#1028 = SURFACE_STYLE_USAGE ( .BOTH. , #1029 ) ;
#1029 = SURFACE_SIDE_STYLE ('',( #1030 ) ) ;
#1030 = SURFACE_STYLE_FILL_AREA ( #1040 ) ;
#1031 = CIRCLE ( 'NONE', #1053, 0.5079999999999993400 ) ;
#1032 = AXIS2_PLACEMENT_3D ( 'NONE', #1124, #1123, #1122 ) ;
#1033 =( GEOMETRIC_REPRESENTATION_CONTEXT ( 3 ) GLOBAL_UNCERTAINTY_ASSIGNED_CONTEXT ( ( #1093 ) ) GLOBAL_UNIT_ASSIGNED_CONTEXT ( ( #1119, #1035, #1055 ) ) REPRESENTATION_CONTEXT ( 'NONE', 'WORKASPACE' ) );
#1034 = DIRECTION ( 'NONE',  ( -1.000000000000000000, 5.872771121110819100E-049, -1.224606353822377300E-016 ) ) ;
#1035 =( NAMED_UNIT ( * ) PLANE_ANGLE_UNIT ( ) SI_UNIT ( $, .RADIAN. ) );
#1036 = LINE ( 'NONE', #1115, #1078 ) ;
#1037 = LINE ( 'NONE', #1131, #1130 ) ;
#1038 = FILL_AREA_STYLE_COLOUR ( '', #1041 ) ;
#1039 = CARTESIAN_POINT ( 'NONE',  ( 19.06156544611969400, 11.27113976806454300, -4.196678919494356600 ) ) ;
#1040 = FILL_AREA_STYLE ('',( #1038 ) ) ;
#1041 = COLOUR_RGB ( '',0.8313725490196077800, 0.8392156862745098200, 0.8274509803921568100 ) ;
#1042 = FACE_OUTER_BOUND ( 'NONE', #6238, .T. ) ;
#1043 = CARTESIAN_POINT ( 'NONE',  ( 17.10576544611969000, 11.27113976806454300, -4.196678919494356600 ) ) ;
#1044 = DIRECTION ( 'NONE',  ( 0.0000000000000000000, 0.0000000000000000000, 1.000000000000000000 ) ) ;
#1045 = DIRECTION ( 'NONE',  ( -1.000000000000000000, 5.872771121110819100E-049, -1.224606353822377300E-016 ) ) ;
#1046 = CARTESIAN_POINT ( 'NONE',  ( 18.42656544611968900, 7.105539768064541100, -0.009894666055246205100 ) ) ;
#1047 = AXIS2_PLACEMENT_3D ( 'NONE', #1046, #1045, #1044 ) ;
#1048 =( LENGTH_UNIT ( ) NAMED_UNIT ( * ) SI_UNIT ( .MILLI., .METRE. ) );
#1049 = PLANE ( 'NONE',  #1073 ) ;
#1050 = CARTESIAN_POINT ( 'NONE',  ( -9.322934553880307000, -0.3620602319354595500, -1.700716832421814700 ) ) ;
#1051 = DIRECTION ( 'NONE',  ( 1.000000000000000000, -5.872771121110819100E-049, 1.224606353822377300E-016 ) ) ;
#1052 = CARTESIAN_POINT ( 'NONE',  ( 11.18756544611969200, 9.054763847188317200, -3.720016832421814400 ) ) ;
#1053 = AXIS2_PLACEMENT_3D ( 'NONE', #1052, #1051, #1092 ) ;
#1054 = VECTOR ( 'NONE', #1085, 1000.000000000000000 ) ;
#1055 =( NAMED_UNIT ( * ) SI_UNIT ( $, .STERADIAN. ) SOLID_ANGLE_UNIT ( ) );
#1056 = CARTESIAN_POINT ( 'NONE',  ( 16.58506544611968900, -1.606660231935459000, 0.7376831675781868600 ) ) ;
#1057 = LINE ( 'NONE', #1056, #270 ) ;
#1058 = CIRCLE ( 'NONE', #1529, 1.799399038121850300 ) ;
#1059 = CARTESIAN_POINT ( 'NONE',  ( 19.95056544611968300, -1.606660231935459000, -5.548816832421813700 ) ) ;
#1060 = CARTESIAN_POINT ( 'NONE',  ( -12.01533455388031000, -0.03186023193545921300, -0.7228168324218124900 ) ) ;
#1061 = CARTESIAN_POINT ( 'NONE',  ( -12.01533455388031000, 0.4761397680645407800, -0.7228168324218124900 ) ) ;
#1062 = DIRECTION ( 'NONE',  ( 0.0000000000000000000, 0.0000000000000000000, 1.000000000000000000 ) ) ;
#1063 = DIRECTION ( 'NONE',  ( 1.000000000000000000, -0.0000000000000000000, -0.0000000000000000000 ) ) ;
#1064 = CARTESIAN_POINT ( 'NONE',  ( -6.338434553880310000, 1.161939768064540700, -3.491416832421812900 ) ) ;
#1065 = LINE ( 'NONE', #1084, #1082 ) ;
#1066 = CARTESIAN_POINT ( 'NONE',  ( -14.21243455388030900, 7.105539768064542000, -3.184894666055310800 ) ) ;
#1067 = FILL_AREA_STYLE_COLOUR ( '', #1021 ) ;
#1068 = VECTOR ( 'NONE', #1100, 1000.000000000000000 ) ;
#1069 = AXIS2_PLACEMENT_3D ( 'NONE', #1064, #1063, #1062 ) ;
#1070 = CIRCLE ( 'NONE', #1069, 0.6858000000000003000 ) ;
#1071 = DIRECTION ( 'NONE',  ( 6.697912673203516000E-017, -1.000000000000000000, 1.025202604387803800E-016 ) ) ;
#1072 = DIRECTION ( 'NONE',  ( -5.551115123125782100E-017, -1.025202604387803800E-016, -1.000000000000000000 ) ) ;
#1073 = AXIS2_PLACEMENT_3D ( 'NONE', #1050, #1072, #1071 ) ;
#1074 = MECHANICAL_DESIGN_GEOMETRIC_PRESENTATION_REPRESENTATION (  '', ( #1086 ), #1033 ) ;
#1075 = SURFACE_STYLE_FILL_AREA ( #1099 ) ;
#1076 = CARTESIAN_POINT ( 'NONE',  ( -6.338434553880310000, 7.105539768064542000, -3.184894666055310800 ) ) ;
#1077 = CARTESIAN_POINT ( 'NONE',  ( -14.21243455388030900, 1.475838654401051800, -4.101161967012240300 ) ) ;
#1078 = VECTOR ( 'NONE', #1091, 1000.000000000000200 ) ;
#1079 = CARTESIAN_POINT ( 'NONE',  ( 11.18756544611969200, 10.40533100981494000, -3.230450357435523200 ) ) ;
#1080 = CARTESIAN_POINT ( 'NONE',  ( -6.338434553880310000, 1.161939768064540700, -4.177216832421812900 ) ) ;
#1081 = DIRECTION ( 'NONE',  ( -0.7071067811865476800, -0.6404064646620188900, 0.2997991994970867200 ) ) ;
#1082 = VECTOR ( 'NONE', #1081, 1000.000000000000000 ) ;
#1084 = CARTESIAN_POINT ( 'NONE',  ( 11.18756544611969200, 10.40533100981494000, -3.230450357435523700 ) ) ;
#1083 = LINE ( 'NONE', #1116, #1068 ) ;
#1085 = DIRECTION ( 'NONE',  ( -1.000000000000000000, 5.872771121110819100E-049, -1.224606353822377300E-016 ) ) ;
#1086 = STYLED_ITEM ( 'NONE', ( #1120 ), #6276 ) ;
#1087 = PLANE ( 'NONE',  #1032 ) ;
#1088 = VECTOR ( 'NONE', #1117, 1000.000000000000000 ) ;
#1089 =( NAMED_UNIT ( * ) SI_UNIT ( $, .STERADIAN. ) SOLID_ANGLE_UNIT ( ) );
#1090 = SURFACE_STYLE_USAGE ( .BOTH. , #1132 ) ;
#1091 = DIRECTION ( 'NONE',  ( -5.192087169054285300E-017, -0.9056715077564335700, 0.4239800939173774000 ) ) ;
#1092 = DIRECTION ( 'NONE',  ( 0.0000000000000000000, 0.0000000000000000000, 1.000000000000000000 ) ) ;
#1093 = UNCERTAINTY_MEASURE_WITH_UNIT (LENGTH_MEASURE( 1.000000000000000100E-005 ), #1119, 'distance_accuracy_value', 'NONE');
#1094 = CARTESIAN_POINT ( 'NONE',  ( 11.18756544611969200, 10.18994912210491300, -3.690531483375791800 ) ) ;
#1095 = AXIS2_PLACEMENT_3D ( 'NONE', #829, #968, #1241 ) ;
#1096 = CIRCLE ( 'NONE', #1095, 1.016000000000000000 ) ;
#1097 = CARTESIAN_POINT ( 'NONE',  ( -13.15833455388031000, 0.3491397680645407800, -0.7228168324218122700 ) ) ;
#1098 = CARTESIAN_POINT ( 'NONE',  ( 11.18756544611969200, 9.485527622608366000, -2.799854580541275800 ) ) ;
#1099 = FILL_AREA_STYLE ('',( #1067 ) ) ;
#1100 = DIRECTION ( 'NONE',  ( 1.000000000000000000, -0.0000000000000000000, 0.0000000000000000000 ) ) ;
#1101 = AXIS2_PLACEMENT_3D ( 'NONE', #1362, #1363, #1268 ) ;
#1102 = UNCERTAINTY_MEASURE_WITH_UNIT (LENGTH_MEASURE( 1.000000000000000100E-005 ), #1450, 'distance_accuracy_value', 'NONE');
#1103 = TOROIDAL_SURFACE ( 'NONE', #1101, 0.4104704525612473700, 0.2540000000000000000 ) ;
#1104 = CIRCLE ( 'NONE', #1047, 3.175000000000059800 ) ;
#1105 = B_SPLINE_CURVE_WITH_KNOTS ( 'NONE', 3,
 ( #952, #1144, #1140, #1181, #1183, #1201, #1198, #1230, #1170, #1226 ),
 .UNSPECIFIED., .F., .F.,
 ( 4, 2, 2, 2, 4 ),
 ( 0.0000000000000000000, 0.0004644870840590051700, 0.0009289741681180103400, 0.001393461252177015500, 0.001857948336236020700 ),
 .UNSPECIFIED. ) ;
#1106 = CARTESIAN_POINT ( 'NONE',  ( 18.42656544611968900, 8.273939768064542100, -2.962091549733633300 ) ) ;
#1107 = LINE ( 'NONE', #1039, #1054 ) ;
#1108 = CARTESIAN_POINT ( 'NONE',  ( -13.45043455388031000, 8.582224676491646800, -2.820593276939024700 ) ) ;
#1109 = CARTESIAN_POINT ( 'NONE',  ( -6.338434553880310000, 8.582224676491646800, -2.820593276939024700 ) ) ;
#1110 = DIRECTION ( 'NONE',  ( 0.0000000000000000000, 0.0000000000000000000, 1.000000000000000000 ) ) ;
#1111 = DIRECTION ( 'NONE',  ( 1.000000000000000000, -0.0000000000000000000, -0.0000000000000000000 ) ) ;
#1112 = CARTESIAN_POINT ( 'NONE',  ( -6.338434553880310000, 7.105539768064542000, -0.009894666055310932800 ) ) ;
#1113 = AXIS2_PLACEMENT_3D ( 'NONE', #1112, #1111, #1110 ) ;
#1114 = CIRCLE ( 'NONE', #1113, 3.174999999999999800 ) ;
#1115 = CARTESIAN_POINT ( 'NONE',  ( 18.29956544611969300, 9.270145734898340700, -3.259935706481545300 ) ) ;
#1116 = CARTESIAN_POINT ( 'NONE',  ( -14.21243455388030900, 1.161939768064540700, -4.177216832421812900 ) ) ;
#1117 = DIRECTION ( 'NONE',  ( 1.000000000000000000, -0.0000000000000000000, 0.0000000000000000000 ) ) ;
#1118 = PRESENTATION_LAYER_ASSIGNMENT (  '', '', ( #1086 ) ) ;
#1119 =( LENGTH_UNIT ( ) NAMED_UNIT ( * ) SI_UNIT ( .MILLI., .METRE. ) );
#1120 = PRESENTATION_STYLE_ASSIGNMENT (( #1090 ) ) ;
#1121 = UNCERTAINTY_MEASURE_WITH_UNIT (LENGTH_MEASURE( 1.000000000000000100E-005 ), #1048, 'distance_accuracy_value', 'NONE');
#1122 = DIRECTION ( 'NONE',  ( -5.551115123125782700E-017, 1.994037494345739100E-017, -1.000000000000000000 ) ) ;
#1123 = DIRECTION ( 'NONE',  ( -1.000000000000000000, -6.697912673203516000E-017, 5.551115123125782700E-017 ) ) ;
#1124 = CARTESIAN_POINT ( 'NONE',  ( -11.27873455388031200, -0.3620602319354591100, 0.2550831675781880000 ) ) ;
#1125 = VECTOR ( 'NONE', #1034, 1000.000000000000000 ) ;
#1126 = CARTESIAN_POINT ( 'NONE',  ( 18.42656544611968900, 5.911739768064540700, -2.951912096323186400 ) ) ;
#1127 = LINE ( 'NONE', #1126, #1125 ) ;
#1128 = DIRECTION ( 'NONE',  ( 6.697912673203516000E-017, -1.000000000000000000, 1.025202604387803800E-016 ) ) ;
#1129 = CARTESIAN_POINT ( 'NONE',  ( 18.42656544611968900, 5.911739768064540700, -2.951912096323186400 ) ) ;
#1130 = VECTOR ( 'NONE', #1128, 1000.000000000000000 ) ;
#1131 = CARTESIAN_POINT ( 'NONE',  ( -9.322934553880307000, -0.3620602319354595500, -1.700716832421814700 ) ) ;
#1132 = SURFACE_SIDE_STYLE ('',( #1075 ) ) ;
#1133 = VECTOR ( 'NONE', #1202, 1000.000000000000000 ) ;
#1134 =( NAMED_UNIT ( * ) PLANE_ANGLE_UNIT ( ) SI_UNIT ( $, .RADIAN. ) );
#1135 = CARTESIAN_POINT ( 'NONE',  ( 16.58506544611968900, -1.606660231935459000, -2.183316832421813300 ) ) ;
#1136 = VECTOR ( 'NONE', #1200, 1000.000000000000000 ) ;
#1137 = STYLED_ITEM ( 'NONE', ( #1138 ), #4974 ) ;
#1138 = PRESENTATION_STYLE_ASSIGNMENT (( #1139 ) ) ;
#1139 = SURFACE_STYLE_USAGE ( .BOTH. , #1221 ) ;
#1140 = CARTESIAN_POINT ( 'NONE',  ( -14.55486340373165200, 6.781642600425085400, -0.1327253373696908000 ) ) ;
#1141 = CARTESIAN_POINT ( 'NONE',  ( 16.58506544611968900, -1.606660231935459000, -2.183316832421813300 ) ) ;
#1142 = LINE ( 'NONE', #1141, #1136 ) ;
#1143 = PLANE ( 'NONE',  #411 ) ;
#1144 = CARTESIAN_POINT ( 'NONE',  ( -14.56574864724345800, 6.935706042757528800, -0.1640168324218107300 ) ) ;
#1145 =( LENGTH_UNIT ( ) NAMED_UNIT ( * ) SI_UNIT ( .MILLI., .METRE. ) );
#1146 = COLOUR_RGB ( '',0.8745098039215686300, 0.0000000000000000000, 0.3568627450980392200 ) ;
#1147 = VECTOR ( 'NONE', #1262, 1000.000000000000000 ) ;
#1148 = DIRECTION ( 'NONE',  ( 0.0000000000000000000, -1.000000000000000000, 3.916066504679277800E-017 ) ) ;
#1149 =( NAMED_UNIT ( * ) PLANE_ANGLE_UNIT ( ) SI_UNIT ( $, .RADIAN. ) );
#1150 =( LENGTH_UNIT ( ) NAMED_UNIT ( * ) SI_UNIT ( .MILLI., .METRE. ) );
#1151 = MECHANICAL_DESIGN_GEOMETRIC_PRESENTATION_REPRESENTATION (  '', ( #1153 ), #1247 ) ;
#1152 = PRESENTATION_LAYER_ASSIGNMENT (  '', '', ( #1153 ) ) ;
#1153 = STYLED_ITEM ( 'NONE', ( #1154 ), #6296 ) ;
#1154 = PRESENTATION_STYLE_ASSIGNMENT (( #1156 ) ) ;
#1155 = MECHANICAL_DESIGN_GEOMETRIC_PRESENTATION_REPRESENTATION (  '', ( #1225 ), #1259 ) ;
#1156 = SURFACE_STYLE_USAGE ( .BOTH. , #1157 ) ;
#1157 = SURFACE_SIDE_STYLE ('',( #1158 ) ) ;
#1159 =( GEOMETRIC_REPRESENTATION_CONTEXT ( 3 ) GLOBAL_UNCERTAINTY_ASSIGNED_CONTEXT ( ( #1250 ) ) GLOBAL_UNIT_ASSIGNED_CONTEXT ( ( #1161, #1167, #1260 ) ) REPRESENTATION_CONTEXT ( 'NONE', 'WORKASPACE' ) );
#1158 = SURFACE_STYLE_FILL_AREA ( #1253 ) ;
#1160 = SURFACE_SIDE_STYLE ('',( #1219 ) ) ;
#1161 =( LENGTH_UNIT ( ) NAMED_UNIT ( * ) SI_UNIT ( .MILLI., .METRE. ) );
#1162 = AXIS2_PLACEMENT_3D ( 'NONE', #1173, #1193, #1192 ) ;
#1163 = CIRCLE ( 'NONE', #1162, 0.5080000000000002300 ) ;
#1164 = UNCERTAINTY_MEASURE_WITH_UNIT (LENGTH_MEASURE( 1.000000000000000100E-005 ), #1187, 'distance_accuracy_value', 'NONE');
#1165 =( NAMED_UNIT ( * ) SI_UNIT ( $, .STERADIAN. ) SOLID_ANGLE_UNIT ( ) );
#1166 =( NAMED_UNIT ( * ) PLANE_ANGLE_UNIT ( ) SI_UNIT ( $, .RADIAN. ) );
#1167 =( NAMED_UNIT ( * ) PLANE_ANGLE_UNIT ( ) SI_UNIT ( $, .RADIAN. ) );
#1168 =( GEOMETRIC_REPRESENTATION_CONTEXT ( 3 ) GLOBAL_UNCERTAINTY_ASSIGNED_CONTEXT ( ( #1191 ) ) GLOBAL_UNIT_ASSIGNED_CONTEXT ( ( #1218, #1196, #1194 ) ) REPRESENTATION_CONTEXT ( 'NONE', 'WORKASPACE' ) );
#1169 = VECTOR ( 'NONE', #1214, 1000.000000000000000 ) ;
#1170 = CARTESIAN_POINT ( 'NONE',  ( -14.36746659764859800, 5.911739768064541600, 0.8599421062973730000 ) ) ;
#1171 = FILL_AREA_STYLE ('',( #1220 ) ) ;
#1172 = CARTESIAN_POINT ( 'NONE',  ( 19.06156544611969400, 9.054763847188317200, -3.720016832421813500 ) ) ;
#1173 = CARTESIAN_POINT ( 'NONE',  ( 18.29956544611969000, 4.819539768064540700, -3.522541104283898300 ) ) ;
#1174 = COLOUR_RGB ( '',0.7960784313725489700, 0.8235294117647058400, 0.9372549019607843100 ) ;
#1175 = FACE_OUTER_BOUND ( 'NONE', #4071, .T. ) ;
#1176 = DIRECTION ( 'NONE',  ( -1.000000000000000000, 5.872771121110819100E-049, -1.224606353822377300E-016 ) ) ;
#1177 = VECTOR ( 'NONE', #1176, 1000.000000000000000 ) ;
#1178 = CARTESIAN_POINT ( 'NONE',  ( 19.06156544611969400, 8.818494261839980200, -3.270305054680420200 ) ) ;
#1179 =( NAMED_UNIT ( * ) SI_UNIT ( $, .STERADIAN. ) SOLID_ANGLE_UNIT ( ) );
#1180 = LINE ( 'NONE', #1178, #1177 ) ;
#1181 = CARTESIAN_POINT ( 'NONE',  ( -14.51839900137127200, 6.496161765795514000, -0.01387688829475446300 ) ) ;
#1182 = FILL_AREA_STYLE_COLOUR ( '', #1238 ) ;
#1183 = CARTESIAN_POINT ( 'NONE',  ( -14.49298898168749300, 6.365900710756682700, 0.07372387148129258500 ) ) ;
#1185 = CARTESIAN_POINT ( 'NONE',  ( 19.18836732534914100, 9.384986584046425100, -3.313697179146147600 ) ) ;
#1184 = PRESENTATION_STYLE_ASSIGNMENT (( #1265 ) ) ;
#1186 =( NAMED_UNIT ( * ) PLANE_ANGLE_UNIT ( ) SI_UNIT ( $, .RADIAN. ) );
#1187 =( LENGTH_UNIT ( ) NAMED_UNIT ( * ) SI_UNIT ( .MILLI., .METRE. ) );
#1188 = MECHANICAL_DESIGN_GEOMETRIC_PRESENTATION_REPRESENTATION (  '', ( #1232 ), #1356 ) ;
#1189 = CARTESIAN_POINT ( 'NONE',  ( 11.18756544611969200, 8.818494261839980200, -3.270305054680421100 ) ) ;
#1190 = CARTESIAN_POINT ( 'NONE',  ( 11.18756544611969200, 4.587022074481939000, -3.070878041624323500 ) ) ;
#1192 = DIRECTION ( 'NONE',  ( 0.0000000000000000000, 0.0000000000000000000, 1.000000000000000000 ) ) ;
#1191 = UNCERTAINTY_MEASURE_WITH_UNIT (LENGTH_MEASURE( 1.000000000000000100E-005 ), #1218, 'distance_accuracy_value', 'NONE');
#1193 = DIRECTION ( 'NONE',  ( 1.000000000000000000, -5.872771121110819100E-049, 1.224606353822377300E-016 ) ) ;
#1194 =( NAMED_UNIT ( * ) SI_UNIT ( $, .STERADIAN. ) SOLID_ANGLE_UNIT ( ) );
#1195 = CARTESIAN_POINT ( 'NONE',  ( 18.29956544611969300, 10.18994912210491300, -3.690531483375791000 ) ) ;
#1196 =( NAMED_UNIT ( * ) PLANE_ANGLE_UNIT ( ) SI_UNIT ( $, .RADIAN. ) );
#1197 = FACE_OUTER_BOUND ( 'NONE', #4983, .T. ) ;
#1198 = CARTESIAN_POINT ( 'NONE',  ( -14.41590230538936400, 6.061921620203817100, 0.4205963073815152100 ) ) ;
#1199 = LINE ( 'NONE', #1240, #1213 ) ;
#1200 = DIRECTION ( 'NONE',  ( -1.000000000000000000, 0.0000000000000000000, 0.0000000000000000000 ) ) ;
#1201 = CARTESIAN_POINT ( 'NONE',  ( -14.44184552247963900, 6.149677342309241900, 0.2898887003168863500 ) ) ;
#1202 = DIRECTION ( 'NONE',  ( 0.0000000000000000000, 0.0000000000000000000, -1.000000000000000000 ) ) ;
#1203 = PRESENTATION_LAYER_ASSIGNMENT (  '', '', ( #1261 ) ) ;
#1204 = UNCERTAINTY_MEASURE_WITH_UNIT (LENGTH_MEASURE( 1.000000000000000100E-005 ), #1145, 'distance_accuracy_value', 'NONE');
#1205 = CARTESIAN_POINT ( 'NONE',  ( 16.58506544611968900, -1.606660231935459000, 0.7376831675781868600 ) ) ;
#1206 = PRESENTATION_STYLE_ASSIGNMENT (( #1207 ) ) ;
#1207 = SURFACE_STYLE_USAGE ( .BOTH. , #1208 ) ;
#1208 = SURFACE_SIDE_STYLE ('',( #1209 ) ) ;
#1209 = SURFACE_STYLE_FILL_AREA ( #1210 ) ;
#1210 = FILL_AREA_STYLE ('',( #1211 ) ) ;
#1211 = FILL_AREA_STYLE_COLOUR ( '', #1146 ) ;
#1212 = UNCERTAINTY_MEASURE_WITH_UNIT (LENGTH_MEASURE( 1.000000000000000100E-005 ), #710, 'distance_accuracy_value', 'NONE');
#1213 = VECTOR ( 'NONE', #1148, 1000.000000000000000 ) ;
#1214 = DIRECTION ( 'NONE',  ( 0.7071067811865475700, -0.6404064646620191100, 0.2997991994970868900 ) ) ;
#1215 = FILL_AREA_STYLE_COLOUR ( '', #1216 ) ;
#1216 = COLOUR_RGB ( '',0.8313725490196077800, 0.8392156862745098200, 0.8274509803921568100 ) ;
#1217 = LINE ( 'NONE', #1205, #1133 ) ;
#1218 =( LENGTH_UNIT ( ) NAMED_UNIT ( * ) SI_UNIT ( .MILLI., .METRE. ) );
#1219 = SURFACE_STYLE_FILL_AREA ( #1171 ) ;
#1220 = FILL_AREA_STYLE_COLOUR ( '', #1174 ) ;
#1221 = SURFACE_SIDE_STYLE ('',( #1222 ) ) ;
#1222 = SURFACE_STYLE_FILL_AREA ( #1223 ) ;
#1223 = FILL_AREA_STYLE ('',( #1215 ) ) ;
#1224 = PRESENTATION_LAYER_ASSIGNMENT (  '', '', ( #1225 ) ) ;
#1225 = STYLED_ITEM ( 'NONE', ( #1206 ), #4305 ) ;
#1226 = CARTESIAN_POINT ( 'NONE',  ( -14.36746659764859800, 5.911739768064540700, 1.017083167578189500 ) ) ;
#1227 = CARTESIAN_POINT ( 'NONE',  ( 17.10576544611969000, 11.48652165577457200, -3.736597793554087500 ) ) ;
#1228 = CARTESIAN_POINT ( 'NONE',  ( 13.66406544611968600, -1.606660231935459000, 0.7376831675781868600 ) ) ;
#1229 = CARTESIAN_POINT ( 'NONE',  ( 16.58506544611968900, -1.606660231935459000, 0.7376831675781868600 ) ) ;
#1230 = CARTESIAN_POINT ( 'NONE',  ( -14.37878729600394900, 5.943650990884852300, 0.7041071998424410800 ) ) ;
#1231 = PRESENTATION_LAYER_ASSIGNMENT (  '', '', ( #1232 ) ) ;
#1232 = STYLED_ITEM ( 'NONE', ( #1233 ), #4978 ) ;
#1233 = PRESENTATION_STYLE_ASSIGNMENT (( #1234 ) ) ;
#1234 = SURFACE_STYLE_USAGE ( .BOTH. , #1235 ) ;
#1235 = SURFACE_SIDE_STYLE ('',( #1236 ) ) ;
#1236 = SURFACE_STYLE_FILL_AREA ( #1237 ) ;
#1237 = FILL_AREA_STYLE ('',( #1182 ) ) ;
#1238 = COLOUR_RGB ( '',0.8313725490196077800, 0.8392156862745098200, 0.8274509803921568100 ) ;
#1239 = FACE_OUTER_BOUND ( 'NONE', #4984, .T. ) ;
#1240 = CARTESIAN_POINT ( 'NONE',  ( -12.01533455388031000, 0.4761397680645407800, -0.7228168324218124900 ) ) ;
#1241 = DIRECTION ( 'NONE',  ( 0.0000000000000000000, -1.000000000000000000, 0.0000000000000000000 ) ) ;
#1242 = DIRECTION ( 'NONE',  ( 0.0000000000000000000, 0.0000000000000000000, 1.000000000000000000 ) ) ;
#1243 = DIRECTION ( 'NONE',  ( -1.000000000000000000, 5.872771121110819100E-049, -1.224606353822377300E-016 ) ) ;
#1244 = AXIS2_PLACEMENT_3D ( 'NONE', #1172, #1243, #1242 ) ;
#1245 = CYLINDRICAL_SURFACE ( 'NONE', #1244, 0.5079999999999993400 ) ;
#1246 = CARTESIAN_POINT ( 'NONE',  ( 13.66406544611968200, -1.606660231935459000, -2.183316832421813300 ) ) ;
#1247 =( GEOMETRIC_REPRESENTATION_CONTEXT ( 3 ) GLOBAL_UNCERTAINTY_ASSIGNED_CONTEXT ( ( #1248 ) ) GLOBAL_UNIT_ASSIGNED_CONTEXT ( ( #1150, #1149, #1249 ) ) REPRESENTATION_CONTEXT ( 'NONE', 'WORKASPACE' ) );
#1248 = UNCERTAINTY_MEASURE_WITH_UNIT (LENGTH_MEASURE( 1.000000000000000100E-005 ), #1150, 'distance_accuracy_value', 'NONE');
#1249 =( NAMED_UNIT ( * ) SI_UNIT ( $, .STERADIAN. ) SOLID_ANGLE_UNIT ( ) );
#1250 = UNCERTAINTY_MEASURE_WITH_UNIT (LENGTH_MEASURE( 1.000000000000000100E-005 ), #1161, 'distance_accuracy_value', 'NONE');
#1251 = MECHANICAL_DESIGN_GEOMETRIC_PRESENTATION_REPRESENTATION (  '', ( #1137 ), #1159 ) ;
#1252 = PRESENTATION_LAYER_ASSIGNMENT (  '', '', ( #1137 ) ) ;
#1253 = FILL_AREA_STYLE ('',( #1254 ) ) ;
#1254 = FILL_AREA_STYLE_COLOUR ( '', #1255 ) ;
#1255 = COLOUR_RGB ( '',0.8313725490196077800, 0.8392156862745098200, 0.8274509803921568100 ) ;
#1256 = FACE_OUTER_BOUND ( 'NONE', #6241, .T. ) ;
#1257 = LINE ( 'NONE', #1185, #1169 ) ;
#1258 = MECHANICAL_DESIGN_GEOMETRIC_PRESENTATION_REPRESENTATION (  '', ( #1261 ), #1168 ) ;
#1259 =( GEOMETRIC_REPRESENTATION_CONTEXT ( 3 ) GLOBAL_UNCERTAINTY_ASSIGNED_CONTEXT ( ( #1204 ) ) GLOBAL_UNIT_ASSIGNED_CONTEXT ( ( #1145, #1186, #1179 ) ) REPRESENTATION_CONTEXT ( 'NONE', 'WORKASPACE' ) );
#1260 =( NAMED_UNIT ( * ) SI_UNIT ( $, .STERADIAN. ) SOLID_ANGLE_UNIT ( ) );
#1261 = STYLED_ITEM ( 'NONE', ( #1184 ), #6295 ) ;
#1262 = DIRECTION ( 'NONE',  ( 1.187759997245331800E-015, 0.0000000000000000000, 1.000000000000000000 ) ) ;
#1263 = CARTESIAN_POINT ( 'NONE',  ( 13.66406544611968200, -1.606660231935459000, -2.183316832421813300 ) ) ;
#1264 = LINE ( 'NONE', #1263, #1147 ) ;
#1265 = SURFACE_STYLE_USAGE ( .BOTH. , #1160 ) ;
#1266 =( GEOMETRIC_REPRESENTATION_CONTEXT ( 3 ) GLOBAL_UNCERTAINTY_ASSIGNED_CONTEXT ( ( #1310 ) ) GLOBAL_UNIT_ASSIGNED_CONTEXT ( ( #1368, #1314, #1320 ) ) REPRESENTATION_CONTEXT ( 'NONE', 'WORKASPACE' ) );
#1267 = FILL_AREA_STYLE ('',( #1322 ) ) ;
#1268 = DIRECTION ( 'NONE',  ( 1.000000000000000000, 0.0000000000000000000, 0.0000000000000000000 ) ) ;
#1269 = STYLED_ITEM ( 'NONE', ( #1327 ), #4306 ) ;
#1270 = CIRCLE ( 'NONE', #1312, 0.5079999999999993400 ) ;
#1271 = AXIS2_PLACEMENT_3D ( 'NONE', #1289, #1325, #1324 ) ;
#1272 =( NAMED_UNIT ( * ) SI_UNIT ( $, .STERADIAN. ) SOLID_ANGLE_UNIT ( ) );
#1273 = MECHANICAL_DESIGN_GEOMETRIC_PRESENTATION_REPRESENTATION (  '', ( #1281 ), #1266 ) ;
#1274 = COLOUR_RGB ( '',0.7960784313725489700, 0.8235294117647058400, 0.9372549019607843100 ) ;
#1276 = SURFACE_STYLE_USAGE ( .BOTH. , #1326 ) ;
#1275 = AXIS2_PLACEMENT_3D ( 'NONE', #1294, #1343, #1338 ) ;
#1277 = SURFACE_SIDE_STYLE ('',( #1278 ) ) ;
#1278 = SURFACE_STYLE_FILL_AREA ( #1279 ) ;
#1279 = FILL_AREA_STYLE ('',( #1342 ) ) ;
#1280 = PRESENTATION_LAYER_ASSIGNMENT (  '', '', ( #1281 ) ) ;
#1281 = STYLED_ITEM ( 'NONE', ( #1359 ), #4307 ) ;
#1282 = SURFACE_STYLE_USAGE ( .BOTH. , #1283 ) ;
#1283 = SURFACE_SIDE_STYLE ('',( #1284 ) ) ;
#1284 = SURFACE_STYLE_FILL_AREA ( #1285 ) ;
#1285 = FILL_AREA_STYLE ('',( #1341 ) ) ;
#1286 = COLOUR_RGB ( '',0.8313725490196077800, 0.8392156862745098200, 0.8274509803921568100 ) ;
#1287 = FACE_OUTER_BOUND ( 'NONE', #4314, .T. ) ;
#1288 = MECHANICAL_DESIGN_GEOMETRIC_PRESENTATION_REPRESENTATION (  '', ( #1269 ), #1328 ) ;
#1289 = CARTESIAN_POINT ( 'NONE',  ( 2.424565446119686400, -0.03186023193545921300, -0.7228168324218131600 ) ) ;
#1290 = DIRECTION ( 'NONE',  ( -1.000000000000000000, 5.872771121110819100E-049, -1.224606353822377300E-016 ) ) ;
#1291 = AXIS2_PLACEMENT_3D ( 'NONE', #1300, #1290, #1315 ) ;
#1292 = PRESENTATION_LAYER_ASSIGNMENT (  '', '', ( #1269 ) ) ;
#1293 = UNCERTAINTY_MEASURE_WITH_UNIT (LENGTH_MEASURE( 1.000000000000000100E-005 ), #1367, 'distance_accuracy_value', 'NONE');
#1294 = CARTESIAN_POINT ( 'NONE',  ( 19.06156544611969400, 4.819539768064540700, -3.522541104283898300 ) ) ;
#1295 = DIRECTION ( 'NONE',  ( 5.605170175932631300E-017, -0.8891005170464086900, -0.4577119952413403200 ) ) ;
#1296 = CYLINDRICAL_SURFACE ( 'NONE', #1275, 0.5080000000000002300 ) ;
#1297 = VECTOR ( 'NONE', #1295, 1000.000000000000000 ) ;
#1298 = CARTESIAN_POINT ( 'NONE',  ( 11.18756544611969200, 1.708356347983652500, -4.552825029671815600 ) ) ;
#1299 = CARTESIAN_POINT ( 'NONE',  ( 18.42656544611968900, 7.105539768064542000, -0.009894666055221051600 ) ) ;
#1300 = CARTESIAN_POINT ( 'NONE',  ( 11.18756544611969200, 7.105539768064542000, -0.009894666055311366500 ) ) ;
#1301 = LINE ( 'NONE', #1298, #1297 ) ;
#1302 = MECHANICAL_DESIGN_GEOMETRIC_PRESENTATION_REPRESENTATION (  '', ( #1491 ), #1571 ) ;
#1303 = DIRECTION ( 'NONE',  ( 0.0000000000000000000, 0.0000000000000000000, 1.000000000000000000 ) ) ;
#1304 = DIRECTION ( 'NONE',  ( -1.000000000000000000, 5.872771121110819100E-049, -1.224606353822377300E-016 ) ) ;
#1305 = CARTESIAN_POINT ( 'NONE',  ( 18.29956544611969000, 7.105539768064542000, -1.435738998788315800 ) ) ;
#1306 = AXIS2_PLACEMENT_3D ( 'NONE', #1305, #1304, #1303 ) ;
#1307 = CIRCLE ( 'NONE', #1306, 3.174999999999999800 ) ;
#1308 = PRESENTATION_LAYER_ASSIGNMENT (  '', '', ( #1491 ) ) ;
#1309 = CARTESIAN_POINT ( 'NONE',  ( 11.18756544611969200, 9.054763847188317200, -2.704016832421814800 ) ) ;
#1310 = UNCERTAINTY_MEASURE_WITH_UNIT (LENGTH_MEASURE( 1.000000000000000100E-005 ), #1368, 'distance_accuracy_value', 'NONE');
#1311 = CIRCLE ( 'NONE', #1291, 3.682999999999999800 ) ;
#1312 = AXIS2_PLACEMENT_3D ( 'NONE', #1316, #1366, #1361 ) ;
#1313 = SURFACE_STYLE_FILL_AREA ( #1267 ) ;
#1314 =( NAMED_UNIT ( * ) PLANE_ANGLE_UNIT ( ) SI_UNIT ( $, .RADIAN. ) );
#1315 = DIRECTION ( 'NONE',  ( 0.0000000000000000000, 0.0000000000000000000, -1.000000000000000000 ) ) ;
#1316 = CARTESIAN_POINT ( 'NONE',  ( 18.29956544611969300, 9.054763847188317200, -3.720016832421813500 ) ) ;
#1317 = DIRECTION ( 'NONE',  ( 1.000000000000000000, -5.872771121110819100E-049, 1.224606353822377300E-016 ) ) ;
#1318 = AXIS2_PLACEMENT_3D ( 'NONE', #1299, #1317, #1352 ) ;
#1319 = CIRCLE ( 'NONE', #1318, 3.683000000000084700 ) ;
#1320 =( NAMED_UNIT ( * ) SI_UNIT ( $, .STERADIAN. ) SOLID_ANGLE_UNIT ( ) );
#1321 =( NAMED_UNIT ( * ) PLANE_ANGLE_UNIT ( ) SI_UNIT ( $, .RADIAN. ) );
#1322 = FILL_AREA_STYLE_COLOUR ( '', #1274 ) ;
#1323 = CARTESIAN_POINT ( 'NONE',  ( 18.90744327975318100, 7.105539768064541100, -1.281685113965448200 ) ) ;
#1324 = DIRECTION ( 'NONE',  ( 0.0000000000000000000, 0.0000000000000000000, -1.000000000000000000 ) ) ;
#1325 = DIRECTION ( 'NONE',  ( -0.0000000000000000000, -1.000000000000000000, -0.0000000000000000000 ) ) ;
#1326 = SURFACE_SIDE_STYLE ('',( #1313 ) ) ;
#1327 = PRESENTATION_STYLE_ASSIGNMENT (( #1276 ) ) ;
#1328 =( GEOMETRIC_REPRESENTATION_CONTEXT ( 3 ) GLOBAL_UNCERTAINTY_ASSIGNED_CONTEXT ( ( #1293 ) ) GLOBAL_UNIT_ASSIGNED_CONTEXT ( ( #1367, #1321, #1272 ) ) REPRESENTATION_CONTEXT ( 'NONE', 'WORKASPACE' ) );
#1329 = DIRECTION ( 'NONE',  ( -1.000000000000000000, 5.872771121110819100E-049, -1.224606353822377300E-016 ) ) ;
#1330 = VECTOR ( 'NONE', #1329, 1000.000000000000000 ) ;
#1331 = CARTESIAN_POINT ( 'NONE',  ( 19.06156544611969400, 9.054763847188317200, -2.704016832421813900 ) ) ;
#1332 = LINE ( 'NONE', #1331, #1330 ) ;
#1333 = DIRECTION ( 'NONE',  ( -1.000000000000000000, 5.872771121110819100E-049, -1.224606353822377300E-016 ) ) ;
#1334 = VECTOR ( 'NONE', #1333, 1000.000000000000000 ) ;
#1335 = CARTESIAN_POINT ( 'NONE',  ( 18.42656544611968900, 5.911739768064540700, -3.494048876190102100 ) ) ;
#1336 = LINE ( 'NONE', #1335, #1334 ) ;
#1337 = DIRECTION ( 'NONE',  ( -1.383662747167360600E-017, -1.000000000000000000, 2.525907955783923100E-018 ) ) ;
#1338 = DIRECTION ( 'NONE',  ( 0.0000000000000000000, 0.0000000000000000000, 1.000000000000000000 ) ) ;
#1339 = VECTOR ( 'NONE', #1337, 1000.000000000000000 ) ;
#1340 = CARTESIAN_POINT ( 'NONE',  ( 15.14996544611969000, -2.013060231935459100, 0.6614831675781870400 ) ) ;
#1341 = FILL_AREA_STYLE_COLOUR ( '', #1286 ) ;
#1342 = FILL_AREA_STYLE_COLOUR ( '', #1344 ) ;
#1344 = COLOUR_RGB ( '',0.8745098039215686300, 0.0000000000000000000, 0.3568627450980392200 ) ;
#1343 = DIRECTION ( 'NONE',  ( -1.000000000000000000, 5.872771121110819100E-049, -1.224606353822377300E-016 ) ) ;
#1345 = CYLINDRICAL_SURFACE ( 'NONE', #1271, 1.828799999999998400 ) ;
#1346 = CARTESIAN_POINT ( 'NONE',  ( 18.42656544611968900, 5.911739768064540700, -3.494048876190102100 ) ) ;
#1347 = DIRECTION ( 'NONE',  ( -1.000000000000000000, 5.872771121110819100E-049, -1.224606353822377300E-016 ) ) ;
#1348 = VECTOR ( 'NONE', #1347, 1000.000000000000000 ) ;
#1349 = CARTESIAN_POINT ( 'NONE',  ( 18.42656544611968900, 8.273939768064542100, -3.502648656819618900 ) ) ;
#1350 = LINE ( 'NONE', #1349, #1348 ) ;
#1351 = DIRECTION ( 'NONE',  ( 0.0000000000000000000, 1.000000000000000000, 0.0000000000000000000 ) ) ;
#1352 = DIRECTION ( 'NONE',  ( 0.0000000000000000000, 0.0000000000000000000, 1.000000000000000000 ) ) ;
#1353 = CARTESIAN_POINT ( 'NONE',  ( 2.424565446119686400, -0.03186023193545921300, -0.7228168324218131600 ) ) ;
#1354 = AXIS2_PLACEMENT_3D ( 'NONE', #1353, #1351, #1358 ) ;
#1355 = CIRCLE ( 'NONE', #1354, 1.828799999999998200 ) ;
#1356 =( GEOMETRIC_REPRESENTATION_CONTEXT ( 3 ) GLOBAL_UNCERTAINTY_ASSIGNED_CONTEXT ( ( #1164 ) ) GLOBAL_UNIT_ASSIGNED_CONTEXT ( ( #1187, #1166, #1165 ) ) REPRESENTATION_CONTEXT ( 'NONE', 'WORKASPACE' ) );
#1357 = LINE ( 'NONE', #1340, #1339 ) ;
#1358 = DIRECTION ( 'NONE',  ( 0.0000000000000000000, 0.0000000000000000000, 1.000000000000000000 ) ) ;
#1359 = PRESENTATION_STYLE_ASSIGNMENT (( #1360 ) ) ;
#1360 = SURFACE_STYLE_USAGE ( .BOTH. , #1277 ) ;
#1361 = DIRECTION ( 'NONE',  ( 0.0000000000000000000, 0.0000000000000000000, 1.000000000000000000 ) ) ;
#1362 = CARTESIAN_POINT ( 'NONE',  ( -13.34883455388031100, 0.2221397680645407800, -0.7228168324218122700 ) ) ;
#1363 = DIRECTION ( 'NONE',  ( 0.0000000000000000000, -1.000000000000000000, 3.916066504679277800E-017 ) ) ;
#1364 = FACE_OUTER_BOUND ( 'NONE', #4308, .T. ) ;
#1365 = CARTESIAN_POINT ( 'NONE',  ( 18.42656544611968900, 8.273939768064542100, -3.502648656819618900 ) ) ;
#1366 = DIRECTION ( 'NONE',  ( 1.000000000000000000, -5.872771121110819100E-049, 1.224606353822377300E-016 ) ) ;
#1367 =( LENGTH_UNIT ( ) NAMED_UNIT ( * ) SI_UNIT ( .MILLI., .METRE. ) );
#1368 =( LENGTH_UNIT ( ) NAMED_UNIT ( * ) SI_UNIT ( .MILLI., .METRE. ) );
#1369 = PRESENTATION_LAYER_ASSIGNMENT (  '', '', ( #1370 ) ) ;
#1370 = STYLED_ITEM ( 'NONE', ( #1371 ), #4725 ) ;
#1371 = PRESENTATION_STYLE_ASSIGNMENT (( #1372 ) ) ;
#1372 = SURFACE_STYLE_USAGE ( .BOTH. , #1373 ) ;
#1373 = SURFACE_SIDE_STYLE ('',( #1374 ) ) ;
#1374 = SURFACE_STYLE_FILL_AREA ( #1375 ) ;
#1375 = FILL_AREA_STYLE ('',( #1409 ) ) ;
#1376 = COLOUR_RGB ( '',0.8313725490196077800, 0.8392156862745098200, 0.8274509803921568100 ) ;
#1377 = FACE_OUTER_BOUND ( 'NONE', #4676, .T. ) ;
#1378 = DIRECTION ( 'NONE',  ( -1.000000000000000000, 5.872771121110819100E-049, -1.224606353822377300E-016 ) ) ;
#1379 = VECTOR ( 'NONE', #1378, 1000.000000000000000 ) ;
#1380 = CARTESIAN_POINT ( 'NONE',  ( 19.22791818824333300, 5.943650990884853200, -2.149740864686067600 ) ) ;
#1381 = CARTESIAN_POINT ( 'NONE',  ( 19.26503319762873900, 6.061921620203816200, -1.866229972225141600 ) ) ;
#1382 = CARTESIAN_POINT ( 'NONE',  ( 19.29097641471901500, 6.149677342309240100, -1.735522365160512500 ) ) ;
#1383 = CARTESIAN_POINT ( 'NONE',  ( 19.34211987392686900, 6.365900710756681800, -1.519357536324919000 ) ) ;
#1384 = AXIS2_PLACEMENT_3D ( 'NONE', #1401, #1400, #1385 ) ;
#1385 = DIRECTION ( 'NONE',  ( 1.110223024625156500E-016, 1.199347274264538000E-016, -1.000000000000000000 ) ) ;
#1386 =( NAMED_UNIT ( * ) SI_UNIT ( $, .STERADIAN. ) SOLID_ANGLE_UNIT ( ) );
#1387 =( NAMED_UNIT ( * ) PLANE_ANGLE_UNIT ( ) SI_UNIT ( $, .RADIAN. ) );
#1388 =( NAMED_UNIT ( * ) SI_UNIT ( $, .STERADIAN. ) SOLID_ANGLE_UNIT ( ) );
#1389 = CARTESIAN_POINT ( 'NONE',  ( 19.41542138313636600, 7.092839768064540500, -1.281616832421815800 ) ) ;
#1390 = DIRECTION ( 'NONE',  ( -1.383662747167360800E-017, -1.000000000000000000, 2.525907955783948100E-018 ) ) ;
#1391 = UNCERTAINTY_MEASURE_WITH_UNIT (LENGTH_MEASURE( 1.000000000000000100E-005 ), #1417, 'distance_accuracy_value', 'NONE');
#1392 = MECHANICAL_DESIGN_GEOMETRIC_PRESENTATION_REPRESENTATION (  '', ( #1394 ), #1423 ) ;
#1393 = PRESENTATION_LAYER_ASSIGNMENT (  '', '', ( #1394 ) ) ;
#1394 = STYLED_ITEM ( 'NONE', ( #1472 ), #4718 ) ;
#1395 = MECHANICAL_DESIGN_GEOMETRIC_PRESENTATION_REPRESENTATION (  '', ( #1414 ), #1451 ) ;
#1396 = CARTESIAN_POINT ( 'NONE',  ( 19.36752989361064800, 6.496161765795513100, -1.431756776548871000 ) ) ;
#1397 = CARTESIAN_POINT ( 'NONE',  ( 19.40399429597102800, 6.781642600425085400, -1.312908327473935300 ) ) ;
#1398 = CARTESIAN_POINT ( 'NONE',  ( 19.41487953948283600, 6.935706042757530600, -1.281616832421815600 ) ) ;
#1399 = CARTESIAN_POINT ( 'NONE',  ( 19.41542138313636600, 7.092839768064540500, -1.281616832421815800 ) ) ;
#1400 = DIRECTION ( 'NONE',  ( -1.000000000000000000, 1.383662747167359800E-017, -1.110223024625156500E-016 ) ) ;
#1401 = CARTESIAN_POINT ( 'NONE',  ( 14.17206544611968900, -0.3620602319354593300, 0.2550831675781880000 ) ) ;
#1402 =( LENGTH_UNIT ( ) NAMED_UNIT ( * ) SI_UNIT ( .MILLI., .METRE. ) );
#1403 =( NAMED_UNIT ( * ) PLANE_ANGLE_UNIT ( ) SI_UNIT ( $, .RADIAN. ) );
#1404 = CARTESIAN_POINT ( 'NONE',  ( 19.21659748988798100, 5.911739768064540700, -2.462716832421815800 ) ) ;
#1405 = CARTESIAN_POINT ( 'NONE',  ( 19.21659748988797700, 5.911739768064541600, -2.305575771140999200 ) ) ;
#1406 =( GEOMETRIC_REPRESENTATION_CONTEXT ( 3 ) GLOBAL_UNCERTAINTY_ASSIGNED_CONTEXT ( ( #1212 ) ) GLOBAL_UNIT_ASSIGNED_CONTEXT ( ( #710, #684, #463 ) ) REPRESENTATION_CONTEXT ( 'NONE', 'WORKASPACE' ) );
#1407 = CARTESIAN_POINT ( 'NONE',  ( 19.06156544611969400, -0.03186023193545909500, 2.045783167578187500 ) ) ;
#1408 = LINE ( 'NONE', #1407, #1379 ) ;
#1409 = FILL_AREA_STYLE_COLOUR ( '', #1376 ) ;
#1410 = CARTESIAN_POINT ( 'NONE',  ( 11.18756544611969200, -0.03186023193545909500, 2.045783167578186600 ) ) ;
#1411 = DIRECTION ( 'NONE',  ( 0.0000000000000000000, 0.0000000000000000000, 1.000000000000000000 ) ) ;
#1412 = DIRECTION ( 'NONE',  ( -1.000000000000000000, 5.872771121110819100E-049, -1.224606353822377300E-016 ) ) ;
#1413 = PRESENTATION_LAYER_ASSIGNMENT (  '', '', ( #1414 ) ) ;
#1414 = STYLED_ITEM ( 'NONE', ( #3181 ), #4707 ) ;
#1415 =( NAMED_UNIT ( * ) SI_UNIT ( $, .STERADIAN. ) SOLID_ANGLE_UNIT ( ) );
#1416 =( NAMED_UNIT ( * ) PLANE_ANGLE_UNIT ( ) SI_UNIT ( $, .RADIAN. ) );
#1417 =( LENGTH_UNIT ( ) NAMED_UNIT ( * ) SI_UNIT ( .MILLI., .METRE. ) );
#1418 = DIRECTION ( 'NONE',  ( 1.000000000000000000, -0.0000000000000000000, 0.0000000000000000000 ) ) ;
#1419 = CARTESIAN_POINT ( 'NONE',  ( -14.21243455388030900, 8.582224676491646800, -2.820593276939024700 ) ) ;
#1420 = AXIS2_PLACEMENT_3D ( 'NONE', #1455, #1454, #1448 ) ;
#1421 = DIRECTION ( 'NONE',  ( 0.0000000000000000000, 0.0000000000000000000, -1.000000000000000000 ) ) ;
#1422 = CYLINDRICAL_SURFACE ( 'NONE', #1489, 1.714500000000000800 ) ;
#1423 =( GEOMETRIC_REPRESENTATION_CONTEXT ( 3 ) GLOBAL_UNCERTAINTY_ASSIGNED_CONTEXT ( ( #1439 ) ) GLOBAL_UNIT_ASSIGNED_CONTEXT ( ( #1402, #1416, #1415 ) ) REPRESENTATION_CONTEXT ( 'NONE', 'WORKASPACE' ) );
#1424 = FACE_OUTER_BOUND ( 'NONE', #4719, .T. ) ;
#1425 = DIRECTION ( 'NONE',  ( -1.224606353822377300E-016, 3.916066504679276500E-017, 1.000000000000000000 ) ) ;
#1426 = VECTOR ( 'NONE', #1425, 1000.000000000000000 ) ;
#1427 = CARTESIAN_POINT ( 'NONE',  ( 19.21659748988798100, 5.911739768064540700, -2.704016832421814300 ) ) ;
#1428 = LINE ( 'NONE', #1427, #1426 ) ;
#1429 = FILL_AREA_STYLE_COLOUR ( '', #1478 ) ;
#1430 = VECTOR ( 'NONE', #1390, 1000.000000000000000 ) ;
#1431 = CARTESIAN_POINT ( 'NONE',  ( 16.12786544611969200, -0.3620602319354593300, -1.700716832421814500 ) ) ;
#1432 = LINE ( 'NONE', #1431, #1430 ) ;
#1433 =( NAMED_UNIT ( * ) PLANE_ANGLE_UNIT ( ) SI_UNIT ( $, .RADIAN. ) );
#1434 = CARTESIAN_POINT ( 'NONE',  ( -6.338434553880310000, 7.105539768064542000, -0.009894666055310932800 ) ) ;
#1435 =( LENGTH_UNIT ( ) NAMED_UNIT ( * ) SI_UNIT ( .MILLI., .METRE. ) );
#1436 = MECHANICAL_DESIGN_GEOMETRIC_PRESENTATION_REPRESENTATION (  '', ( #1370 ), #1471 ) ;
#1437 = AXIS2_PLACEMENT_3D ( 'NONE', #1434, #1418, #1421 ) ;
#1438 = TOROIDAL_SURFACE ( 'NONE', #1420, 1.961418588733892000, 0.5771185887338917700 ) ;
#1439 = UNCERTAINTY_MEASURE_WITH_UNIT (LENGTH_MEASURE( 1.000000000000000100E-005 ), #1402, 'distance_accuracy_value', 'NONE');
#1440 = DIRECTION ( 'NONE',  ( 0.0000000000000000000, 0.0000000000000000000, 1.000000000000000000 ) ) ;
#1441 = DIRECTION ( 'NONE',  ( -1.383662747167360600E-017, -1.000000000000000000, 2.525907955783923100E-018 ) ) ;
#1442 = CARTESIAN_POINT ( 'NONE',  ( 15.14996544611969000, -1.606660231935459300, -0.7228168324218131600 ) ) ;
#1443 = AXIS2_PLACEMENT_3D ( 'NONE', #1442, #1441, #1440 ) ;
#1444 = CIRCLE ( 'NONE', #1443, 1.686491401254993600 ) ;
#1445 = MECHANICAL_DESIGN_GEOMETRIC_PRESENTATION_REPRESENTATION (  '', ( #1885 ), #1898 ) ;
#1446 = UNCERTAINTY_MEASURE_WITH_UNIT (LENGTH_MEASURE( 1.000000000000000100E-005 ), #1435, 'distance_accuracy_value', 'NONE');
#1447 =( NAMED_UNIT ( * ) SI_UNIT ( $, .STERADIAN. ) SOLID_ANGLE_UNIT ( ) );
#1448 = DIRECTION ( 'NONE',  ( 3.495004741191875400E-035, 2.525907955783923100E-018, 1.000000000000000000 ) ) ;
#1449 = PLANE ( 'NONE',  #1384 ) ;
#1450 =( LENGTH_UNIT ( ) NAMED_UNIT ( * ) SI_UNIT ( .MILLI., .METRE. ) );
#1451 =( GEOMETRIC_REPRESENTATION_CONTEXT ( 3 ) GLOBAL_UNCERTAINTY_ASSIGNED_CONTEXT ( ( #1391 ) ) GLOBAL_UNIT_ASSIGNED_CONTEXT ( ( #1417, #1403, #1388 ) ) REPRESENTATION_CONTEXT ( 'NONE', 'WORKASPACE' ) );
#1452 = MECHANICAL_DESIGN_GEOMETRIC_PRESENTATION_REPRESENTATION (  '', ( #1463 ), #1527 ) ;
#1453 = CARTESIAN_POINT ( 'NONE',  ( -13.57743455388030900, 7.105539768064542000, -0.009894666055221594500 ) ) ;
#1454 = DIRECTION ( 'NONE',  ( -1.383662747167360600E-017, -1.000000000000000000, 2.525907955783923100E-018 ) ) ;
#1455 = CARTESIAN_POINT ( 'NONE',  ( 15.14996544611969000, -1.099234466875050000, -0.7228168324218130500 ) ) ;
#1456 = FACE_OUTER_BOUND ( 'NONE', #6337, .T. ) ;
#1457 = DIRECTION ( 'NONE',  ( 1.000000000000000000, -0.0000000000000000000, 0.0000000000000000000 ) ) ;
#1458 = VECTOR ( 'NONE', #1457, 1000.000000000000000 ) ;
#1459 = FILL_AREA_STYLE_COLOUR ( '', #1470 ) ;
#1460 = CARTESIAN_POINT ( 'NONE',  ( 19.21659748988798100, 5.911739768064540700, -2.462716832421815800 ) ) ;
#1461 = B_SPLINE_CURVE_WITH_KNOTS ( 'NONE', 3,
 ( #1399, #1398, #1397, #1396, #1383, #1382, #1381, #1380, #1405, #1404 ),
 .UNSPECIFIED., .F., .F.,
 ( 4, 2, 2, 2, 4 ),
 ( 0.0000000000000000000, 0.0004644870840590047400, 0.0009289741681180094800, 0.001393461252177014200, 0.001857948336236019800 ),
 .UNSPECIFIED. ) ;
#1462 = PRESENTATION_LAYER_ASSIGNMENT (  '', '', ( #1463 ) ) ;
#1463 = STYLED_ITEM ( 'NONE', ( #1464 ), #6303 ) ;
#1464 = PRESENTATION_STYLE_ASSIGNMENT (( #1465 ) ) ;
#1465 = SURFACE_STYLE_USAGE ( .BOTH. , #1466 ) ;
#1466 = SURFACE_SIDE_STYLE ('',( #1467 ) ) ;
#1467 = SURFACE_STYLE_FILL_AREA ( #1468 ) ;
#1468 = FILL_AREA_STYLE ('',( #1459 ) ) ;
#1469 =( LENGTH_UNIT ( ) NAMED_UNIT ( * ) SI_UNIT ( .MILLI., .METRE. ) );
#1470 = COLOUR_RGB ( '',0.8313725490196077800, 0.8392156862745098200, 0.8274509803921568100 ) ;
#1471 =( GEOMETRIC_REPRESENTATION_CONTEXT ( 3 ) GLOBAL_UNCERTAINTY_ASSIGNED_CONTEXT ( ( #1446 ) ) GLOBAL_UNIT_ASSIGNED_CONTEXT ( ( #1435, #1433, #1447 ) ) REPRESENTATION_CONTEXT ( 'NONE', 'WORKASPACE' ) );
#1472 = PRESENTATION_STYLE_ASSIGNMENT (( #1473 ) ) ;
#1473 = SURFACE_STYLE_USAGE ( .BOTH. , #1474 ) ;
#1474 = SURFACE_SIDE_STYLE ('',( #1475 ) ) ;
#1475 = SURFACE_STYLE_FILL_AREA ( #1476 ) ;
#1476 = FILL_AREA_STYLE ('',( #1429 ) ) ;
#1477 = LINE ( 'NONE', #1419, #1458 ) ;
#1478 = COLOUR_RGB ( '',0.8313725490196077800, 0.8392156862745098200, 0.8274509803921568100 ) ;
#1479 = DIRECTION ( 'NONE',  ( 0.0000000000000000000, 0.0000000000000000000, 1.000000000000000000 ) ) ;
#1480 = DIRECTION ( 'NONE',  ( 1.000000000000000000, -0.0000000000000000000, 0.0000000000000000000 ) ) ;
#1481 = AXIS2_PLACEMENT_3D ( 'NONE', #1453, #1480, #1479 ) ;
#1482 = CIRCLE ( 'NONE', #1481, 3.683000000000084700 ) ;
#1483 = CIRCLE ( 'NONE', #1437, 3.682999999999999800 ) ;
#1484 = CARTESIAN_POINT ( 'NONE',  ( 11.18756544611969200, 1.161939768064540900, 2.045783167578186100 ) ) ;
#1485 = AXIS2_PLACEMENT_3D ( 'NONE', #1484, #1412, #1411 ) ;
#1486 = DIRECTION ( 'NONE',  ( -1.000000000000000000, 0.0000000000000000000, -1.264744441511232200E-016 ) ) ;
#1487 = DIRECTION ( 'NONE',  ( -6.162975822039154700E-033, -1.000000000000000000, 3.916066504679276500E-017 ) ) ;
#1488 = CARTESIAN_POINT ( 'NONE',  ( 15.14996544611969000, 0.4761397680645407800, -0.7228168324218136000 ) ) ;
#1489 = AXIS2_PLACEMENT_3D ( 'NONE', #1488, #1487, #1486 ) ;
#1490 = CIRCLE ( 'NONE', #1485, 1.193800000000000000 ) ;
#1491 = STYLED_ITEM ( 'NONE', ( #1492 ), #5023 ) ;
#1492 = PRESENTATION_STYLE_ASSIGNMENT (( #1493 ) ) ;
#1493 = SURFACE_STYLE_USAGE ( .BOTH. , #1494 ) ;
#1494 = SURFACE_SIDE_STYLE ('',( #1495 ) ) ;
#1495 = SURFACE_STYLE_FILL_AREA ( #1496 ) ;
#1496 = FILL_AREA_STYLE ('',( #1533 ) ) ;
#1497 = COLOUR_RGB ( '',0.8313725490196077800, 0.8392156862745098200, 0.8274509803921568100 ) ;
#1498 = FACE_OUTER_BOUND ( 'NONE', #5016, .T. ) ;
#1499 = DIRECTION ( 'NONE',  ( -1.000000000000000000, 5.872771121110819100E-049, -1.224606353822377300E-016 ) ) ;
#1500 = VECTOR ( 'NONE', #1499, 1000.000000000000000 ) ;
#1501 = DIRECTION ( 'NONE',  ( 0.0000000000000000000, 0.0000000000000000000, -1.000000000000000000 ) ) ;
#1502 = CARTESIAN_POINT ( 'NONE',  ( -14.21243455388030900, 7.105539768064542000, -0.009894666055310932800 ) ) ;
#1503 = CARTESIAN_POINT ( 'NONE',  ( 11.18756544611969200, 4.819539768064540700, -3.014541104283899200 ) ) ;
#1504 = DIRECTION ( 'NONE',  ( 1.000000000000000000, -0.0000000000000000000, 0.0000000000000000000 ) ) ;
#1505 = CARTESIAN_POINT ( 'NONE',  ( 11.18756544611969200, 4.819539768064540700, -3.522541104283899200 ) ) ;
#1506 = VECTOR ( 'NONE', #1550, 1000.000000000000000 ) ;
#1507 = B_SPLINE_CURVE_WITH_KNOTS ( 'NONE', 3,
 ( #1553, #1602, #1603, #1613 ),
 .UNSPECIFIED., .F., .F.,
 ( 4, 4 ),
 ( 0.001844446053886591000, 0.001856968611492750200 ),
 .UNSPECIFIED. ) ;
#1508 =( GEOMETRIC_REPRESENTATION_CONTEXT ( 3 ) GLOBAL_UNCERTAINTY_ASSIGNED_CONTEXT ( ( #1578 ) ) GLOBAL_UNIT_ASSIGNED_CONTEXT ( ( #1615, #1580, #1579 ) ) REPRESENTATION_CONTEXT ( 'NONE', 'WORKASPACE' ) );
#1509 = DIRECTION ( 'NONE',  ( 0.0000000000000000000, 0.0000000000000000000, -1.000000000000000000 ) ) ;
#1510 = DIRECTION ( 'NONE',  ( -1.000000000000000000, 5.872771121110819100E-049, -1.224606353822377300E-016 ) ) ;
#1511 = VECTOR ( 'NONE', #1510, 1000.000000000000000 ) ;
#1512 = CARTESIAN_POINT ( 'NONE',  ( 18.42656544611968900, 5.911739768064540700, 2.048415211346476600 ) ) ;
#1513 = LINE ( 'NONE', #1512, #1511 ) ;
#1514 = AXIS2_PLACEMENT_3D ( 'NONE', #1536, #1535, #1534 ) ;
#1515 = CIRCLE ( 'NONE', #1514, 1.016000000000000000 ) ;
#1516 = LINE ( 'NONE', #1532, #1500 ) ;
#1517 =( NAMED_UNIT ( * ) PLANE_ANGLE_UNIT ( ) SI_UNIT ( $, .RADIAN. ) );
#1518 = LINE ( 'NONE', #1551, #1506 ) ;
#1519 = DIRECTION ( 'NONE',  ( 0.0000000000000000000, 0.0000000000000000000, 1.000000000000000000 ) ) ;
#1520 = DIRECTION ( 'NONE',  ( -1.000000000000000000, 5.872771121110819100E-049, -1.224606353822377300E-016 ) ) ;
#1521 = CARTESIAN_POINT ( 'NONE',  ( 19.06156544611969400, 4.819539768064540700, -2.506541104283898300 ) ) ;
#1522 = LINE ( 'NONE', #1521, #1531 ) ;
#1523 = CARTESIAN_POINT ( 'NONE',  ( 18.29956544611969300, 8.582224676491646800, 1.374959612095398000 ) ) ;
#1524 = DIRECTION ( 'NONE',  ( 0.0000000000000000000, -1.000000000000000000, 0.0000000000000000000 ) ) ;
#1525 = DIRECTION ( 'NONE',  ( 1.000000000000000000, -1.250846150945177000E-016, 1.224606353822377300E-016 ) ) ;
#1526 = CARTESIAN_POINT ( 'NONE',  ( 18.42656544611968900, 7.105539768064542000, 2.247261001211679600 ) ) ;
#1527 =( GEOMETRIC_REPRESENTATION_CONTEXT ( 3 ) GLOBAL_UNCERTAINTY_ASSIGNED_CONTEXT ( ( #1102 ) ) GLOBAL_UNIT_ASSIGNED_CONTEXT ( ( #1450, #1387, #1386 ) ) REPRESENTATION_CONTEXT ( 'NONE', 'WORKASPACE' ) );
#1528 = CARTESIAN_POINT ( 'NONE',  ( 15.14996544611969000, 0.8571397680645415100, -0.7228168324218131600 ) ) ;
#1529 = AXIS2_PLACEMENT_3D ( 'NONE', #1528, #1540, #1519 ) ;
#1530 = CARTESIAN_POINT ( 'NONE',  ( 11.18756544611969200, 4.819539768064540700, -2.506541104283899200 ) ) ;
#1531 = VECTOR ( 'NONE', #1520, 1000.000000000000000 ) ;
#1532 = CARTESIAN_POINT ( 'NONE',  ( 18.42656544611968900, 8.273939768064542100, 1.516457884890007000 ) ) ;
#1533 = FILL_AREA_STYLE_COLOUR ( '', #1497 ) ;
#1534 = DIRECTION ( 'NONE',  ( 0.0000000000000000000, -1.000000000000000000, 0.0000000000000000000 ) ) ;
#1535 = DIRECTION ( 'NONE',  ( 1.000000000000000000, -1.250846150945177000E-016, 1.224606353822377300E-016 ) ) ;
#1536 = CARTESIAN_POINT ( 'NONE',  ( 18.29956544611969000, 4.819539768064540700, -3.522541104283898300 ) ) ;
#1537 = AXIS2_PLACEMENT_3D ( 'NONE', #1541, #1525, #1524 ) ;
#1538 = CIRCLE ( 'NONE', #1537, 1.015999999999999600 ) ;
#1539 = CARTESIAN_POINT ( 'NONE',  ( 18.29956544611969000, 8.582224676491643200, -2.820593276939025200 ) ) ;
#1540 = DIRECTION ( 'NONE',  ( -1.383662747167360600E-017, -1.000000000000000000, 2.525907955783923100E-018 ) ) ;
#1541 = CARTESIAN_POINT ( 'NONE',  ( 18.29956544611969300, 9.054763847188317200, -3.720016832421813500 ) ) ;
#1542 = CARTESIAN_POINT ( 'NONE',  ( 18.29956544611969000, 5.911739768064540700, -2.951912096323186900 ) ) ;
#1543 = CYLINDRICAL_SURFACE ( 'NONE', #1549, 3.682999999999999800 ) ;
#1544 = DIRECTION ( 'NONE',  ( 1.000000000000000000, -5.872771121110819100E-049, 1.224606353822377300E-016 ) ) ;
#1545 = CIRCLE ( 'NONE', #1547, 1.016000000000000000 ) ;
#1546 = CARTESIAN_POINT ( 'NONE',  ( 11.18756544611969200, 4.354504380899337300, -2.619214978964748300 ) ) ;
#1547 = AXIS2_PLACEMENT_3D ( 'NONE', #1505, #1544, #1509 ) ;
#1548 =( NAMED_UNIT ( * ) SI_UNIT ( $, .STERADIAN. ) SOLID_ANGLE_UNIT ( ) );
#1549 = AXIS2_PLACEMENT_3D ( 'NONE', #1502, #1504, #1501 ) ;
#1550 = DIRECTION ( 'NONE',  ( 1.224606353822377300E-016, -3.916066504679276500E-017, -1.000000000000000000 ) ) ;
#1551 = CARTESIAN_POINT ( 'NONE',  ( 18.29956544611969000, 5.911739768064540700, -2.951912096323186900 ) ) ;
#1552 = DIRECTION ( 'NONE',  ( 0.0000000000000000000, 0.0000000000000000000, 1.000000000000000000 ) ) ;
#1553 = CARTESIAN_POINT ( 'NONE',  ( -14.56631238751380200, 7.105539768064542000, -0.1639485508781780000 ) ) ;
#1554 = CYLINDRICAL_SURFACE ( 'NONE', #1587, 1.016000000000000000 ) ;
#1555 = CARTESIAN_POINT ( 'NONE',  ( 18.42656544611968900, 5.911739768064540700, 2.048415211346476600 ) ) ;
#1556 = SURFACE_STYLE_FILL_AREA ( #1557 ) ;
#1557 = FILL_AREA_STYLE ('',( #1584 ) ) ;
#1558 = COLOUR_RGB ( '',0.8313725490196077800, 0.8392156862745098200, 0.8274509803921568100 ) ;
#1559 = FACE_OUTER_BOUND ( 'NONE', #5027, .T. ) ;
#1560 = DIRECTION ( 'NONE',  ( -1.000000000000000000, 5.872771121110819100E-049, -1.224606353822377300E-016 ) ) ;
#1561 = CARTESIAN_POINT ( 'NONE',  ( 15.14996544611969000, -1.606660231935459300, 0.9636745688331804800 ) ) ;
#1562 = CARTESIAN_POINT ( 'NONE',  ( -6.338434553880310000, 9.270145734898340700, 1.814302041637918700 ) ) ;
#1563 = CARTESIAN_POINT ( 'NONE',  ( 15.14996544611969000, -1.606660231935459300, -2.409308233676807000 ) ) ;
#1564 = LINE ( 'NONE', #1585, #1573 ) ;
#1565 = SURFACE_STYLE_FILL_AREA ( #1566 ) ;
#1566 = FILL_AREA_STYLE ('',( #1612 ) ) ;
#1567 = COLOUR_RGB ( '',0.8313725490196077800, 0.8392156862745098200, 0.8274509803921568100 ) ;
#1568 = FACE_OUTER_BOUND ( 'NONE', #6297, .T. ) ;
#1569 = DIRECTION ( 'NONE',  ( 1.000000000000000000, -0.0000000000000000000, 0.0000000000000000000 ) ) ;
#1570 = CARTESIAN_POINT ( 'NONE',  ( 19.06156544611969400, 4.819539768064540700, -3.522541104283898300 ) ) ;
#1571 =( GEOMETRIC_REPRESENTATION_CONTEXT ( 3 ) GLOBAL_UNCERTAINTY_ASSIGNED_CONTEXT ( ( #1592 ) ) GLOBAL_UNIT_ASSIGNED_CONTEXT ( ( #1469, #1591, #1617 ) ) REPRESENTATION_CONTEXT ( 'NONE', 'WORKASPACE' ) );
#1572 = DIRECTION ( 'NONE',  ( 1.000000000000000000, -0.0000000000000000000, 0.0000000000000000000 ) ) ;
#1573 = VECTOR ( 'NONE', #1572, 1000.000000000000000 ) ;
#1574 = DIRECTION ( 'NONE',  ( -1.000000000000000000, 0.0000000000000000000, 0.0000000000000000000 ) ) ;
#1575 = CARTESIAN_POINT ( 'NONE',  ( -6.338434553880310000, 9.054763847188317200, 2.274383167578186700 ) ) ;
#1576 = AXIS2_PLACEMENT_3D ( 'NONE', #1575, #1574, #1595 ) ;
#1577 = CIRCLE ( 'NONE', #1576, 0.5079999999999993400 ) ;
#1578 = UNCERTAINTY_MEASURE_WITH_UNIT (LENGTH_MEASURE( 1.000000000000000100E-005 ), #1615, 'distance_accuracy_value', 'NONE');
#1579 =( NAMED_UNIT ( * ) SI_UNIT ( $, .STERADIAN. ) SOLID_ANGLE_UNIT ( ) );
#1580 =( NAMED_UNIT ( * ) PLANE_ANGLE_UNIT ( ) SI_UNIT ( $, .RADIAN. ) );
#1581 = VECTOR ( 'NONE', #1560, 1000.000000000000000 ) ;
#1582 = CARTESIAN_POINT ( 'NONE',  ( 19.06156544611969400, 9.270145734898340700, -3.259935706481545300 ) ) ;
#1583 = LINE ( 'NONE', #1582, #1581 ) ;
#1584 = FILL_AREA_STYLE_COLOUR ( '', #1558 ) ;
#1585 = CARTESIAN_POINT ( 'NONE',  ( -13.57743455388030900, 8.273939768064542100, -2.962091549733633800 ) ) ;
#1586 = DIRECTION ( 'NONE',  ( -1.000000000000000000, 5.872771121110819100E-049, -1.224606353822377300E-016 ) ) ;
#1587 = AXIS2_PLACEMENT_3D ( 'NONE', #1570, #1586, #1552 ) ;
#1588 =( GEOMETRIC_REPRESENTATION_CONTEXT ( 3 ) GLOBAL_UNCERTAINTY_ASSIGNED_CONTEXT ( ( #1589 ) ) GLOBAL_UNIT_ASSIGNED_CONTEXT ( ( #1618, #1614, #1590 ) ) REPRESENTATION_CONTEXT ( 'NONE', 'WORKASPACE' ) );
#1589 = UNCERTAINTY_MEASURE_WITH_UNIT (LENGTH_MEASURE( 1.000000000000000100E-005 ), #1618, 'distance_accuracy_value', 'NONE');
#1590 =( NAMED_UNIT ( * ) SI_UNIT ( $, .STERADIAN. ) SOLID_ANGLE_UNIT ( ) );
#1591 =( NAMED_UNIT ( * ) PLANE_ANGLE_UNIT ( ) SI_UNIT ( $, .RADIAN. ) );
#1592 = UNCERTAINTY_MEASURE_WITH_UNIT (LENGTH_MEASURE( 1.000000000000000100E-005 ), #1469, 'distance_accuracy_value', 'NONE');
#1593 = AXIS2_PLACEMENT_3D ( 'NONE', #1596, #1624, #1623 ) ;
#1594 = CYLINDRICAL_SURFACE ( 'NONE', #1593, 0.5080000000000002300 ) ;
#1595 = DIRECTION ( 'NONE',  ( 0.0000000000000000000, 0.0000000000000000000, -1.000000000000000000 ) ) ;
#1596 = CARTESIAN_POINT ( 'NONE',  ( 19.06156544611969400, 4.819539768064540700, -3.522541104283898300 ) ) ;
#1597 = PRESENTATION_LAYER_ASSIGNMENT (  '', '', ( #1598 ) ) ;
#1598 = STYLED_ITEM ( 'NONE', ( #1599 ), #5026 ) ;
#1599 = PRESENTATION_STYLE_ASSIGNMENT (( #1600 ) ) ;
#1600 = SURFACE_STYLE_USAGE ( .BOTH. , #1601 ) ;
#1601 = SURFACE_SIDE_STYLE ('',( #1556 ) ) ;
#1602 = CARTESIAN_POINT ( 'NONE',  ( -14.56631238751380200, 7.101309454758751200, -0.1639940407478773500 ) ) ;
#1603 = CARTESIAN_POINT ( 'NONE',  ( -14.56630509911320500, 7.097076125581851100, -0.1640168324218107500 ) ) ;
#1604 = PRESENTATION_LAYER_ASSIGNMENT (  '', '', ( #1605 ) ) ;
#1605 = STYLED_ITEM ( 'NONE', ( #1606 ), #6339 ) ;
#1606 = PRESENTATION_STYLE_ASSIGNMENT (( #1607 ) ) ;
#1607 = SURFACE_STYLE_USAGE ( .BOTH. , #1608 ) ;
#1608 = SURFACE_SIDE_STYLE ('',( #1565 ) ) ;
#1609 = VECTOR ( 'NONE', #1569, 1000.000000000000000 ) ;
#1610 = CARTESIAN_POINT ( 'NONE',  ( -14.21243455388030900, 9.270145734898340700, 1.814302041637918700 ) ) ;
#1611 = LINE ( 'NONE', #1610, #1609 ) ;
#1612 = FILL_AREA_STYLE_COLOUR ( '', #1567 ) ;
#1613 = CARTESIAN_POINT ( 'NONE',  ( -14.56629049089698600, 7.092839768064540500, -0.1640168324218107500 ) ) ;
#1614 =( NAMED_UNIT ( * ) PLANE_ANGLE_UNIT ( ) SI_UNIT ( $, .RADIAN. ) );
#1615 =( LENGTH_UNIT ( ) NAMED_UNIT ( * ) SI_UNIT ( .MILLI., .METRE. ) );
#1616 = MECHANICAL_DESIGN_GEOMETRIC_PRESENTATION_REPRESENTATION (  '', ( #1605 ), #1508 ) ;
#1617 =( NAMED_UNIT ( * ) SI_UNIT ( $, .STERADIAN. ) SOLID_ANGLE_UNIT ( ) );
#1618 =( LENGTH_UNIT ( ) NAMED_UNIT ( * ) SI_UNIT ( .MILLI., .METRE. ) );
#1619 = MECHANICAL_DESIGN_GEOMETRIC_PRESENTATION_REPRESENTATION (  '', ( #1598 ), #1588 ) ;
#1620 = CARTESIAN_POINT ( 'NONE',  ( 19.06156544611969400, 1.161939768064540900, 3.239583167578187000 ) ) ;
#1621 = LINE ( 'NONE', #1620, #1656 ) ;
#1622 = DIRECTION ( 'NONE',  ( 1.250846150945177000E-016, 1.000000000000000000, -3.916066504679275300E-017 ) ) ;
#1623 = DIRECTION ( 'NONE',  ( 0.0000000000000000000, 0.0000000000000000000, 1.000000000000000000 ) ) ;
#1624 = DIRECTION ( 'NONE',  ( -1.000000000000000000, 5.872771121110819100E-049, -1.224606353822377300E-016 ) ) ;
#1625 = CARTESIAN_POINT ( 'NONE',  ( 17.99476544611969300, -7.232760231935460900, -0.7228168324218143800 ) ) ;
#1626 = DIRECTION ( 'NONE',  ( -1.000000000000000000, 1.250846150945177000E-016, -1.224606353822377300E-016 ) ) ;
#1627 = CIRCLE ( 'NONE', #1632, 0.9905999999999999300 ) ;
#1628 = CYLINDRICAL_SURFACE ( 'NONE', #1636, 0.5080000000000000100 ) ;
#1629 = DIRECTION ( 'NONE',  ( 1.000000000000000000, -0.0000000000000000000, 0.0000000000000000000 ) ) ;
#1630 = AXIS2_PLACEMENT_3D ( 'NONE', #1663, #1665, #1697 ) ;
#1631 = CIRCLE ( 'NONE', #1630, 0.9905999999999999300 ) ;
#1632 = AXIS2_PLACEMENT_3D ( 'NONE', #1625, #1691, #1679 ) ;
#1633 = DIRECTION ( 'NONE',  ( 0.0000000000000000000, -1.000000000000000000, 8.921191104309859400E-015 ) ) ;
#1634 = DIRECTION ( 'NONE',  ( -1.000000000000000000, 1.250846150945177000E-016, -1.224606353822377300E-016 ) ) ;
#1635 = CIRCLE ( 'NONE', #1704, 3.174999999999999800 ) ;
#1636 = AXIS2_PLACEMENT_3D ( 'NONE', #1675, #1629, #1698 ) ;
#1637 = CARTESIAN_POINT ( 'NONE',  ( 18.29956544611969000, 7.105539768064542000, -0.009894666055310499100 ) ) ;
#1638 = AXIS2_PLACEMENT_3D ( 'NONE', #1637, #1634, #1633 ) ;
#1639 = CARTESIAN_POINT ( 'NONE',  ( 18.29956544611969000, 7.105539768064542000, -0.009894666055310499100 ) ) ;
#1640 = CIRCLE ( 'NONE', #1690, 3.682999999999999800 ) ;
#1641 = FILL_AREA_STYLE_COLOUR ( '', #1707 ) ;
#1642 = CARTESIAN_POINT ( 'NONE',  ( 18.29956544611969000, 8.818494261839980200, -3.270305054680420200 ) ) ;
#1643 = DIRECTION ( 'NONE',  ( 1.000000000000000000, 0.0000000000000000000, 0.0000000000000000000 ) ) ;
#1644 = CIRCLE ( 'NONE', #1638, 3.174999999999999800 ) ;
#1645 = DIRECTION ( 'NONE',  ( 0.0000000000000000000, 0.0000000000000000000, 1.000000000000000000 ) ) ;
#1646 = AXIS2_PLACEMENT_3D ( 'NONE', #1654, #1645, #1643 ) ;
#1647 = ADVANCED_BREP_SHAPE_REPRESENTATION ( '3526', ( #4306, #4385, #4739, #5739, #6295, #1646 ), #1674 ) ;
#1648 = CARTESIAN_POINT ( 'NONE',  ( 18.29956544611969000, 7.105539768064542000, -0.009894666055310499100 ) ) ;
#1649 = CARTESIAN_POINT ( 'NONE',  ( 18.29956544611969000, 5.373721586246357900, -2.670990452592119100 ) ) ;
#1650 = AXIS2_PLACEMENT_3D ( 'NONE', #1648, #1626, #1693 ) ;
#1651 = CIRCLE ( 'NONE', #1650, 3.174999999999999800 ) ;
#1652 = LINE ( 'NONE', #1669, #1668 ) ;
#1653 = CARTESIAN_POINT ( 'NONE',  ( 15.14996544611969000, 0.8571397680645415100, 1.076582205700037200 ) ) ;
#1654 = CARTESIAN_POINT ( 'NONE',  ( 0.0000000000000000000, 0.0000000000000000000, 0.0000000000000000000 ) ) ;
#1655 =( NAMED_UNIT ( * ) PLANE_ANGLE_UNIT ( ) SI_UNIT ( $, .RADIAN. ) );
#1656 = VECTOR ( 'NONE', #1686, 1000.000000000000000 ) ;
#1657 = MECHANICAL_DESIGN_GEOMETRIC_PRESENTATION_REPRESENTATION (  '', ( #1660 ), #1685 ) ;
#1658 = CARTESIAN_POINT ( 'NONE',  ( -6.338434553880310000, 7.105539768064542000, -3.692894666055310800 ) ) ;
#1659 = PRESENTATION_LAYER_ASSIGNMENT (  '', '', ( #1660 ) ) ;
#1660 = STYLED_ITEM ( 'NONE', ( #1662 ), #5045 ) ;
#1662 = PRESENTATION_STYLE_ASSIGNMENT (( #1701 ) ) ;
#1661 = DIRECTION ( 'NONE',  ( 0.0000000000000000000, 0.0000000000000000000, -1.000000000000000000 ) ) ;
#1663 = CARTESIAN_POINT ( 'NONE',  ( 18.40116544611969100, -7.232760231935460900, -0.7228168324218140500 ) ) ;
#1664 = CARTESIAN_POINT ( 'NONE',  ( 18.29956544611969000, 8.273939768064542100, -2.962091549733633300 ) ) ;
#1665 = DIRECTION ( 'NONE',  ( 1.000000000000000000, -1.383662747167359800E-017, 6.573919011953683000E-016 ) ) ;
#1666 = CARTESIAN_POINT ( 'NONE',  ( 18.29956544611969000, 8.273939768064542100, -3.502648656819618500 ) ) ;
#1667 = DIRECTION ( 'NONE',  ( -1.224606353822377300E-016, 3.916066504679276500E-017, 1.000000000000000000 ) ) ;
#1668 = VECTOR ( 'NONE', #1667, 1000.000000000000000 ) ;
#1669 = CARTESIAN_POINT ( 'NONE',  ( 18.29956544611969000, 8.273939768064542100, -2.962091549733633300 ) ) ;
#1670 = CARTESIAN_POINT ( 'NONE',  ( -13.45043455388031000, 8.273939768064542100, -2.962091549733634200 ) ) ;
#1671 = UNCERTAINTY_MEASURE_WITH_UNIT (LENGTH_MEASURE( 1.000000000000000100E-005 ), #1695, 'distance_accuracy_value', 'NONE');
#1672 =( NAMED_UNIT ( * ) SI_UNIT ( $, .STERADIAN. ) SOLID_ANGLE_UNIT ( ) );
#1673 = DIRECTION ( 'NONE',  ( 1.000000000000000000, -0.0000000000000000000, 0.0000000000000000000 ) ) ;
#1674 =( GEOMETRIC_REPRESENTATION_CONTEXT ( 3 ) GLOBAL_UNCERTAINTY_ASSIGNED_CONTEXT ( ( #1694 ) ) GLOBAL_UNIT_ASSIGNED_CONTEXT ( ( #1699, #1702, #1677 ) ) REPRESENTATION_CONTEXT ( 'NONE', 'WORKASPACE' ) );
#1675 = CARTESIAN_POINT ( 'NONE',  ( -14.21243455388030900, 4.819539768064540700, 2.076907439440272500 ) ) ;
#1676 = CARTESIAN_POINT ( 'NONE',  ( -13.45043455388031000, 7.105539768064542000, -0.009894666055310932800 ) ) ;
#1677 =( NAMED_UNIT ( * ) SI_UNIT ( $, .STERADIAN. ) SOLID_ANGLE_UNIT ( ) );
#1679 = DIRECTION ( 'NONE',  ( 0.0000000000000000000, 0.0000000000000000000, 1.000000000000000000 ) ) ;
#1678 = DIRECTION ( 'NONE',  ( -1.000000000000000000, 1.250846150945177000E-016, -1.224606353822377300E-016 ) ) ;
#1680 = CARTESIAN_POINT ( 'NONE',  ( 18.29956544611969000, 7.105539768064542000, -1.435738998788315800 ) ) ;
#1681 = AXIS2_PLACEMENT_3D ( 'NONE', #1680, #1678, #1622 ) ;
#1682 = CARTESIAN_POINT ( 'NONE',  ( 19.06156544611969400, 1.708356347983653000, 3.107191364828189300 ) ) ;
#1683 = LINE ( 'NONE', #1682, #1845 ) ;
#1684 = PLANE ( 'NONE',  #1681 ) ;
#1685 =( GEOMETRIC_REPRESENTATION_CONTEXT ( 3 ) GLOBAL_UNCERTAINTY_ASSIGNED_CONTEXT ( ( #1671 ) ) GLOBAL_UNIT_ASSIGNED_CONTEXT ( ( #1695, #1655, #1672 ) ) REPRESENTATION_CONTEXT ( 'NONE', 'WORKASPACE' ) );
#1686 = DIRECTION ( 'NONE',  ( -1.000000000000000000, 5.872771121110819100E-049, -1.224606353822377300E-016 ) ) ;
#1687 = FACE_OUTER_BOUND ( 'NONE', #5046, .T. ) ;
#1688 = DIRECTION ( 'NONE',  ( 0.0000000000000000000, 0.0000000000000000000, 1.000000000000000000 ) ) ;
#1689 = DIRECTION ( 'NONE',  ( -1.000000000000000000, 5.872771121110819100E-049, -1.224606353822377300E-016 ) ) ;
#1690 = AXIS2_PLACEMENT_3D ( 'NONE', #1639, #1689, #1688 ) ;
#1691 = DIRECTION ( 'NONE',  ( 1.000000000000000000, -1.383662747167359800E-017, 6.573919011953683000E-016 ) ) ;
#1692 = UNCERTAINTY_MEASURE_WITH_UNIT (LENGTH_MEASURE( 1.000000000000000100E-005 ), #476, 'distance_accuracy_value', 'NONE');
#1693 = DIRECTION ( 'NONE',  ( 0.0000000000000000000, -1.000000000000000000, 2.490837107191968900E-014 ) ) ;
#1694 = UNCERTAINTY_MEASURE_WITH_UNIT (LENGTH_MEASURE( 1.000000000000000100E-005 ), #1699, 'distance_accuracy_value', 'NONE');
#1695 =( LENGTH_UNIT ( ) NAMED_UNIT ( * ) SI_UNIT ( .MILLI., .METRE. ) );
#1696 = CARTESIAN_POINT ( 'NONE',  ( 18.40116544611969100, -7.232760231935460900, 0.2677831675781858800 ) ) ;
#1697 = DIRECTION ( 'NONE',  ( 0.0000000000000000000, 0.0000000000000000000, 1.000000000000000000 ) ) ;
#1698 = DIRECTION ( 'NONE',  ( 0.0000000000000000000, 0.0000000000000000000, -1.000000000000000000 ) ) ;
#1699 =( LENGTH_UNIT ( ) NAMED_UNIT ( * ) SI_UNIT ( .MILLI., .METRE. ) );
#1700 = CARTESIAN_POINT ( 'NONE',  ( 11.18756544611969200, 1.161939768064540900, 3.239583167578186100 ) ) ;
#1701 = SURFACE_STYLE_USAGE ( .BOTH. , #1703 ) ;
#1702 =( NAMED_UNIT ( * ) PLANE_ANGLE_UNIT ( ) SI_UNIT ( $, .RADIAN. ) );
#1703 = SURFACE_SIDE_STYLE ('',( #1705 ) ) ;
#1705 = SURFACE_STYLE_FILL_AREA ( #1706 ) ;
#1704 = AXIS2_PLACEMENT_3D ( 'NONE', #1676, #1673, #1661 ) ;
#1706 = FILL_AREA_STYLE ('',( #1641 ) ) ;
#1707 = COLOUR_RGB ( '',0.8313725490196077800, 0.8392156862745098200, 0.8274509803921568100 ) ;
#1708 = CARTESIAN_POINT ( 'NONE',  ( 15.14996544611969000, -1.099234466875050000, -0.7228168324218131600 ) ) ;
#1709 = DIRECTION ( 'NONE',  ( 1.000000000000000000, -0.0000000000000000000, -0.0000000000000000000 ) ) ;
#1710 = CARTESIAN_POINT ( 'NONE',  ( 19.95056544611968300, -1.606660231935459000, 4.103183167578187400 ) ) ;
#1711 = LINE ( 'NONE', #1710, #1773 ) ;
#1712 = DIRECTION ( 'NONE',  ( -1.000000000000000000, -0.0000000000000000000, -0.0000000000000000000 ) ) ;
#1713 = VECTOR ( 'NONE', #1712, 1000.000000000000000 ) ;
#1714 = CARTESIAN_POINT ( 'NONE',  ( -11.73593455388031300, -1.606660231935459000, -2.183316832421813300 ) ) ;
#1715 = CIRCLE ( 'NONE', #1757, 1.384299999999999600 ) ;
#1716 =( LENGTH_UNIT ( ) NAMED_UNIT ( * ) SI_UNIT ( .MILLI., .METRE. ) );
#1717 =( GEOMETRIC_REPRESENTATION_CONTEXT ( 3 ) GLOBAL_UNCERTAINTY_ASSIGNED_CONTEXT ( ( #1808 ) ) GLOBAL_UNIT_ASSIGNED_CONTEXT ( ( #1790, #1798, #1823 ) ) REPRESENTATION_CONTEXT ( 'NONE', 'WORKASPACE' ) );
#1718 = DIRECTION ( 'NONE',  ( 0.0000000000000000000, 0.0000000000000000000, 1.000000000000000000 ) ) ;
#1719 = DIRECTION ( 'NONE',  ( -1.383662747167360600E-017, -1.000000000000000000, 2.525907955783923100E-018 ) ) ;
#1720 = CARTESIAN_POINT ( 'NONE',  ( 15.14996544611969000, -2.013060231935458700, -0.7228168324218131600 ) ) ;
#1721 = CARTESIAN_POINT ( 'NONE',  ( 15.14996544611969000, -1.099234466875050000, -2.107116832421812800 ) ) ;
#1722 = CARTESIAN_POINT ( 'NONE',  ( 11.18756544611969200, 1.475838654401051800, -4.101161967012240300 ) ) ;
#1723 = DIRECTION ( 'NONE',  ( 0.7071067811865476800, -0.6404064646620191100, -0.2997991994970866700 ) ) ;
#1724 = LINE ( 'NONE', #1751, #1828 ) ;
#1725 = VECTOR ( 'NONE', #1723, 999.9999999999998900 ) ;
#1726 = DIRECTION ( 'NONE',  ( 0.0000000000000000000, 0.0000000000000000000, 1.000000000000000000 ) ) ;
#1727 = DIRECTION ( 'NONE',  ( -1.383662747167360600E-017, -1.000000000000000000, 2.525907955783923100E-018 ) ) ;
#1728 = CARTESIAN_POINT ( 'NONE',  ( 15.14996544611969000, -2.013060231935458700, -0.7228168324218131600 ) ) ;
#1729 = AXIS2_PLACEMENT_3D ( 'NONE', #1728, #1727, #1726 ) ;
#1730 = CIRCLE ( 'NONE', #1729, 2.374900000000000200 ) ;
#1731 = UNCERTAINTY_MEASURE_WITH_UNIT (LENGTH_MEASURE( 1.000000000000000100E-005 ), #1716, 'distance_accuracy_value', 'NONE');
#1732 = CIRCLE ( 'NONE', #1806, 2.374900000000000200 ) ;
#1733 = SURFACE_STYLE_USAGE ( .BOTH. , #1734 ) ;
#1734 = SURFACE_SIDE_STYLE ('',( #1735 ) ) ;
#1735 = SURFACE_STYLE_FILL_AREA ( #1736 ) ;
#1736 = FILL_AREA_STYLE ('',( #1744 ) ) ;
#1737 = DIRECTION ( 'NONE',  ( 0.0000000000000000000, 0.0000000000000000000, 1.000000000000000000 ) ) ;
#1738 = CARTESIAN_POINT ( 'NONE',  ( 15.14996544611969000, -2.013060231935459100, -0.7228168324218131600 ) ) ;
#1739 = AXIS2_PLACEMENT_3D ( 'NONE', #1738, #1796, #1795 ) ;
#1740 = MECHANICAL_DESIGN_GEOMETRIC_PRESENTATION_REPRESENTATION (  '', ( #1742 ), #1804 ) ;
#1741 = PRESENTATION_LAYER_ASSIGNMENT (  '', '', ( #1742 ) ) ;
#1742 = STYLED_ITEM ( 'NONE', ( #1743 ), #5062 ) ;
#1743 = PRESENTATION_STYLE_ASSIGNMENT (( #1733 ) ) ;
#1744 = FILL_AREA_STYLE_COLOUR ( '', #1745 ) ;
#1745 = COLOUR_RGB ( '',0.8313725490196077800, 0.8392156862745098200, 0.8274509803921568100 ) ;
#1746 = DIRECTION ( 'NONE',  ( -1.000000000000000000, 5.872771121110819100E-049, -1.224606353822377300E-016 ) ) ;
#1747 = DIRECTION ( 'NONE',  ( 0.0000000000000000000, 0.0000000000000000000, 1.000000000000000000 ) ) ;
#1748 = DIRECTION ( 'NONE',  ( -1.383662747167360600E-017, -1.000000000000000000, 2.525907955783923100E-018 ) ) ;
#1749 = SURFACE_STYLE_FILL_AREA ( #1800 ) ;
#1750 = COLOUR_RGB ( '',0.8313725490196077800, 0.8392156862745098200, 0.8274509803921568100 ) ;
#1751 = CARTESIAN_POINT ( 'NONE',  ( -15.10143455388031000, -0.03186023193545921300, -5.548816832421813700 ) ) ;
#1752 = DIRECTION ( 'NONE',  ( -1.383662747167360600E-017, -1.000000000000000000, 2.525907955783923100E-018 ) ) ;
#1753 = DIRECTION ( 'NONE',  ( 0.0000000000000000000, -1.000000000000000000, 5.887603434621257400E-017 ) ) ;
#1754 = DIRECTION ( 'NONE',  ( 1.000000000000000000, -6.842277657836020900E-049, 1.224606353822377300E-016 ) ) ;
#1755 = AXIS2_PLACEMENT_3D ( 'NONE', #1802, #1754, #1777 ) ;
#1756 = CARTESIAN_POINT ( 'NONE',  ( 17.10576544611969000, 11.48652165577457200, 2.290964128710461200 ) ) ;
#1757 = AXIS2_PLACEMENT_3D ( 'NONE', #1708, #1752, #1737 ) ;
#1758 = FILL_AREA_STYLE_COLOUR ( '', #1750 ) ;
#1759 = CARTESIAN_POINT ( 'NONE',  ( 15.14996544611969000, -2.013060231935458700, -3.097716832421813400 ) ) ;
#1760 = CARTESIAN_POINT ( 'NONE',  ( 18.29956544611969300, 8.818494261839982000, 1.824671389836793000 ) ) ;
#1761 = DIRECTION ( 'NONE',  ( -1.383662747167360600E-017, -1.000000000000000000, 2.525907955783923100E-018 ) ) ;
#1762 = VECTOR ( 'NONE', #1761, 1000.000000000000000 ) ;
#1763 = CARTESIAN_POINT ( 'NONE',  ( 15.14996544611969000, -2.013060231935459100, -3.097716832421813400 ) ) ;
#1764 = LINE ( 'NONE', #1763, #1762 ) ;
#1765 = CIRCLE ( 'NONE', #1787, 0.6858000000000000800 ) ;
#1766 = APPLICATION_CONTEXT ( 'automotive_design' ) ;
#1767 = DIRECTION ( 'NONE',  ( -0.0000000000000000000, -0.0000000000000000000, 1.000000000000000000 ) ) ;
#1768 = VECTOR ( 'NONE', #1767, 1000.000000000000000 ) ;
#1769 = CARTESIAN_POINT ( 'NONE',  ( -15.10143455388031000, -1.606660231935459000, 4.103183167578187400 ) ) ;
#1770 = LINE ( 'NONE', #1769, #1768 ) ;
#1771 = CARTESIAN_POINT ( 'NONE',  ( 19.95056544611968300, -1.606660231935459000, 4.103183167578187400 ) ) ;
#1772 = CARTESIAN_POINT ( 'NONE',  ( -15.10143455388031000, -1.606660231935459000, 4.103183167578187400 ) ) ;
#1773 = VECTOR ( 'NONE', #1709, 1000.000000000000000 ) ;
#1774 = CARTESIAN_POINT ( 'NONE',  ( 17.10576544611969000, 11.48652165577457200, 2.290964128710461600 ) ) ;
#1775 = LINE ( 'NONE', #1774, #1725 ) ;
#1776 = SHAPE_DEFINITION_REPRESENTATION ( #1827, #1647 ) ;
#1777 = DIRECTION ( 'NONE',  ( 1.224606353822377300E-016, -3.916066504679276500E-017, -1.000000000000000000 ) ) ;
#1778 = PRESENTATION_STYLE_ASSIGNMENT (( #1809 ) ) ;
#1779 = PRODUCT_RELATED_PRODUCT_CATEGORY ( 'part', '', ( #1832 ) ) ;
#1780 = PRODUCT_DEFINITION_FORMATION_WITH_SPECIFIED_SOURCE ( 'ANY', '', #1832, .NOT_KNOWN. ) ;
#1781 = AXIS2_PLACEMENT_3D ( 'NONE', #1720, #1719, #1718 ) ;
#1782 = CIRCLE ( 'NONE', #1781, 2.374900000000000200 ) ;
#1783 = CARTESIAN_POINT ( 'NONE',  ( 11.18756544611969200, 1.161939768064540900, 2.045783167578186100 ) ) ;
#1784 = MECHANICAL_DESIGN_GEOMETRIC_PRESENTATION_REPRESENTATION (  '', ( #1812 ), #1717 ) ;
#1785 = VECTOR ( 'NONE', #1820, 999.9999999999998900 ) ;
#1786 = DIRECTION ( 'NONE',  ( 0.0000000000000000000, 0.0000000000000000000, -1.000000000000000000 ) ) ;
#1787 = AXIS2_PLACEMENT_3D ( 'NONE', #1783, #1822, #1786 ) ;
#1788 = CARTESIAN_POINT ( 'NONE',  ( 11.18756544611969200, 1.475838654401052200, 2.655528302168613100 ) ) ;
#1789 = LINE ( 'NONE', #1760, #1785 ) ;
#1790 =( LENGTH_UNIT ( ) NAMED_UNIT ( * ) SI_UNIT ( .MILLI., .METRE. ) );
#1791 = VECTOR ( 'NONE', #1746, 1000.000000000000000 ) ;
#1792 = CARTESIAN_POINT ( 'NONE',  ( 19.06156544611969400, 1.475838654401052200, 2.655528302168614000 ) ) ;
#1793 = LINE ( 'NONE', #1792, #1791 ) ;
#1794 = CYLINDRICAL_SURFACE ( 'NONE', #1739, 2.374900000000000200 ) ;
#1795 = DIRECTION ( 'NONE',  ( 0.0000000000000000000, 0.0000000000000000000, 1.000000000000000000 ) ) ;
#1796 = DIRECTION ( 'NONE',  ( -1.383662747167360600E-017, -1.000000000000000000, 2.525907955783923100E-018 ) ) ;
#1797 = CARTESIAN_POINT ( 'NONE',  ( 15.14996544611969000, -1.099234466875050000, 0.6614831675781863700 ) ) ;
#1798 =( NAMED_UNIT ( * ) PLANE_ANGLE_UNIT ( ) SI_UNIT ( $, .RADIAN. ) );
#1799 = FACE_OUTER_BOUND ( 'NONE', #5243, .T. ) ;
#1800 = FILL_AREA_STYLE ('',( #1758 ) ) ;
#1801 = CARTESIAN_POINT ( 'NONE',  ( 16.91631585303220200, -2.013060231935458700, 0.8646831675781878600 ) ) ;
#1802 = CARTESIAN_POINT ( 'NONE',  ( 19.06156544611969400, 0.4761397680645408900, 2.045783167578187000 ) ) ;
#1803 = PLANE ( 'NONE',  #1755 ) ;
#1804 =( GEOMETRIC_REPRESENTATION_CONTEXT ( 3 ) GLOBAL_UNCERTAINTY_ASSIGNED_CONTEXT ( ( #1731 ) ) GLOBAL_UNIT_ASSIGNED_CONTEXT ( ( #1716, #1830, #1829 ) ) REPRESENTATION_CONTEXT ( 'NONE', 'WORKASPACE' ) );
#1805 = CARTESIAN_POINT ( 'NONE',  ( 15.14996544611969000, -1.606660231935458800, -0.7228168324218131600 ) ) ;
#1806 = AXIS2_PLACEMENT_3D ( 'NONE', #1805, #1748, #1747 ) ;
#1807 = CARTESIAN_POINT ( 'NONE',  ( 16.91631585303220200, -1.606660231935459300, 0.8646831675781874200 ) ) ;
#1808 = UNCERTAINTY_MEASURE_WITH_UNIT (LENGTH_MEASURE( 1.000000000000000100E-005 ), #1790, 'distance_accuracy_value', 'NONE');
#1809 = SURFACE_STYLE_USAGE ( .BOTH. , #1813 ) ;
#1811 = PRESENTATION_LAYER_ASSIGNMENT (  '', '', ( #1812 ) ) ;
#1810 = AXIS2_PLACEMENT_3D ( 'NONE', #1821, #1819, #1753 ) ;
#1812 = STYLED_ITEM ( 'NONE', ( #1778 ), #4258 ) ;
#1813 = SURFACE_SIDE_STYLE ('',( #1749 ) ) ;
#1814 = PRODUCT_DEFINITION ( 'UNKNOWN', '', #1780, #1815 ) ;
#1815 = PRODUCT_DEFINITION_CONTEXT ( 'detailed design', #1817, 'design' ) ;
#1816 = APPLICATION_PROTOCOL_DEFINITION ( 'draft international standard', 'automotive_design', 1998, #1817 ) ;
#1817 = APPLICATION_CONTEXT ( 'automotive_design' ) ;
#1818 = CARTESIAN_POINT ( 'NONE',  ( 18.29956544611969300, 8.818494261839982000, 1.824671389836793000 ) ) ;
#1819 = DIRECTION ( 'NONE',  ( -1.000000000000000000, 1.250846150945177000E-016, -1.224606353822377300E-016 ) ) ;
#1820 = DIRECTION ( 'NONE',  ( 1.084094292147378300E-016, -0.4650976089534181700, -0.8852594050027445800 ) ) ;
#1821 = CARTESIAN_POINT ( 'NONE',  ( 18.29956544611969000, 7.105539768064542000, -1.435738998788315800 ) ) ;
#1822 = DIRECTION ( 'NONE',  ( -1.000000000000000000, 5.872771121110819100E-049, -1.224606353822377300E-016 ) ) ;
#1823 =( NAMED_UNIT ( * ) SI_UNIT ( $, .STERADIAN. ) SOLID_ANGLE_UNIT ( ) );
#1824 = FACE_OUTER_BOUND ( 'NONE', #4560, .T. ) ;
#1825 = LINE ( 'NONE', #1714, #1713 ) ;
#1826 = DIRECTION ( 'NONE',  ( -0.0000000000000000000, -1.000000000000000000, -0.0000000000000000000 ) ) ;
#1827 = PRODUCT_DEFINITION_SHAPE ( 'NONE', 'NONE',  #1814 ) ;
#1828 = VECTOR ( 'NONE', #1826, 1000.000000000000000 ) ;
#1829 =( NAMED_UNIT ( * ) SI_UNIT ( $, .STERADIAN. ) SOLID_ANGLE_UNIT ( ) );
#1830 =( NAMED_UNIT ( * ) PLANE_ANGLE_UNIT ( ) SI_UNIT ( $, .RADIAN. ) );
#1831 = CIRCLE ( 'NONE', #1810, 3.682999999999999800 ) ;
#1832 = PRODUCT ( '3526', '3526', '', ( #1833 ) ) ;
#1833 = PRODUCT_CONTEXT ( 'NONE', #1766, 'mechanical' ) ;
#1834 = APPLICATION_PROTOCOL_DEFINITION ( 'draft international standard', 'automotive_design', 1998, #1766 ) ;
#1835 = STYLED_ITEM ( 'NONE', ( #1848 ), #5070 ) ;
#1836 = FILL_AREA_STYLE ('',( #1851 ) ) ;
#1837 =( GEOMETRIC_REPRESENTATION_CONTEXT ( 3 ) GLOBAL_UNCERTAINTY_ASSIGNED_CONTEXT ( ( #1891 ) ) GLOBAL_UNIT_ASSIGNED_CONTEXT ( ( #1888, #1892, #1863 ) ) REPRESENTATION_CONTEXT ( 'NONE', 'WORKASPACE' ) );
#1838 = SURFACE_STYLE_USAGE ( .BOTH. , #1870 ) ;
#1839 = SURFACE_SIDE_STYLE ('',( #1840 ) ) ;
#1840 = SURFACE_STYLE_FILL_AREA ( #1842 ) ;
#1841 = AXIS2_PLACEMENT_3D ( 'NONE', #1868, #1867, #1866 ) ;
#1842 = FILL_AREA_STYLE ('',( #1843 ) ) ;
#1843 = FILL_AREA_STYLE_COLOUR ( '', #1871 ) ;
#1844 = COLOUR_RGB ( '',0.8313725490196077800, 0.8392156862745098200, 0.8274509803921568100 ) ;
#1845 = VECTOR ( 'NONE', #1869, 1000.000000000000000 ) ;
#1846 = DIRECTION ( 'NONE',  ( 5.605170175932631300E-017, -0.8891005170464086900, -0.4577119952413403200 ) ) ;
#1847 = VECTOR ( 'NONE', #1846, 1000.000000000000000 ) ;
#1848 = PRESENTATION_STYLE_ASSIGNMENT (( #1838 ) ) ;
#1849 = CARTESIAN_POINT ( 'NONE',  ( 11.18756544611969200, 1.475838654401051800, -4.101161967012240300 ) ) ;
#1850 = LINE ( 'NONE', #1849, #1847 ) ;
#1851 = FILL_AREA_STYLE_COLOUR ( '', #1844 ) ;
#1852 = CARTESIAN_POINT ( 'NONE',  ( 15.14996544611969000, -0.3620602319354593300, 0.2550831675781882200 ) ) ;
#1853 =( LENGTH_UNIT ( ) NAMED_UNIT ( * ) SI_UNIT ( .MILLI., .METRE. ) );
#1854 = MECHANICAL_DESIGN_GEOMETRIC_PRESENTATION_REPRESENTATION (  '', ( #1879 ), #1906 ) ;
#1855 = PRESENTATION_LAYER_ASSIGNMENT (  '', '', ( #1879 ) ) ;
#1856 = SURFACE_STYLE_FILL_AREA ( #1836 ) ;
#1857 = CARTESIAN_POINT ( 'NONE',  ( 11.18756544611969200, 4.354504380899337300, -2.619214978964748300 ) ) ;
#1858 = LINE ( 'NONE', #1857, #1878 ) ;
#1859 = FILL_AREA_STYLE ('',( #1874 ) ) ;
#1860 = PLANE ( 'NONE',  #1841 ) ;
#1861 = CARTESIAN_POINT ( 'NONE',  ( 11.18756544611969200, 9.485527622608367800, 1.354220915697649500 ) ) ;
#1862 = CARTESIAN_POINT ( 'NONE',  ( 15.14996544611969000, -0.3620602319354593300, -0.7228168324218131600 ) ) ;
#1863 =( NAMED_UNIT ( * ) SI_UNIT ( $, .STERADIAN. ) SOLID_ANGLE_UNIT ( ) );
#1864 = PRESENTATION_LAYER_ASSIGNMENT (  '', '', ( #1835 ) ) ;
#1865 = FACE_OUTER_BOUND ( 'NONE', #5194, .T. ) ;
#1866 = DIRECTION ( 'NONE',  ( 5.192087169054284100E-017, -0.9056715077564336800, -0.4239800939173772900 ) ) ;
#1867 = DIRECTION ( 'NONE',  ( -1.109091082874421100E-016, -0.4239800939173772900, 0.9056715077564336800 ) ) ;
#1868 = CARTESIAN_POINT ( 'NONE',  ( 19.06156544611969400, 9.485527622608367800, 1.354220915697650600 ) ) ;
#1869 = DIRECTION ( 'NONE',  ( 1.088798142361792900E-016, -0.4577119952413403700, -0.8891005170464086900 ) ) ;
#1870 = SURFACE_SIDE_STYLE ('',( #1856 ) ) ;
#1871 = COLOUR_RGB ( '',0.8313725490196077800, 0.8392156862745098200, 0.8274509803921568100 ) ;
#1872 = FACE_OUTER_BOUND ( 'NONE', #4407, .T. ) ;
#1873 = DIRECTION ( 'NONE',  ( 0.0000000000000000000, 0.0000000000000000000, -1.000000000000000000 ) ) ;
#1874 = FILL_AREA_STYLE_COLOUR ( '', #1875 ) ;
#1875 = COLOUR_RGB ( '',0.8313725490196077800, 0.8392156862745098200, 0.8274509803921568100 ) ;
#1876 = FACE_OUTER_BOUND ( 'NONE', #5428, .T. ) ;
#1877 = DIRECTION ( 'NONE',  ( 1.088798142361792100E-016, 0.4577119952413413700, -0.8891005170464081300 ) ) ;
#1878 = VECTOR ( 'NONE', #1877, 1000.000000000000100 ) ;
#1879 = STYLED_ITEM ( 'NONE', ( #1880 ), #5083 ) ;
#1880 = PRESENTATION_STYLE_ASSIGNMENT (( #1881 ) ) ;
#1881 = SURFACE_STYLE_USAGE ( .BOTH. , #1882 ) ;
#1882 = SURFACE_SIDE_STYLE ('',( #1883 ) ) ;
#1883 = SURFACE_STYLE_FILL_AREA ( #1859 ) ;
#1884 = PRESENTATION_LAYER_ASSIGNMENT (  '', '', ( #1885 ) ) ;
#1885 = STYLED_ITEM ( 'NONE', ( #1886 ), #4333 ) ;
#1886 = PRESENTATION_STYLE_ASSIGNMENT (( #1887 ) ) ;
#1887 = SURFACE_STYLE_USAGE ( .BOTH. , #1839 ) ;
#1888 =( LENGTH_UNIT ( ) NAMED_UNIT ( * ) SI_UNIT ( .MILLI., .METRE. ) );
#1889 = MECHANICAL_DESIGN_GEOMETRIC_PRESENTATION_REPRESENTATION (  '', ( #1835 ), #1837 ) ;
#1890 = DIRECTION ( 'NONE',  ( -1.383662747167360600E-017, -1.000000000000000000, 2.525907955783923100E-018 ) ) ;
#1891 = UNCERTAINTY_MEASURE_WITH_UNIT (LENGTH_MEASURE( 1.000000000000000100E-005 ), #1888, 'distance_accuracy_value', 'NONE');
#1892 =( NAMED_UNIT ( * ) PLANE_ANGLE_UNIT ( ) SI_UNIT ( $, .RADIAN. ) );
#1893 = UNCERTAINTY_MEASURE_WITH_UNIT (LENGTH_MEASURE( 1.000000000000000100E-005 ), #1853, 'distance_accuracy_value', 'NONE');
#1894 =( NAMED_UNIT ( * ) SI_UNIT ( $, .STERADIAN. ) SOLID_ANGLE_UNIT ( ) );
#1895 =( NAMED_UNIT ( * ) PLANE_ANGLE_UNIT ( ) SI_UNIT ( $, .RADIAN. ) );
#1896 = CIRCLE ( 'NONE', #1897, 0.9779000000000012100 ) ;
#1897 = AXIS2_PLACEMENT_3D ( 'NONE', #1862, #1890, #1873 ) ;
#1898 =( GEOMETRIC_REPRESENTATION_CONTEXT ( 3 ) GLOBAL_UNCERTAINTY_ASSIGNED_CONTEXT ( ( #1692 ) ) GLOBAL_UNIT_ASSIGNED_CONTEXT ( ( #476, #1517, #1548 ) ) REPRESENTATION_CONTEXT ( 'NONE', 'WORKASPACE' ) );
#1899 = LINE ( 'NONE', #628, #1966 ) ;
#1900 = VECTOR ( 'NONE', #883, 1000.000000000000000 ) ;
#1901 =( LENGTH_UNIT ( ) NAMED_UNIT ( * ) SI_UNIT ( .MILLI., .METRE. ) );
#1902 = MECHANICAL_DESIGN_GEOMETRIC_PRESENTATION_REPRESENTATION (  '', ( #1914 ), #1935 ) ;
#1903 = CARTESIAN_POINT ( 'NONE',  ( 18.40116544611969100, -7.232760231935460900, -1.713416832421814000 ) ) ;
#1904 = DIRECTION ( 'NONE',  ( 1.000000000000000000, -1.383662747167359800E-017, 6.573919011953683000E-016 ) ) ;
#1905 = VECTOR ( 'NONE', #1904, 1000.000000000000000 ) ;
#1906 =( GEOMETRIC_REPRESENTATION_CONTEXT ( 3 ) GLOBAL_UNCERTAINTY_ASSIGNED_CONTEXT ( ( #1893 ) ) GLOBAL_UNIT_ASSIGNED_CONTEXT ( ( #1853, #1895, #1894 ) ) REPRESENTATION_CONTEXT ( 'NONE', 'WORKASPACE' ) );
#1907 = AXIS2_PLACEMENT_3D ( 'NONE', #1908, #1938, #1937 ) ;
#1908 = CARTESIAN_POINT ( 'NONE',  ( 17.99476544611969300, -7.232760231935460900, -0.7228168324218143800 ) ) ;
#1909 = CARTESIAN_POINT ( 'NONE',  ( 11.18756544611969200, 5.096630677155448400, -3.096765778438009600 ) ) ;
#1910 = CIRCLE ( 'NONE', #1942, 0.6857999999999998500 ) ;
#1911 = CARTESIAN_POINT ( 'NONE',  ( 17.99476544611969300, -7.232760231935460900, -1.713416832421814400 ) ) ;
#1912 = LINE ( 'NONE', #1911, #1905 ) ;
#1913 = PRESENTATION_LAYER_ASSIGNMENT (  '', '', ( #1914 ) ) ;
#1914 = STYLED_ITEM ( 'NONE', ( #1915 ), #5091 ) ;
#1915 = PRESENTATION_STYLE_ASSIGNMENT (( #1916 ) ) ;
#1916 = SURFACE_STYLE_USAGE ( .BOTH. , #1917 ) ;
#1917 = SURFACE_SIDE_STYLE ('',( #1918 ) ) ;
#1918 = SURFACE_STYLE_FILL_AREA ( #1919 ) ;
#1919 = FILL_AREA_STYLE ('',( #1929 ) ) ;
#1920 = COLOUR_RGB ( '',0.8313725490196077800, 0.8392156862745098200, 0.8274509803921568100 ) ;
#1921 = DIRECTION ( 'NONE',  ( -1.026392065613523300E-016, 0.5454545454545448600, 0.8381404052084446800 ) ) ;
#1922 = VECTOR ( 'NONE', #1921, 1000.000000000000000 ) ;
#1923 = CYLINDRICAL_SURFACE ( 'NONE', #1907, 0.9905999999999999300 ) ;
#1924 = VECTOR ( 'NONE', #1934, 1000.000000000000000 ) ;
#1925 = CARTESIAN_POINT ( 'NONE',  ( 15.14996544611969000, -2.013060231935459100, 0.2550831675781880000 ) ) ;
#1927 = LINE ( 'NONE', #1925, #1924 ) ;
#1926 = UNCERTAINTY_MEASURE_WITH_UNIT (LENGTH_MEASURE( 1.000000000000000100E-005 ), #1901, 'distance_accuracy_value', 'NONE');
#1928 = PLANE ( 'NONE',  #1943 ) ;
#1929 = FILL_AREA_STYLE_COLOUR ( '', #1920 ) ;
#1930 = FACE_OUTER_BOUND ( 'NONE', #5092, .T. ) ;
#1931 = DIRECTION ( 'NONE',  ( -1.224606353822377300E-016, 3.916066504679276500E-017, 1.000000000000000000 ) ) ;
#1932 = LINE ( 'NONE', #1909, #1922 ) ;
#1933 = PLANE ( 'NONE',  #12145 ) ;
#1934 = DIRECTION ( 'NONE',  ( -1.383662747167360600E-017, -1.000000000000000000, 2.525907955783923100E-018 ) ) ;
#1935 =( GEOMETRIC_REPRESENTATION_CONTEXT ( 3 ) GLOBAL_UNCERTAINTY_ASSIGNED_CONTEXT ( ( #1926 ) ) GLOBAL_UNIT_ASSIGNED_CONTEXT ( ( #1901, #1946, #1945 ) ) REPRESENTATION_CONTEXT ( 'NONE', 'WORKASPACE' ) );
#1936 = DIRECTION ( 'NONE',  ( -1.000000000000000000, 6.842277657836020900E-049, -1.224606353822377300E-016 ) ) ;
#1937 = DIRECTION ( 'NONE',  ( 0.0000000000000000000, 0.0000000000000000000, 1.000000000000000000 ) ) ;
#1938 = DIRECTION ( 'NONE',  ( 1.000000000000000000, -1.383662747167359800E-017, 6.573919011953683000E-016 ) ) ;
#1939 = DIRECTION ( 'NONE',  ( 0.0000000000000000000, -3.478047214155891100E-015, -1.000000000000000000 ) ) ;
#1940 = DIRECTION ( 'NONE',  ( -1.000000000000000000, 5.872771121110819100E-049, -1.224606353822377300E-016 ) ) ;
#1941 = CARTESIAN_POINT ( 'NONE',  ( 19.06156544611969400, 1.161939768064540900, -3.491416832421812400 ) ) ;
#1942 = AXIS2_PLACEMENT_3D ( 'NONE', #1941, #1940, #1939 ) ;
#1943 = AXIS2_PLACEMENT_3D ( 'NONE', #1944, #1936, #1931 ) ;
#1944 = CARTESIAN_POINT ( 'NONE',  ( 11.18756544611969200, 8.818494261839980200, -3.270305054680421100 ) ) ;
#1945 =( NAMED_UNIT ( * ) SI_UNIT ( $, .STERADIAN. ) SOLID_ANGLE_UNIT ( ) );
#1946 =( NAMED_UNIT ( * ) PLANE_ANGLE_UNIT ( ) SI_UNIT ( $, .RADIAN. ) );
#1947 = PLANE ( 'NONE',  #1963 ) ;
#1948 = PRESENTATION_LAYER_ASSIGNMENT (  '', '', ( #1967 ) ) ;
#1949 = FILL_AREA_STYLE ('',( #1961 ) ) ;
#1950 = UNCERTAINTY_MEASURE_WITH_UNIT (LENGTH_MEASURE( 1.000000000000000100E-005 ), #1964, 'distance_accuracy_value', 'NONE');
#1951 =( NAMED_UNIT ( * ) SI_UNIT ( $, .STERADIAN. ) SOLID_ANGLE_UNIT ( ) );
#1952 = FACE_OUTER_BOUND ( 'NONE', #4384, .T. ) ;
#1953 = SURFACE_STYLE_FILL_AREA ( #1949 ) ;
#1954 =( NAMED_UNIT ( * ) PLANE_ANGLE_UNIT ( ) SI_UNIT ( $, .RADIAN. ) );
#1955 = CARTESIAN_POINT ( 'NONE',  ( -15.10143455388031000, -0.03186023193545921300, 4.103183167578187400 ) ) ;
#1956 =( GEOMETRIC_REPRESENTATION_CONTEXT ( 3 ) GLOBAL_UNCERTAINTY_ASSIGNED_CONTEXT ( ( #1950 ) ) GLOBAL_UNIT_ASSIGNED_CONTEXT ( ( #1964, #1954, #1951 ) ) REPRESENTATION_CONTEXT ( 'NONE', 'WORKASPACE' ) );
#1957 = SURFACE_SIDE_STYLE ('',( #1953 ) ) ;
#1958 = COLOUR_RGB ( '',0.8745098039215686300, 0.0000000000000000000, 0.3568627450980392200 ) ;
#1959 = MECHANICAL_DESIGN_GEOMETRIC_PRESENTATION_REPRESENTATION (  '', ( #1967 ), #1956 ) ;
#1960 = PRESENTATION_STYLE_ASSIGNMENT (( #1968 ) ) ;
#1961 = FILL_AREA_STYLE_COLOUR ( '', #1958 ) ;
#1962 = DIRECTION ( 'NONE',  ( 1.000000000000000000, -0.0000000000000000000, 0.0000000000000000000 ) ) ;
#1963 = AXIS2_PLACEMENT_3D ( 'NONE', #1955, #1962, #609 ) ;
#1964 =( LENGTH_UNIT ( ) NAMED_UNIT ( * ) SI_UNIT ( .MILLI., .METRE. ) );
#1965 = DIRECTION ( 'NONE',  ( -1.383662747167360600E-017, -1.000000000000000000, 2.525907955783923100E-018 ) ) ;
#1966 = VECTOR ( 'NONE', #1965, 1000.000000000000000 ) ;
#1967 = STYLED_ITEM ( 'NONE', ( #1960 ), #4345 ) ;
#1968 = SURFACE_STYLE_USAGE ( .BOTH. , #1957 ) ;
#1969 = MECHANICAL_DESIGN_GEOMETRIC_PRESENTATION_REPRESENTATION (  '', ( #1971 ), #503 ) ;
#1970 = PRESENTATION_LAYER_ASSIGNMENT (  '', '', ( #1971 ) ) ;
#1971 = STYLED_ITEM ( 'NONE', ( #1977 ), #6153 ) ;
#1972 = CARTESIAN_POINT ( 'NONE',  ( -10.88331238751374200, 7.105539768064541100, 1.258383167578188000 ) ) ;
#1973 = UNCERTAINTY_MEASURE_WITH_UNIT (LENGTH_MEASURE( 1.000000000000000100E-005 ), #1982, 'distance_accuracy_value', 'NONE');
#1974 = CARTESIAN_POINT ( 'NONE',  ( -14.05831238751380100, 7.105539768064541100, -0.1639485508781778900 ) ) ;
#1975 = CARTESIAN_POINT ( 'NONE',  ( -11.27873455388031200, -0.3620602319354591100, 0.2550831675781880000 ) ) ;
#1976 = LINE ( 'NONE', #1975, #1983 ) ;
#1977 = PRESENTATION_STYLE_ASSIGNMENT (( #1978 ) ) ;
#1978 = SURFACE_STYLE_USAGE ( .BOTH. , #1979 ) ;
#1979 = SURFACE_SIDE_STYLE ('',( #1990 ) ) ;
#1980 = VECTOR ( 'NONE', #2000, 1000.000000000000000 ) ;
#1981 = CARTESIAN_POINT ( 'NONE',  ( -11.27873455388031200, -0.3620602319354591100, 0.2550831675781880000 ) ) ;
#1982 =( LENGTH_UNIT ( ) NAMED_UNIT ( * ) SI_UNIT ( .MILLI., .METRE. ) );
#1983 = VECTOR ( 'NONE', #1998, 1000.000000000000000 ) ;
#1984 = CARTESIAN_POINT ( 'NONE',  ( -9.322934553880307000, -0.3620602319354591100, 0.2550831675781880000 ) ) ;
#1985 = AXIS2_PLACEMENT_3D ( 'NONE', #1972, #1996, #1987 ) ;
#1986 = CARTESIAN_POINT ( 'NONE',  ( -13.83550927119212800, 8.273939768064542100, 1.258383167578188000 ) ) ;
#1987 = DIRECTION ( 'NONE',  ( 1.000000000000000000, 0.0000000000000000000, -6.829619984160529900E-017 ) ) ;
#1988 = CIRCLE ( 'NONE', #1985, 3.175000000000059800 ) ;
#1989 =( NAMED_UNIT ( * ) SI_UNIT ( $, .STERADIAN. ) SOLID_ANGLE_UNIT ( ) );
#1990 = SURFACE_STYLE_FILL_AREA ( #1991 ) ;
#1991 = FILL_AREA_STYLE ('',( #1994 ) ) ;
#1992 = COLOUR_RGB ( '',0.8313725490196077800, 0.8392156862745098200, 0.8274509803921568100 ) ;
#1993 = LINE ( 'NONE', #1984, #1980 ) ;
#1994 = FILL_AREA_STYLE_COLOUR ( '', #1992 ) ;
#1995 =( NAMED_UNIT ( * ) PLANE_ANGLE_UNIT ( ) SI_UNIT ( $, .RADIAN. ) );
#1996 = DIRECTION ( 'NONE',  ( 6.123031769111886300E-017, 3.916066504679277800E-017, 1.000000000000000000 ) ) ;
#1997 = FACE_OUTER_BOUND ( 'NONE', #6154, .T. ) ;
#1998 = DIRECTION ( 'NONE',  ( 6.697912673203516000E-017, -1.000000000000000000, 1.025202604387803800E-016 ) ) ;
#1999 = CARTESIAN_POINT ( 'NONE',  ( -14.05831238751380100, 7.105539768064541100, 1.258383167578188200 ) ) ;
#2000 = DIRECTION ( 'NONE',  ( -1.000000000000000000, -6.697912673203516000E-017, 5.551115123125782700E-017 ) ) ;
#2001 = CARTESIAN_POINT ( 'NONE',  ( 2.424565446119686800, -0.03186023193545921300, 1.105983167578185000 ) ) ;
#2002 = DIRECTION ( 'NONE',  ( 0.0000000000000000000, 1.000000000000000000, 0.0000000000000000000 ) ) ;
#2003 = CARTESIAN_POINT ( 'NONE',  ( 2.424565446119686400, -1.606660231935459000, -0.7228168324218131600 ) ) ;
#2004 = CARTESIAN_POINT ( 'NONE',  ( 2.424565446119686800, -1.606660231935459000, 1.105983167578185000 ) ) ;
#2005 = AXIS2_PLACEMENT_3D ( 'NONE', #2003, #2002, #2043 ) ;
#2006 = PLANE ( 'NONE',  #2039 ) ;
#2007 = UNCERTAINTY_MEASURE_WITH_UNIT (LENGTH_MEASURE( 1.000000000000000100E-005 ), #2029, 'distance_accuracy_value', 'NONE');
#2008 =( NAMED_UNIT ( * ) SI_UNIT ( $, .STERADIAN. ) SOLID_ANGLE_UNIT ( ) );
#2009 = DIRECTION ( 'NONE',  ( -0.0000000000000000000, -1.000000000000000000, -0.0000000000000000000 ) ) ;
#2010 = CIRCLE ( 'NONE', #2005, 1.828799999999998200 ) ;
#2011 = FILL_AREA_STYLE_COLOUR ( '', #2054 ) ;
#2012 = CARTESIAN_POINT ( 'NONE',  ( 2.424565446119686400, -0.03186023193545921300, -2.551616832421811600 ) ) ;
#2013 = LINE ( 'NONE', #2012, #2049 ) ;
#2014 = VECTOR ( 'NONE', #2028, 1000.000000000000000 ) ;
#2015 = CARTESIAN_POINT ( 'NONE',  ( 16.58506544611968900, -0.03186023193545921300, 0.7376831675781868600 ) ) ;
#2016 = DIRECTION ( 'NONE',  ( 0.0000000000000000000, 0.0000000000000000000, 1.000000000000000000 ) ) ;
#2017 = DIRECTION ( 'NONE',  ( 0.0000000000000000000, 1.000000000000000000, 0.0000000000000000000 ) ) ;
#2018 = CARTESIAN_POINT ( 'NONE',  ( 2.424565446119686400, -0.03186023193545921300, -0.7228168324218131600 ) ) ;
#2019 = AXIS2_PLACEMENT_3D ( 'NONE', #2018, #2017, #2016 ) ;
#2020 = FACE_BOUND ( 'NONE', #4359, .T. ) ;
#2021 = FACE_BOUND ( 'NONE', #4419, .T. ) ;
#2022 =( NAMED_UNIT ( * ) PLANE_ANGLE_UNIT ( ) SI_UNIT ( $, .RADIAN. ) );
#2023 =( GEOMETRIC_REPRESENTATION_CONTEXT ( 3 ) GLOBAL_UNCERTAINTY_ASSIGNED_CONTEXT ( ( #2007 ) ) GLOBAL_UNIT_ASSIGNED_CONTEXT ( ( #2029, #2022, #2008 ) ) REPRESENTATION_CONTEXT ( 'NONE', 'WORKASPACE' ) );
#2024 = CARTESIAN_POINT ( 'NONE',  ( 16.58506544611968900, -0.03186023193545921300, 0.7376831675781868600 ) ) ;
#2025 = LINE ( 'NONE', #2024, #1900 ) ;
#2026 = CARTESIAN_POINT ( 'NONE',  ( 16.58506544611968900, -0.03186023193545921300, -2.183316832421813300 ) ) ;
#2027 = CARTESIAN_POINT ( 'NONE',  ( 16.58506544611968900, -0.03186023193545921300, 0.7376831675781868600 ) ) ;
#2028 = DIRECTION ( 'NONE',  ( 0.0000000000000000000, 0.0000000000000000000, -1.000000000000000000 ) ) ;
#2029 =( LENGTH_UNIT ( ) NAMED_UNIT ( * ) SI_UNIT ( .MILLI., .METRE. ) );
#2030 = MECHANICAL_DESIGN_GEOMETRIC_PRESENTATION_REPRESENTATION (  '', ( #2032 ), #2023 ) ;
#2031 = PRESENTATION_LAYER_ASSIGNMENT (  '', '', ( #2032 ) ) ;
#2032 = STYLED_ITEM ( 'NONE', ( #2033 ), #4356 ) ;
#2033 = PRESENTATION_STYLE_ASSIGNMENT (( #2045 ) ) ;
#2034 = CIRCLE ( 'NONE', #2019, 1.828799999999998200 ) ;
#2035 = LINE ( 'NONE', #2015, #2014 ) ;
#2036 = DIRECTION ( 'NONE',  ( 0.0000000000000000000, 0.0000000000000000000, -1.000000000000000000 ) ) ;
#2037 = DIRECTION ( 'NONE',  ( 0.0000000000000000000, -1.000000000000000000, -0.0000000000000000000 ) ) ;
#2038 = CARTESIAN_POINT ( 'NONE',  ( -15.10143455388031000, -0.03186023193545921300, 4.103183167578187400 ) ) ;
#2039 = AXIS2_PLACEMENT_3D ( 'NONE', #2038, #2037, #2036 ) ;
#2040 = CARTESIAN_POINT ( 'NONE',  ( 2.424565446119686800, -0.03186023193545921300, 1.105983167578185000 ) ) ;
#2041 = FACE_OUTER_BOUND ( 'NONE', #4488, .T. ) ;
#2042 = FACE_BOUND ( 'NONE', #4366, .T. ) ;
#2043 = DIRECTION ( 'NONE',  ( 0.0000000000000000000, 0.0000000000000000000, 1.000000000000000000 ) ) ;
#2044 = CARTESIAN_POINT ( 'NONE',  ( 2.424565446119686400, -1.606660231935459000, -2.551616832421811600 ) ) ;
#2045 = SURFACE_STYLE_USAGE ( .BOTH. , #2046 ) ;
#2046 = SURFACE_SIDE_STYLE ('',( #2047 ) ) ;
#2047 = SURFACE_STYLE_FILL_AREA ( #2053 ) ;
#2048 = DIRECTION ( 'NONE',  ( -0.0000000000000000000, -1.000000000000000000, -0.0000000000000000000 ) ) ;
#2049 = VECTOR ( 'NONE', #2048, 1000.000000000000000 ) ;
#2050 = VECTOR ( 'NONE', #2009, 1000.000000000000000 ) ;
#2051 = CARTESIAN_POINT ( 'NONE',  ( 2.424565446119686400, -0.03186023193545921300, -2.551616832421811600 ) ) ;
#2052 = LINE ( 'NONE', #2040, #2050 ) ;
#2053 = FILL_AREA_STYLE ('',( #2011 ) ) ;
#2054 = COLOUR_RGB ( '',0.8745098039215686300, 0.0000000000000000000, 0.3568627450980392200 ) ;
#2055 = UNCERTAINTY_MEASURE_WITH_UNIT (LENGTH_MEASURE( 1.000000000000000100E-005 ), #2062, 'distance_accuracy_value', 'NONE');
#2056 = CARTESIAN_POINT ( 'NONE',  ( 13.66406544611968600, -0.03186023193545921300, 0.7376831675781868600 ) ) ;
#2057 = CARTESIAN_POINT ( 'NONE',  ( 15.14996544611969000, -0.01880692146822345400, 0.9837334711720431300 ) ) ;
#2058 = CIRCLE ( 'NONE', #2110, 0.8808538416825231200 ) ;
#2059 = FACE_OUTER_BOUND ( 'NONE', #4322, .T. ) ;
#2060 = CARTESIAN_POINT ( 'NONE',  ( 13.66406544611968200, -0.03186023193545921300, -2.183316832421813300 ) ) ;
#2061 =( NAMED_UNIT ( * ) PLANE_ANGLE_UNIT ( ) SI_UNIT ( $, .RADIAN. ) );
#2062 =( LENGTH_UNIT ( ) NAMED_UNIT ( * ) SI_UNIT ( .MILLI., .METRE. ) );
#2063 = MECHANICAL_DESIGN_GEOMETRIC_PRESENTATION_REPRESENTATION (  '', ( #2065 ), #2126 ) ;
#2064 = PRESENTATION_LAYER_ASSIGNMENT (  '', '', ( #2065 ) ) ;
#2065 = STYLED_ITEM ( 'NONE', ( #2066 ), #4394 ) ;
#2066 = PRESENTATION_STYLE_ASSIGNMENT (( #2067 ) ) ;
#2067 = SURFACE_STYLE_USAGE ( .BOTH. , #2103 ) ;
#2068 = CARTESIAN_POINT ( 'NONE',  ( -11.73593455388031300, -0.03186023193545921300, 0.7376831675781868600 ) ) ;
#2069 = DIRECTION ( 'NONE',  ( -0.0000000000000000000, -0.0000000000000000000, 1.000000000000000000 ) ) ;
#2070 = MECHANICAL_DESIGN_GEOMETRIC_PRESENTATION_REPRESENTATION (  '', ( #2094 ), #2080 ) ;
#2071 = PRESENTATION_LAYER_ASSIGNMENT (  '', '', ( #2094 ) ) ;
#2072 = LINE ( 'NONE', #2087, #2089 ) ;
#2073 = CARTESIAN_POINT ( 'NONE',  ( 15.14996544611969000, 0.6721393242335133000, -2.499234977324676700 ) ) ;
#2074 = AXIS2_PLACEMENT_3D ( 'NONE', #2073, #2085, #2084 ) ;
#2075 = CIRCLE ( 'NONE', #2074, 0.1864223314702933300 ) ;
#2076 = UNCERTAINTY_MEASURE_WITH_UNIT (LENGTH_MEASURE( 1.000000000000000100E-005 ), #2088, 'distance_accuracy_value', 'NONE');
#2077 = LINE ( 'NONE', #2079, #2090 ) ;
#2078 = CARTESIAN_POINT ( 'NONE',  ( -11.73593455388031300, -0.03186023193545921300, -2.183316832421813300 ) ) ;
#2079 = CARTESIAN_POINT ( 'NONE',  ( -11.73593455388031300, -0.03186023193545921300, 0.7376831675781868600 ) ) ;
#2080 =( GEOMETRIC_REPRESENTATION_CONTEXT ( 3 ) GLOBAL_UNCERTAINTY_ASSIGNED_CONTEXT ( ( #2076 ) ) GLOBAL_UNIT_ASSIGNED_CONTEXT ( ( #2088, #2091, #2100 ) ) REPRESENTATION_CONTEXT ( 'NONE', 'WORKASPACE' ) );
#2081 = FILL_AREA_STYLE_COLOUR ( '', #2093 ) ;
#2082 = DIRECTION ( 'NONE',  ( -0.0000000000000000000, -1.000000000000000000, -0.0000000000000000000 ) ) ;
#2083 = CARTESIAN_POINT ( 'NONE',  ( 15.14996544611969000, 0.6491584310145269700, -2.684235421155705100 ) ) ;
#2084 = DIRECTION ( 'NONE',  ( 0.0000000000000000000, -1.000000000000000000, 0.0000000000000000000 ) ) ;
#2085 = DIRECTION ( 'NONE',  ( -1.000000000000000000, 1.383662747167360600E-017, 1.143833291972207200E-017 ) ) ;
#2086 = DIRECTION ( 'NONE',  ( 1.000000000000000000, 0.0000000000000000000, 0.0000000000000000000 ) ) ;
#2087 = CARTESIAN_POINT ( 'NONE',  ( -11.73593455388031300, -0.03186023193545921300, 0.7376831675781868600 ) ) ;
#2088 =( LENGTH_UNIT ( ) NAMED_UNIT ( * ) SI_UNIT ( .MILLI., .METRE. ) );
#2089 = VECTOR ( 'NONE', #2069, 1000.000000000000000 ) ;
#2090 = VECTOR ( 'NONE', #2086, 1000.000000000000000 ) ;
#2091 =( NAMED_UNIT ( * ) PLANE_ANGLE_UNIT ( ) SI_UNIT ( $, .RADIAN. ) );
#2092 = LINE ( 'NONE', #2102, #2101 ) ;
#2093 = COLOUR_RGB ( '',0.7960784313725489700, 0.8235294117647058400, 0.9372549019607843100 ) ;
#2094 = STYLED_ITEM ( 'NONE', ( #2095 ), #4385 ) ;
#2095 = PRESENTATION_STYLE_ASSIGNMENT (( #2098 ) ) ;
#2096 = SURFACE_STYLE_FILL_AREA ( #2097 ) ;
#2097 = FILL_AREA_STYLE ('',( #2081 ) ) ;
#2098 = SURFACE_STYLE_USAGE ( .BOTH. , #2099 ) ;
#2099 = SURFACE_SIDE_STYLE ('',( #2096 ) ) ;
#2100 =( NAMED_UNIT ( * ) SI_UNIT ( $, .STERADIAN. ) SOLID_ANGLE_UNIT ( ) );
#2101 = VECTOR ( 'NONE', #2082, 1000.000000000000000 ) ;
#2102 = CARTESIAN_POINT ( 'NONE',  ( -11.73593455388031300, -0.03186023193545921300, 0.7376831675781868600 ) ) ;
#2103 = SURFACE_SIDE_STYLE ('',( #2104 ) ) ;
#2104 = SURFACE_STYLE_FILL_AREA ( #2105 ) ;
#2105 = FILL_AREA_STYLE ('',( #2106 ) ) ;
#2106 = FILL_AREA_STYLE_COLOUR ( '', #2107 ) ;
#2107 = COLOUR_RGB ( '',0.8313725490196077800, 0.8392156862745098200, 0.8274509803921568100 ) ;
#2108 = DIRECTION ( 'NONE',  ( 0.0000000000000000000, 0.0000000000000000000, -1.000000000000000000 ) ) ;
#2109 = DIRECTION ( 'NONE',  ( 1.000000000000000000, -1.383662747167360600E-017, 1.110223024625156500E-016 ) ) ;
#2110 = AXIS2_PLACEMENT_3D ( 'NONE', #2057, #2109, #2108 ) ;
#2111 = CARTESIAN_POINT ( 'NONE',  ( -8.814934553880313200, -0.03186023193545921300, 0.7376831675781868600 ) ) ;
#2112 = DIRECTION ( 'NONE',  ( 1.000000000000000000, -1.383662747167359800E-017, 6.573919011953683000E-016 ) ) ;
#2113 = VECTOR ( 'NONE', #2112, 1000.000000000000000 ) ;
#2114 = CARTESIAN_POINT ( 'NONE',  ( 17.99476544611969300, -7.232760231935460900, 0.2677831675781855400 ) ) ;
#2115 = DIRECTION ( 'NONE',  ( 0.0000000000000000000, 0.0000000000000000000, -1.000000000000000000 ) ) ;
#2116 = DIRECTION ( 'NONE',  ( -1.383662747167360600E-017, -1.000000000000000000, 2.525907955783923100E-018 ) ) ;
#2117 = CARTESIAN_POINT ( 'NONE',  ( 15.14996544611969000, -0.3620602319354593300, -0.7228168324218131600 ) ) ;
#2118 = AXIS2_PLACEMENT_3D ( 'NONE', #2117, #2116, #2115 ) ;
#2119 = CIRCLE ( 'NONE', #2118, 0.9779000000000012100 ) ;
#2120 = LINE ( 'NONE', #2114, #2113 ) ;
#2121 = DIRECTION ( 'NONE',  ( 3.495004741191875400E-035, 2.525907955783923100E-018, 1.000000000000000000 ) ) ;
#2122 = DIRECTION ( 'NONE',  ( -1.383662747167360600E-017, -1.000000000000000000, 2.525907955783923100E-018 ) ) ;
#2123 = TOROIDAL_SURFACE ( 'NONE', #2125, 1.776418144902863500, 0.1864223314702933300 ) ;
#2124 = CARTESIAN_POINT ( 'NONE',  ( 15.14996544611969000, 0.6721393242335133000, -0.7228168324218132700 ) ) ;
#2125 = AXIS2_PLACEMENT_3D ( 'NONE', #2124, #2122, #2121 ) ;
#2126 =( GEOMETRIC_REPRESENTATION_CONTEXT ( 3 ) GLOBAL_UNCERTAINTY_ASSIGNED_CONTEXT ( ( #2055 ) ) GLOBAL_UNIT_ASSIGNED_CONTEXT ( ( #2062, #2061, #847 ) ) REPRESENTATION_CONTEXT ( 'NONE', 'WORKASPACE' ) );
#2127 = CARTESIAN_POINT ( 'NONE',  ( 17.99476544611969300, -7.232760231935460900, -1.713416832421814400 ) ) ;
#2128 = CARTESIAN_POINT ( 'NONE',  ( 17.99476544611969300, -7.232760231935460900, 0.2677831675781855400 ) ) ;
#2129 = FACE_OUTER_BOUND ( 'NONE', #4340, .T. ) ;
#2130 = SURFACE_SIDE_STYLE ('',( #2131 ) ) ;
#2131 = SURFACE_STYLE_FILL_AREA ( #2145 ) ;
#2132 = UNCERTAINTY_MEASURE_WITH_UNIT (LENGTH_MEASURE( 1.000000000000000100E-005 ), #2144, 'distance_accuracy_value', 'NONE');
#2133 = MECHANICAL_DESIGN_GEOMETRIC_PRESENTATION_REPRESENTATION (  '', ( #2135 ), #2148 ) ;
#2134 = PRESENTATION_LAYER_ASSIGNMENT (  '', '', ( #2135 ) ) ;
#2135 = STYLED_ITEM ( 'NONE', ( #2142 ), #4402 ) ;
#2136 = COLOUR_RGB ( '',0.8313725490196077800, 0.8392156862745098200, 0.8274509803921568100 ) ;
#2137 = LINE ( 'NONE', #2151, #2150 ) ;
#2138 = DIRECTION ( 'NONE',  ( 0.0000000000000000000, 0.0000000000000000000, 1.000000000000000000 ) ) ;
#2139 = DIRECTION ( 'NONE',  ( -1.383662747167360600E-017, -1.000000000000000000, 2.525907955783923100E-018 ) ) ;
#2140 = AXIS2_PLACEMENT_3D ( 'NONE', #2153, #2139, #2138 ) ;
#2141 = CYLINDRICAL_SURFACE ( 'NONE', #2140, 0.9779000000000012100 ) ;
#2142 = PRESENTATION_STYLE_ASSIGNMENT (( #2143 ) ) ;
#2143 = SURFACE_STYLE_USAGE ( .BOTH. , #2130 ) ;
#2144 =( LENGTH_UNIT ( ) NAMED_UNIT ( * ) SI_UNIT ( .MILLI., .METRE. ) );
#2145 = FILL_AREA_STYLE ('',( #2146 ) ) ;
#2146 = FILL_AREA_STYLE_COLOUR ( '', #2136 ) ;
#2147 =( NAMED_UNIT ( * ) PLANE_ANGLE_UNIT ( ) SI_UNIT ( $, .RADIAN. ) );
#2148 =( GEOMETRIC_REPRESENTATION_CONTEXT ( 3 ) GLOBAL_UNCERTAINTY_ASSIGNED_CONTEXT ( ( #2132 ) ) GLOBAL_UNIT_ASSIGNED_CONTEXT ( ( #2144, #2147, #2152 ) ) REPRESENTATION_CONTEXT ( 'NONE', 'WORKASPACE' ) );
#2149 = DIRECTION ( 'NONE',  ( -1.383662747167360600E-017, -1.000000000000000000, 2.525907955783923100E-018 ) ) ;
#2150 = VECTOR ( 'NONE', #2149, 1000.000000000000000 ) ;
#2151 = CARTESIAN_POINT ( 'NONE',  ( 15.14996544611969000, -2.013060231935459100, -1.700716832421814300 ) ) ;
#2152 =( NAMED_UNIT ( * ) SI_UNIT ( $, .STERADIAN. ) SOLID_ANGLE_UNIT ( ) );
#2153 = CARTESIAN_POINT ( 'NONE',  ( 15.14996544611969000, -2.013060231935459100, -0.7228168324218131600 ) ) ;
#2154 = VECTOR ( 'NONE', #2185, 1000.000000000000000 ) ;
#2155 = CARTESIAN_POINT ( 'NONE',  ( 19.95056544611968300, -0.03186023193545921300, -5.548816832421813700 ) ) ;
#2156 = LINE ( 'NONE', #2155, #2154 ) ;
#2157 = CARTESIAN_POINT ( 'NONE',  ( 15.14996544611969000, -0.3620602319354593300, -1.700716832421814500 ) ) ;
#2158 = CIRCLE ( 'NONE', #2172, 1.828799999999998200 ) ;
#2159 = DIRECTION ( 'NONE',  ( 0.0000000000000000000, 0.0000000000000000000, -1.000000000000000000 ) ) ;
#2160 = CARTESIAN_POINT ( 'NONE',  ( 19.95056544611968300, -1.606660231935459000, 4.103183167578187400 ) ) ;
#2161 = LINE ( 'NONE', #2160, #2196 ) ;
#2162 = DIRECTION ( 'NONE',  ( -0.0000000000000000000, -1.000000000000000000, -0.0000000000000000000 ) ) ;
#2163 = VECTOR ( 'NONE', #2162, 1000.000000000000000 ) ;
#2164 = LINE ( 'NONE', #2188, #2187 ) ;
#2165 = FILL_AREA_STYLE_COLOUR ( '', #2194 ) ;
#2166 = DIRECTION ( 'NONE',  ( 0.0000000000000000000, 0.0000000000000000000, 1.000000000000000000 ) ) ;
#2167 = DIRECTION ( 'NONE',  ( 0.0000000000000000000, 1.000000000000000000, 0.0000000000000000000 ) ) ;
#2168 =( NAMED_UNIT ( * ) SI_UNIT ( $, .STERADIAN. ) SOLID_ANGLE_UNIT ( ) );
#2169 =( NAMED_UNIT ( * ) PLANE_ANGLE_UNIT ( ) SI_UNIT ( $, .RADIAN. ) );
#2170 =( LENGTH_UNIT ( ) NAMED_UNIT ( * ) SI_UNIT ( .MILLI., .METRE. ) );
#2171 = CARTESIAN_POINT ( 'NONE',  ( 2.424565446119686400, -1.606660231935459000, -0.7228168324218131600 ) ) ;
#2172 = AXIS2_PLACEMENT_3D ( 'NONE', #2171, #2167, #2166 ) ;
#2173 = MECHANICAL_DESIGN_GEOMETRIC_PRESENTATION_REPRESENTATION (  '', ( #2175 ), #2189 ) ;
#2174 = PRESENTATION_LAYER_ASSIGNMENT (  '', '', ( #2175 ) ) ;
#2175 = STYLED_ITEM ( 'NONE', ( #2176 ), #4431 ) ;
#2176 = PRESENTATION_STYLE_ASSIGNMENT (( #2177 ) ) ;
#2177 = SURFACE_STYLE_USAGE ( .BOTH. , #2192 ) ;
#2178 = CARTESIAN_POINT ( 'NONE',  ( -15.10143455388031000, -0.03186023193545921300, -5.548816832421813700 ) ) ;
#2179 = LINE ( 'NONE', #2181, #2163 ) ;
#2180 = FILL_AREA_STYLE ('',( #2165 ) ) ;
#2181 = CARTESIAN_POINT ( 'NONE',  ( 13.66406544611968600, -0.03186023193545921300, 0.7376831675781868600 ) ) ;
#2182 = DIRECTION ( 'NONE',  ( -0.0000000000000000000, -0.0000000000000000000, 1.000000000000000000 ) ) ;
#2183 = CARTESIAN_POINT ( 'NONE',  ( -15.10143455388031000, -0.03186023193545921300, 4.103183167578187400 ) ) ;
#2184 = LINE ( 'NONE', #2183, #2191 ) ;
#2185 = DIRECTION ( 'NONE',  ( -0.0000000000000000000, -1.000000000000000000, -0.0000000000000000000 ) ) ;
#2186 = DIRECTION ( 'NONE',  ( -0.0000000000000000000, -1.000000000000000000, -0.0000000000000000000 ) ) ;
#2187 = VECTOR ( 'NONE', #2186, 1000.000000000000000 ) ;
#2188 = CARTESIAN_POINT ( 'NONE',  ( 13.66406544611968200, -0.03186023193545921300, -2.183316832421813300 ) ) ;
#2189 =( GEOMETRIC_REPRESENTATION_CONTEXT ( 3 ) GLOBAL_UNCERTAINTY_ASSIGNED_CONTEXT ( ( #2190 ) ) GLOBAL_UNIT_ASSIGNED_CONTEXT ( ( #2170, #2169, #2168 ) ) REPRESENTATION_CONTEXT ( 'NONE', 'WORKASPACE' ) );
#2190 = UNCERTAINTY_MEASURE_WITH_UNIT (LENGTH_MEASURE( 1.000000000000000100E-005 ), #2170, 'distance_accuracy_value', 'NONE');
#2191 = VECTOR ( 'NONE', #2182, 1000.000000000000000 ) ;
#2192 = SURFACE_SIDE_STYLE ('',( #2193 ) ) ;
#2193 = SURFACE_STYLE_FILL_AREA ( #2180 ) ;
#2194 = COLOUR_RGB ( '',0.8745098039215686300, 0.0000000000000000000, 0.3568627450980392200 ) ;
#2195 = FACE_OUTER_BOUND ( 'NONE', #4476, .T. ) ;
#2196 = VECTOR ( 'NONE', #2159, 1000.000000000000000 ) ;
#2197 = CARTESIAN_POINT ( 'NONE',  ( 16.12786544611969200, -0.3620602319354593300, -0.7228168324218130500 ) ) ;
#2198 =( LENGTH_UNIT ( ) NAMED_UNIT ( * ) SI_UNIT ( .MILLI., .METRE. ) );
#2199 =( LENGTH_UNIT ( ) NAMED_UNIT ( * ) SI_UNIT ( .MILLI., .METRE. ) );
#2200 = DIRECTION ( 'NONE',  ( 1.000000000000000000, 1.250846150945177000E-016, -4.898396714223407500E-033 ) ) ;
#2201 = PRESENTATION_STYLE_ASSIGNMENT (( #2714 ) ) ;
#2202 =( NAMED_UNIT ( * ) PLANE_ANGLE_UNIT ( ) SI_UNIT ( $, .RADIAN. ) );
#2203 = DIRECTION ( 'NONE',  ( -1.250846150945177000E-016, 1.000000000000000000, -3.916066504679277800E-017 ) ) ;
#2204 = CARTESIAN_POINT ( 'NONE',  ( -13.45043455388031000, 9.054763847188317200, -3.720016832421813900 ) ) ;
#2205 =( NAMED_UNIT ( * ) PLANE_ANGLE_UNIT ( ) SI_UNIT ( $, .RADIAN. ) );
#2206 =( NAMED_UNIT ( * ) PLANE_ANGLE_UNIT ( ) SI_UNIT ( $, .RADIAN. ) );
#2207 =( NAMED_UNIT ( * ) SI_UNIT ( $, .STERADIAN. ) SOLID_ANGLE_UNIT ( ) );
#2208 =( LENGTH_UNIT ( ) NAMED_UNIT ( * ) SI_UNIT ( .MILLI., .METRE. ) );
#2209 = MECHANICAL_DESIGN_GEOMETRIC_PRESENTATION_REPRESENTATION (  '', ( #2219 ), #2231 ) ;
#2210 =( NAMED_UNIT ( * ) SI_UNIT ( $, .STERADIAN. ) SOLID_ANGLE_UNIT ( ) );
#2211 = FILL_AREA_STYLE ('',( #2215 ) ) ;
#2212 = CIRCLE ( 'NONE', #2214, 1.961418588733892000 ) ;
#2213 = COLOUR_RGB ( '',0.8313725490196077800, 0.8392156862745098200, 0.8274509803921568100 ) ;
#2214 = AXIS2_PLACEMENT_3D ( 'NONE', #2225, #2216, #2224 ) ;
#2215 = FILL_AREA_STYLE_COLOUR ( '', #2213 ) ;
#2216 = DIRECTION ( 'NONE',  ( -1.383662747167360600E-017, -1.000000000000000000, 2.525907955783923100E-018 ) ) ;
#2217 = SURFACE_STYLE_FILL_AREA ( #2211 ) ;
#2218 = PRESENTATION_LAYER_ASSIGNMENT (  '', '', ( #2219 ) ) ;
#2219 = STYLED_ITEM ( 'NONE', ( #2220 ), #4443 ) ;
#2220 = PRESENTATION_STYLE_ASSIGNMENT (( #2221 ) ) ;
#2221 = SURFACE_STYLE_USAGE ( .BOTH. , #2222 ) ;
#2222 = SURFACE_SIDE_STYLE ('',( #2217 ) ) ;
#2223 = FACE_OUTER_BOUND ( 'NONE', #4444, .T. ) ;
#2224 = DIRECTION ( 'NONE',  ( 0.0000000000000000000, 0.0000000000000000000, 1.000000000000000000 ) ) ;
#2225 = CARTESIAN_POINT ( 'NONE',  ( 15.14996544611969000, 0.6491584310145269700, -0.7228168324218131600 ) ) ;
#2226 =( NAMED_UNIT ( * ) PLANE_ANGLE_UNIT ( ) SI_UNIT ( $, .RADIAN. ) );
#2227 = DIRECTION ( 'NONE',  ( 3.495004741191875400E-035, 2.525907955783923100E-018, 1.000000000000000000 ) ) ;
#2228 = AXIS2_PLACEMENT_3D ( 'NONE', #2232, #2233, #2230 ) ;
#2229 = CIRCLE ( 'NONE', #2228, 1.799399038121850300 ) ;
#2230 = DIRECTION ( 'NONE',  ( 0.0000000000000000000, 0.0000000000000000000, 1.000000000000000000 ) ) ;
#2231 =( GEOMETRIC_REPRESENTATION_CONTEXT ( 3 ) GLOBAL_UNCERTAINTY_ASSIGNED_CONTEXT ( ( #2234 ) ) GLOBAL_UNIT_ASSIGNED_CONTEXT ( ( #2208, #2226, #2207 ) ) REPRESENTATION_CONTEXT ( 'NONE', 'WORKASPACE' ) );
#2232 = CARTESIAN_POINT ( 'NONE',  ( 15.14996544611969000, 0.8571397680645415100, -0.7228168324218131600 ) ) ;
#2233 = DIRECTION ( 'NONE',  ( -1.383662747167360600E-017, -1.000000000000000000, 2.525907955783923100E-018 ) ) ;
#2234 = UNCERTAINTY_MEASURE_WITH_UNIT (LENGTH_MEASURE( 1.000000000000000100E-005 ), #2208, 'distance_accuracy_value', 'NONE');
#2235 = DIRECTION ( 'NONE',  ( -1.383662747167360600E-017, -1.000000000000000000, 2.525907955783923100E-018 ) ) ;
#2236 = TOROIDAL_SURFACE ( 'NONE', #2237, 1.776418144902863500, 0.1864223314702933300 ) ;
#2237 = AXIS2_PLACEMENT_3D ( 'NONE', #2238, #2235, #2227 ) ;
#2238 = CARTESIAN_POINT ( 'NONE',  ( 15.14996544611969000, 0.6721393242335133000, -0.7228168324218132700 ) ) ;
#2239 =( LENGTH_UNIT ( ) NAMED_UNIT ( * ) SI_UNIT ( .MILLI., .METRE. ) );
#2240 = MECHANICAL_DESIGN_GEOMETRIC_PRESENTATION_REPRESENTATION (  '', ( #2259 ), #2245 ) ;
#2241 = UNCERTAINTY_MEASURE_WITH_UNIT (LENGTH_MEASURE( 1.000000000000000100E-005 ), #2275, 'distance_accuracy_value', 'NONE');
#2242 = SURFACE_SIDE_STYLE ('',( #2255 ) ) ;
#2243 = FILL_AREA_STYLE_COLOUR ( '', #2252 ) ;
#2244 = PRESENTATION_STYLE_ASSIGNMENT (( #2258 ) ) ;
#2245 =( GEOMETRIC_REPRESENTATION_CONTEXT ( 3 ) GLOBAL_UNCERTAINTY_ASSIGNED_CONTEXT ( ( #2249 ) ) GLOBAL_UNIT_ASSIGNED_CONTEXT ( ( #2239, #2247, #2260 ) ) REPRESENTATION_CONTEXT ( 'NONE', 'WORKASPACE' ) );
#2246 = CARTESIAN_POINT ( 'NONE',  ( 15.14996544611969000, -2.013060231935459100, 1.652083167578186900 ) ) ;
#2247 =( NAMED_UNIT ( * ) PLANE_ANGLE_UNIT ( ) SI_UNIT ( $, .RADIAN. ) );
#2248 = FILL_AREA_STYLE ('',( #2243 ) ) ;
#2249 = UNCERTAINTY_MEASURE_WITH_UNIT (LENGTH_MEASURE( 1.000000000000000100E-005 ), #2239, 'distance_accuracy_value', 'NONE');
#2250 = VECTOR ( 'NONE', #2256, 1000.000000000000000 ) ;
#2251 = PRESENTATION_LAYER_ASSIGNMENT (  '', '', ( #2259 ) ) ;
#2252 = COLOUR_RGB ( '',0.8745098039215686300, 0.0000000000000000000, 0.3568627450980392200 ) ;
#2253 = LINE ( 'NONE', #2246, #2250 ) ;
#2254 = CARTESIAN_POINT ( 'NONE',  ( 15.14996544611969000, -1.606660231935458800, -3.097716832421813400 ) ) ;
#2255 = SURFACE_STYLE_FILL_AREA ( #2248 ) ;
#2256 = DIRECTION ( 'NONE',  ( -1.383662747167360600E-017, -1.000000000000000000, 2.525907955783923100E-018 ) ) ;
#2257 = FACE_OUTER_BOUND ( 'NONE', #4450, .T. ) ;
#2258 = SURFACE_STYLE_USAGE ( .BOTH. , #2242 ) ;
#2259 = STYLED_ITEM ( 'NONE', ( #2244 ), #4451 ) ;
#2260 =( NAMED_UNIT ( * ) SI_UNIT ( $, .STERADIAN. ) SOLID_ANGLE_UNIT ( ) );
#2261 = CYLINDRICAL_SURFACE ( 'NONE', #2271, 1.828799999999998400 ) ;
#2262 = STYLED_ITEM ( 'NONE', ( #2263 ), #4453 ) ;
#2263 = PRESENTATION_STYLE_ASSIGNMENT (( #2264 ) ) ;
#2264 = SURFACE_STYLE_USAGE ( .BOTH. , #2265 ) ;
#2265 = SURFACE_SIDE_STYLE ('',( #2266 ) ) ;
#2266 = SURFACE_STYLE_FILL_AREA ( #2268 ) ;
#2267 = CARTESIAN_POINT ( 'NONE',  ( 2.424565446119686400, -0.03186023193545921300, -0.7228168324218131600 ) ) ;
#2268 = FILL_AREA_STYLE ('',( #2269 ) ) ;
#2269 = FILL_AREA_STYLE_COLOUR ( '', #2270 ) ;
#2270 = COLOUR_RGB ( '',0.8745098039215686300, 0.0000000000000000000, 0.3568627450980392200 ) ;
#2271 = AXIS2_PLACEMENT_3D ( 'NONE', #2267, #2274, #2273 ) ;
#2272 = FACE_OUTER_BOUND ( 'NONE', #4381, .T. ) ;
#2273 = DIRECTION ( 'NONE',  ( 0.0000000000000000000, 0.0000000000000000000, -1.000000000000000000 ) ) ;
#2274 = DIRECTION ( 'NONE',  ( -0.0000000000000000000, -1.000000000000000000, -0.0000000000000000000 ) ) ;
#2275 =( LENGTH_UNIT ( ) NAMED_UNIT ( * ) SI_UNIT ( .MILLI., .METRE. ) );
#2276 = MECHANICAL_DESIGN_GEOMETRIC_PRESENTATION_REPRESENTATION (  '', ( #2262 ), #2301 ) ;
#2277 = PRESENTATION_LAYER_ASSIGNMENT (  '', '', ( #2262 ) ) ;
#2278 = DIRECTION ( 'NONE',  ( -0.0000000000000000000, -1.000000000000000000, -0.0000000000000000000 ) ) ;
#2279 = CARTESIAN_POINT ( 'NONE',  ( 16.58506544611968900, -0.03186023193545921300, 0.7376831675781868600 ) ) ;
#2280 = LINE ( 'NONE', #2279, #2282 ) ;
#2281 = FILL_AREA_STYLE ('',( #2323 ) ) ;
#2282 = VECTOR ( 'NONE', #2278, 1000.000000000000000 ) ;
#2283 =( LENGTH_UNIT ( ) NAMED_UNIT ( * ) SI_UNIT ( .MILLI., .METRE. ) );
#2284 = MECHANICAL_DESIGN_GEOMETRIC_PRESENTATION_REPRESENTATION (  '', ( #2286 ), #2305 ) ;
#2285 = PRESENTATION_LAYER_ASSIGNMENT (  '', '', ( #2286 ) ) ;
#2286 = STYLED_ITEM ( 'NONE', ( #2287 ), #4466 ) ;
#2287 = PRESENTATION_STYLE_ASSIGNMENT (( #2317 ) ) ;
#2288 = SURFACE_STYLE_FILL_AREA ( #2289 ) ;
#2289 = FILL_AREA_STYLE ('',( #2295 ) ) ;
#2290 = COLOUR_RGB ( '',0.8745098039215686300, 0.0000000000000000000, 0.3568627450980392200 ) ;
#2291 = FACE_OUTER_BOUND ( 'NONE', #4470, .T. ) ;
#2292 = DIRECTION ( 'NONE',  ( -0.0000000000000000000, -1.000000000000000000, -0.0000000000000000000 ) ) ;
#2293 = VECTOR ( 'NONE', #2292, 1000.000000000000000 ) ;
#2294 = CARTESIAN_POINT ( 'NONE',  ( -8.814934553880313200, -0.03186023193545921300, -2.183316832421813300 ) ) ;
#2295 = FILL_AREA_STYLE_COLOUR ( '', #2290 ) ;
#2296 = DIRECTION ( 'NONE',  ( -0.0000000000000000000, -1.000000000000000000, -0.0000000000000000000 ) ) ;
#2297 = VECTOR ( 'NONE', #2296, 1000.000000000000000 ) ;
#2298 = CARTESIAN_POINT ( 'NONE',  ( 16.58506544611968900, -0.03186023193545921300, -2.183316832421813300 ) ) ;
#2299 = LINE ( 'NONE', #2298, #2297 ) ;
#2300 =( LENGTH_UNIT ( ) NAMED_UNIT ( * ) SI_UNIT ( .MILLI., .METRE. ) );
#2301 =( GEOMETRIC_REPRESENTATION_CONTEXT ( 3 ) GLOBAL_UNCERTAINTY_ASSIGNED_CONTEXT ( ( #2241 ) ) GLOBAL_UNIT_ASSIGNED_CONTEXT ( ( #2275, #2206, #2210 ) ) REPRESENTATION_CONTEXT ( 'NONE', 'WORKASPACE' ) );
#2302 = CARTESIAN_POINT ( 'NONE',  ( 16.58506544611968900, -0.03186023193545921300, -2.183316832421813300 ) ) ;
#2303 = AXIS2_PLACEMENT_3D ( 'NONE', #2302, #2322, #2321 ) ;
#2304 =( GEOMETRIC_REPRESENTATION_CONTEXT ( 3 ) GLOBAL_UNCERTAINTY_ASSIGNED_CONTEXT ( ( #2307 ) ) GLOBAL_UNIT_ASSIGNED_CONTEXT ( ( #2300, #2326, #2308 ) ) REPRESENTATION_CONTEXT ( 'NONE', 'WORKASPACE' ) );
#2305 =( GEOMETRIC_REPRESENTATION_CONTEXT ( 3 ) GLOBAL_UNCERTAINTY_ASSIGNED_CONTEXT ( ( #2306 ) ) GLOBAL_UNIT_ASSIGNED_CONTEXT ( ( #2283, #2342, #2341 ) ) REPRESENTATION_CONTEXT ( 'NONE', 'WORKASPACE' ) );
#2306 = UNCERTAINTY_MEASURE_WITH_UNIT (LENGTH_MEASURE( 1.000000000000000100E-005 ), #2283, 'distance_accuracy_value', 'NONE');
#2307 = UNCERTAINTY_MEASURE_WITH_UNIT (LENGTH_MEASURE( 1.000000000000000100E-005 ), #2300, 'distance_accuracy_value', 'NONE');
#2308 =( NAMED_UNIT ( * ) SI_UNIT ( $, .STERADIAN. ) SOLID_ANGLE_UNIT ( ) );
#2309 = AXIS2_PLACEMENT_3D ( 'NONE', #2338, #2337, #2340 ) ;
#2310 = DIRECTION ( 'NONE',  ( 1.000000000000000000, 0.0000000000000000000, -0.0000000000000000000 ) ) ;
#2311 = DIRECTION ( 'NONE',  ( 0.0000000000000000000, 0.0000000000000000000, 1.000000000000000000 ) ) ;
#2312 = CARTESIAN_POINT ( 'NONE',  ( -11.73593455388031300, -0.03186023193545921300, -2.183316832421813300 ) ) ;
#2313 = AXIS2_PLACEMENT_3D ( 'NONE', #2312, #2311, #2310 ) ;
#2314 = LINE ( 'NONE', #2294, #2293 ) ;
#2315 = PLANE ( 'NONE',  #2313 ) ;
#2316 = FACE_OUTER_BOUND ( 'NONE', #4468, .T. ) ;
#2317 = SURFACE_STYLE_USAGE ( .BOTH. , #2318 ) ;
#2318 = SURFACE_SIDE_STYLE ('',( #2319 ) ) ;
#2319 = SURFACE_STYLE_FILL_AREA ( #2320 ) ;
#2320 = FILL_AREA_STYLE ('',( #2335 ) ) ;
#2321 = DIRECTION ( 'NONE',  ( 1.000000000000000000, 0.0000000000000000000, -0.0000000000000000000 ) ) ;
#2322 = DIRECTION ( 'NONE',  ( 0.0000000000000000000, -0.0000000000000000000, 1.000000000000000000 ) ) ;
#2323 = FILL_AREA_STYLE_COLOUR ( '', #2324 ) ;
#2324 = COLOUR_RGB ( '',0.8745098039215686300, 0.0000000000000000000, 0.3568627450980392200 ) ;
#2325 = FACE_OUTER_BOUND ( 'NONE', #4463, .T. ) ;
#2326 =( NAMED_UNIT ( * ) PLANE_ANGLE_UNIT ( ) SI_UNIT ( $, .RADIAN. ) );
#2327 = PRESENTATION_STYLE_ASSIGNMENT (( #2328 ) ) ;
#2328 = SURFACE_STYLE_USAGE ( .BOTH. , #2329 ) ;
#2329 = SURFACE_SIDE_STYLE ('',( #2330 ) ) ;
#2330 = SURFACE_STYLE_FILL_AREA ( #2281 ) ;
#2331 = MECHANICAL_DESIGN_GEOMETRIC_PRESENTATION_REPRESENTATION (  '', ( #2333 ), #2304 ) ;
#2332 = PRESENTATION_LAYER_ASSIGNMENT (  '', '', ( #2333 ) ) ;
#2333 = STYLED_ITEM ( 'NONE', ( #2327 ), #4462 ) ;
#2334 = PLANE ( 'NONE',  #2303 ) ;
#2335 = FILL_AREA_STYLE_COLOUR ( '', #2336 ) ;
#2336 = COLOUR_RGB ( '',0.8745098039215686300, 0.0000000000000000000, 0.3568627450980392200 ) ;
#2337 = DIRECTION ( 'NONE',  ( 0.0000000000000000000, 0.0000000000000000000, -1.000000000000000000 ) ) ;
#2338 = CARTESIAN_POINT ( 'NONE',  ( -11.73593455388031300, -0.03186023193545921300, 0.7376831675781868600 ) ) ;
#2339 = PLANE ( 'NONE',  #2309 ) ;
#2340 = DIRECTION ( 'NONE',  ( -1.000000000000000000, 0.0000000000000000000, -0.0000000000000000000 ) ) ;
#2341 =( NAMED_UNIT ( * ) SI_UNIT ( $, .STERADIAN. ) SOLID_ANGLE_UNIT ( ) );
#2342 =( NAMED_UNIT ( * ) PLANE_ANGLE_UNIT ( ) SI_UNIT ( $, .RADIAN. ) );
#2343 = UNCERTAINTY_MEASURE_WITH_UNIT (LENGTH_MEASURE( 1.000000000000000100E-005 ), #2354, 'distance_accuracy_value', 'NONE');
#2344 =( GEOMETRIC_REPRESENTATION_CONTEXT ( 3 ) GLOBAL_UNCERTAINTY_ASSIGNED_CONTEXT ( ( #2345 ) ) GLOBAL_UNIT_ASSIGNED_CONTEXT ( ( #2358, #2362, #2361 ) ) REPRESENTATION_CONTEXT ( 'NONE', 'WORKASPACE' ) );
#2345 = UNCERTAINTY_MEASURE_WITH_UNIT (LENGTH_MEASURE( 1.000000000000000100E-005 ), #2358, 'distance_accuracy_value', 'NONE');
#2346 = PRESENTATION_LAYER_ASSIGNMENT (  '', '', ( #2378 ) ) ;
#2347 = SURFACE_STYLE_USAGE ( .BOTH. , #2371 ) ;
#2348 = CARTESIAN_POINT ( 'NONE',  ( -8.814934553880313200, -0.03186023193545921300, 0.7376831675781868600 ) ) ;
#2349 = LINE ( 'NONE', #2348, #2364 ) ;
#2350 = FILL_AREA_STYLE_COLOUR ( '', #2373 ) ;
#2351 = AXIS2_PLACEMENT_3D ( 'NONE', #2370, #2369, #2368 ) ;
#2352 = PLANE ( 'NONE',  #2351 ) ;
#2353 =( NAMED_UNIT ( * ) PLANE_ANGLE_UNIT ( ) SI_UNIT ( $, .RADIAN. ) );
#2354 =( LENGTH_UNIT ( ) NAMED_UNIT ( * ) SI_UNIT ( .MILLI., .METRE. ) );
#2355 = SURFACE_SIDE_STYLE ('',( #2356 ) ) ;
#2356 = SURFACE_STYLE_FILL_AREA ( #2357 ) ;
#2357 = FILL_AREA_STYLE ('',( #2350 ) ) ;
#2358 =( LENGTH_UNIT ( ) NAMED_UNIT ( * ) SI_UNIT ( .MILLI., .METRE. ) );
#2359 = MECHANICAL_DESIGN_GEOMETRIC_PRESENTATION_REPRESENTATION (  '', ( #2365 ), #2344 ) ;
#2360 = PRESENTATION_LAYER_ASSIGNMENT (  '', '', ( #2365 ) ) ;
#2361 =( NAMED_UNIT ( * ) SI_UNIT ( $, .STERADIAN. ) SOLID_ANGLE_UNIT ( ) );
#2362 =( NAMED_UNIT ( * ) PLANE_ANGLE_UNIT ( ) SI_UNIT ( $, .RADIAN. ) );
#2363 = DIRECTION ( 'NONE',  ( -0.0000000000000000000, -1.000000000000000000, -0.0000000000000000000 ) ) ;
#2364 = VECTOR ( 'NONE', #2363, 1000.000000000000000 ) ;
#2365 = STYLED_ITEM ( 'NONE', ( #2366 ), #4480 ) ;
#2366 = PRESENTATION_STYLE_ASSIGNMENT (( #2367 ) ) ;
#2367 = SURFACE_STYLE_USAGE ( .BOTH. , #2355 ) ;
#2368 = DIRECTION ( 'NONE',  ( -1.187759997245332000E-015, 0.0000000000000000000, -1.000000000000000000 ) ) ;
#2369 = DIRECTION ( 'NONE',  ( 1.000000000000000000, 0.0000000000000000000, -1.187759997245332000E-015 ) ) ;
#2370 = CARTESIAN_POINT ( 'NONE',  ( 13.66406544611968200, -0.03186023193545921300, -2.183316832421813300 ) ) ;
#2371 = SURFACE_SIDE_STYLE ('',( #2288 ) ) ;
#2372 = PRESENTATION_STYLE_ASSIGNMENT (( #2347 ) ) ;
#2373 = COLOUR_RGB ( '',0.8745098039215686300, 0.0000000000000000000, 0.3568627450980392200 ) ;
#2374 = FACE_OUTER_BOUND ( 'NONE', #4478, .T. ) ;
#2375 =( NAMED_UNIT ( * ) SI_UNIT ( $, .STERADIAN. ) SOLID_ANGLE_UNIT ( ) );
#2376 =( GEOMETRIC_REPRESENTATION_CONTEXT ( 3 ) GLOBAL_UNCERTAINTY_ASSIGNED_CONTEXT ( ( #2343 ) ) GLOBAL_UNIT_ASSIGNED_CONTEXT ( ( #2354, #2353, #2375 ) ) REPRESENTATION_CONTEXT ( 'NONE', 'WORKASPACE' ) );
#2377 = MECHANICAL_DESIGN_GEOMETRIC_PRESENTATION_REPRESENTATION (  '', ( #2378 ), #2376 ) ;
#2378 = STYLED_ITEM ( 'NONE', ( #2372 ), #4469 ) ;
#2379 = CARTESIAN_POINT ( 'NONE',  ( -11.73593455388031300, -0.03186023193545921300, -2.183316832421813300 ) ) ;
#2380 = LINE ( 'NONE', #2396, #2395 ) ;
#2381 = DIRECTION ( 'NONE',  ( -1.000000000000000000, -0.0000000000000000000, -0.0000000000000000000 ) ) ;
#2382 = DIRECTION ( 'NONE',  ( -1.000000000000000000, 0.0000000000000000000, 0.0000000000000000000 ) ) ;
#2383 = VECTOR ( 'NONE', #2382, 1000.000000000000000 ) ;
#2384 = CARTESIAN_POINT ( 'NONE',  ( 19.95056544611968300, -0.03186023193545921300, -5.548816832421813700 ) ) ;
#2385 = LINE ( 'NONE', #2384, #2383 ) ;
#2386 = CARTESIAN_POINT ( 'NONE',  ( 19.95056544611968300, -0.03186023193545921300, -5.548816832421813700 ) ) ;
#2387 = DIRECTION ( 'NONE',  ( 0.0000000000000000000, 0.0000000000000000000, -1.000000000000000000 ) ) ;
#2388 = CARTESIAN_POINT ( 'NONE',  ( 19.95056544611968300, -0.03186023193545921300, 4.103183167578187400 ) ) ;
#2389 = CARTESIAN_POINT ( 'NONE',  ( -15.10143455388031000, -0.03186023193545921300, 4.103183167578187400 ) ) ;
#2390 = PLANE ( 'NONE',  #2409 ) ;
#2391 = CARTESIAN_POINT ( 'NONE',  ( -8.814934553880313200, -0.03186023193545921300, -2.183316832421813300 ) ) ;
#2392 = VECTOR ( 'NONE', #2405, 1000.000000000000000 ) ;
#2393 = CARTESIAN_POINT ( 'NONE',  ( -8.814934553880313200, -0.03186023193545921300, -2.183316832421813300 ) ) ;
#2394 = DIRECTION ( 'NONE',  ( 1.000000000000000000, -0.0000000000000000000, -0.0000000000000000000 ) ) ;
#2395 = VECTOR ( 'NONE', #2394, 1000.000000000000000 ) ;
#2396 = CARTESIAN_POINT ( 'NONE',  ( 19.95056544611968300, -0.03186023193545921300, 4.103183167578187400 ) ) ;
#2397 = LINE ( 'NONE', #2404, #2403 ) ;
#2398 = CARTESIAN_POINT ( 'NONE',  ( -8.814934553880313200, -0.03186023193545921300, -2.183316832421813300 ) ) ;
#2399 = VECTOR ( 'NONE', #2387, 1000.000000000000000 ) ;
#2400 = CARTESIAN_POINT ( 'NONE',  ( 19.95056544611968300, -0.03186023193545921300, 4.103183167578187400 ) ) ;
#2401 = LINE ( 'NONE', #2400, #2399 ) ;
#2402 = LINE ( 'NONE', #2393, #2392 ) ;
#2403 = VECTOR ( 'NONE', #2381, 1000.000000000000000 ) ;
#2404 = CARTESIAN_POINT ( 'NONE',  ( -11.73593455388031300, -0.03186023193545921300, -2.183316832421813300 ) ) ;
#2405 = DIRECTION ( 'NONE',  ( -0.0000000000000000000, -0.0000000000000000000, -1.000000000000000000 ) ) ;
#2406 = DIRECTION ( 'NONE',  ( 0.0000000000000000000, 0.0000000000000000000, 1.000000000000000000 ) ) ;
#2407 = VECTOR ( 'NONE', #2411, 1000.000000000000000 ) ;
#2408 = LINE ( 'NONE', #2379, #2407 ) ;
#2409 = AXIS2_PLACEMENT_3D ( 'NONE', #2391, #2410, #2406 ) ;
#2410 = DIRECTION ( 'NONE',  ( -1.000000000000000000, 0.0000000000000000000, 0.0000000000000000000 ) ) ;
#2411 = DIRECTION ( 'NONE',  ( -0.0000000000000000000, -1.000000000000000000, -0.0000000000000000000 ) ) ;
#2412 = CARTESIAN_POINT ( 'NONE',  ( 13.66406544611968200, -0.03186023193545921300, -2.183316832421813300 ) ) ;
#2413 =( NAMED_UNIT ( * ) PLANE_ANGLE_UNIT ( ) SI_UNIT ( $, .RADIAN. ) );
#2414 = SURFACE_SIDE_STYLE ('',( #2424 ) ) ;
#2415 = COLOUR_RGB ( '',0.8745098039215686300, 0.0000000000000000000, 0.3568627450980392200 ) ;
#2416 = CARTESIAN_POINT ( 'NONE',  ( 16.58506544611968900, -0.03186023193545921300, -2.183316832421813300 ) ) ;
#2417 = DIRECTION ( 'NONE',  ( 1.187759997245331800E-015, 0.0000000000000000000, 1.000000000000000000 ) ) ;
#2418 = FILL_AREA_STYLE ('',( #2421 ) ) ;
#2419 = FACE_BOUND ( 'NONE', #4291, .T. ) ;
#2420 = PLANE ( 'NONE',  #2455 ) ;
#2421 = FILL_AREA_STYLE_COLOUR ( '', #2415 ) ;
#2422 = FACE_BOUND ( 'NONE', #4292, .T. ) ;
#2423 =( LENGTH_UNIT ( ) NAMED_UNIT ( * ) SI_UNIT ( .MILLI., .METRE. ) );
#2424 = SURFACE_STYLE_FILL_AREA ( #2418 ) ;
#2425 =( GEOMETRIC_REPRESENTATION_CONTEXT ( 3 ) GLOBAL_UNCERTAINTY_ASSIGNED_CONTEXT ( ( #2429 ) ) GLOBAL_UNIT_ASSIGNED_CONTEXT ( ( #2423, #2413, #2430 ) ) REPRESENTATION_CONTEXT ( 'NONE', 'WORKASPACE' ) );
#2426 = DIRECTION ( 'NONE',  ( -1.000000000000000000, 0.0000000000000000000, 0.0000000000000000000 ) ) ;
#2427 = FACE_BOUND ( 'NONE', #4503, .T. ) ;
#2428 = FACE_OUTER_BOUND ( 'NONE', #4280, .T. ) ;
#2429 = UNCERTAINTY_MEASURE_WITH_UNIT (LENGTH_MEASURE( 1.000000000000000100E-005 ), #2423, 'distance_accuracy_value', 'NONE');
#2430 =( NAMED_UNIT ( * ) SI_UNIT ( $, .STERADIAN. ) SOLID_ANGLE_UNIT ( ) );
#2431 = VECTOR ( 'NONE', #2417, 1000.000000000000000 ) ;
#2432 = DIRECTION ( 'NONE',  ( 1.000000000000000000, 0.0000000000000000000, 0.0000000000000000000 ) ) ;
#2433 = VECTOR ( 'NONE', #2432, 1000.000000000000000 ) ;
#2434 = CARTESIAN_POINT ( 'NONE',  ( -11.73593455388031300, -1.606660231935459000, 0.7376831675781868600 ) ) ;
#2435 = LINE ( 'NONE', #2434, #2433 ) ;
#2436 = CARTESIAN_POINT ( 'NONE',  ( -11.73593455388031300, -1.606660231935459000, 0.7376831675781864200 ) ) ;
#2437 = CARTESIAN_POINT ( 'NONE',  ( -11.73593455388031300, -1.606660231935459000, -2.183316832421813300 ) ) ;
#2438 = DIRECTION ( 'NONE',  ( -0.0000000000000000000, -0.0000000000000000000, 1.000000000000000000 ) ) ;
#2439 = VECTOR ( 'NONE', #2438, 1000.000000000000000 ) ;
#2440 = CARTESIAN_POINT ( 'NONE',  ( -11.73593455388031300, -1.606660231935459000, 0.7376831675781868600 ) ) ;
#2441 = LINE ( 'NONE', #2440, #2439 ) ;
#2442 = PRESENTATION_LAYER_ASSIGNMENT (  '', '', ( #2443 ) ) ;
#2443 = STYLED_ITEM ( 'NONE', ( #2453 ), #4502 ) ;
#2444 = VECTOR ( 'NONE', #2426, 1000.000000000000000 ) ;
#2445 = DIRECTION ( 'NONE',  ( 0.0000000000000000000, 0.0000000000000000000, -1.000000000000000000 ) ) ;
#2446 = DIRECTION ( 'NONE',  ( 0.0000000000000000000, -1.000000000000000000, -0.0000000000000000000 ) ) ;
#2447 = CARTESIAN_POINT ( 'NONE',  ( -15.10143455388031000, -1.606660231935459000, 4.103183167578187400 ) ) ;
#2448 = MECHANICAL_DESIGN_GEOMETRIC_PRESENTATION_REPRESENTATION (  '', ( #2443 ), #2425 ) ;
#2449 =( NAMED_UNIT ( * ) SI_UNIT ( $, .STERADIAN. ) SOLID_ANGLE_UNIT ( ) );
#2450 = LINE ( 'NONE', #2416, #2444 ) ;
#2451 = LINE ( 'NONE', #2412, #2431 ) ;
#2452 = UNCERTAINTY_MEASURE_WITH_UNIT (LENGTH_MEASURE( 1.000000000000000100E-005 ), #2198, 'distance_accuracy_value', 'NONE');
#2453 = PRESENTATION_STYLE_ASSIGNMENT (( #2454 ) ) ;
#2454 = SURFACE_STYLE_USAGE ( .BOTH. , #2414 ) ;
#2455 = AXIS2_PLACEMENT_3D ( 'NONE', #2447, #2446, #2445 ) ;
#2456 = PRESENTATION_LAYER_ASSIGNMENT (  '', '', ( #2457 ) ) ;
#2457 = STYLED_ITEM ( 'NONE', ( #2468 ), #4514 ) ;
#2458 = FILL_AREA_STYLE_COLOUR ( '', #2467 ) ;
#2459 = FACE_OUTER_BOUND ( 'NONE', #4250, .T. ) ;
#2460 = DIRECTION ( 'NONE',  ( 0.0000000000000000000, 0.0000000000000000000, 1.000000000000000000 ) ) ;
#2461 = DIRECTION ( 'NONE',  ( -1.383662747167360600E-017, -1.000000000000000000, 2.525907955783923100E-018 ) ) ;
#2462 =( GEOMETRIC_REPRESENTATION_CONTEXT ( 3 ) GLOBAL_UNCERTAINTY_ASSIGNED_CONTEXT ( ( #2464 ) ) GLOBAL_UNIT_ASSIGNED_CONTEXT ( ( #2501, #2470, #2504 ) ) REPRESENTATION_CONTEXT ( 'NONE', 'WORKASPACE' ) );
#2463 = CARTESIAN_POINT ( 'NONE',  ( 15.14996544611969000, -2.013060231935459100, -0.7228168324218131600 ) ) ;
#2464 = UNCERTAINTY_MEASURE_WITH_UNIT (LENGTH_MEASURE( 1.000000000000000100E-005 ), #2501, 'distance_accuracy_value', 'NONE');
#2465 = VECTOR ( 'NONE', #2487, 1000.000000000000000 ) ;
#2466 = FILL_AREA_STYLE ('',( #2458 ) ) ;
#2467 = COLOUR_RGB ( '',0.8313725490196077800, 0.8392156862745098200, 0.8274509803921568100 ) ;
#2468 = PRESENTATION_STYLE_ASSIGNMENT (( #2469 ) ) ;
#2469 = SURFACE_STYLE_USAGE ( .BOTH. , #2502 ) ;
#2470 =( NAMED_UNIT ( * ) PLANE_ANGLE_UNIT ( ) SI_UNIT ( $, .RADIAN. ) );
#2471 = DIRECTION ( 'NONE',  ( 0.0000000000000000000, 0.0000000000000000000, 1.000000000000000000 ) ) ;
#2472 = DIRECTION ( 'NONE',  ( -1.383662747167360600E-017, -1.000000000000000000, 2.525907955783923100E-018 ) ) ;
#2473 = AXIS2_PLACEMENT_3D ( 'NONE', #2485, #2472, #2471 ) ;
#2474 = CIRCLE ( 'NONE', #2473, 1.961418588733892000 ) ;
#2475 = LINE ( 'NONE', #2488, #2465 ) ;
#2476 = CARTESIAN_POINT ( 'NONE',  ( 15.14996544611969000, 0.4761397680645403400, -2.107116832421813700 ) ) ;
#2477 = CARTESIAN_POINT ( 'NONE',  ( 15.14996544611969000, 0.4761397680645403400, 0.6614831675781877000 ) ) ;
#2478 = DIRECTION ( 'NONE',  ( 0.0000000000000000000, 0.0000000000000000000, 1.000000000000000000 ) ) ;
#2479 = CARTESIAN_POINT ( 'NONE',  ( -8.814934553880313200, -1.606660231935459000, 0.7376831675781868600 ) ) ;
#2480 = AXIS2_PLACEMENT_3D ( 'NONE', #2463, #2461, #2460 ) ;
#2481 =( NAMED_UNIT ( * ) PLANE_ANGLE_UNIT ( ) SI_UNIT ( $, .RADIAN. ) );
#2482 =( LENGTH_UNIT ( ) NAMED_UNIT ( * ) SI_UNIT ( .MILLI., .METRE. ) );
#2483 = MECHANICAL_DESIGN_GEOMETRIC_PRESENTATION_REPRESENTATION (  '', ( #2489 ), #2509 ) ;
#2484 = PRESENTATION_LAYER_ASSIGNMENT (  '', '', ( #2489 ) ) ;
#2485 = CARTESIAN_POINT ( 'NONE',  ( 15.14996544611969000, 0.6491584310145269700, -0.7228168324218131600 ) ) ;
#2486 = CARTESIAN_POINT ( 'NONE',  ( 15.14996544611969000, 0.6491584310145269700, 1.238601756312078800 ) ) ;
#2487 = DIRECTION ( 'NONE',  ( -0.0000000000000000000, -0.0000000000000000000, -1.000000000000000000 ) ) ;
#2488 = CARTESIAN_POINT ( 'NONE',  ( -8.814934553880313200, -1.606660231935459000, -2.183316832421813300 ) ) ;
#2489 = STYLED_ITEM ( 'NONE', ( #2490 ), #4524 ) ;
#2490 = PRESENTATION_STYLE_ASSIGNMENT (( #2491 ) ) ;
#2491 = SURFACE_STYLE_USAGE ( .BOTH. , #2492 ) ;
#2492 = SURFACE_SIDE_STYLE ('',( #2493 ) ) ;
#2493 = SURFACE_STYLE_FILL_AREA ( #2494 ) ;
#2494 = FILL_AREA_STYLE ('',( #2495 ) ) ;
#2495 = FILL_AREA_STYLE_COLOUR ( '', #2496 ) ;
#2496 = COLOUR_RGB ( '',0.8313725490196077800, 0.8392156862745098200, 0.8274509803921568100 ) ;
#2497 = FACE_OUTER_BOUND ( 'NONE', #4336, .T. ) ;
#2498 = CARTESIAN_POINT ( 'NONE',  ( -8.814934553880313200, -1.606660231935459000, -2.183316832421813300 ) ) ;
#2499 = MECHANICAL_DESIGN_GEOMETRIC_PRESENTATION_REPRESENTATION (  '', ( #2457 ), #2462 ) ;
#2500 = CYLINDRICAL_SURFACE ( 'NONE', #2480, 1.384300000000000300 ) ;
#2501 =( LENGTH_UNIT ( ) NAMED_UNIT ( * ) SI_UNIT ( .MILLI., .METRE. ) );
#2502 = SURFACE_SIDE_STYLE ('',( #2503 ) ) ;
#2503 = SURFACE_STYLE_FILL_AREA ( #2466 ) ;
#2504 =( NAMED_UNIT ( * ) SI_UNIT ( $, .STERADIAN. ) SOLID_ANGLE_UNIT ( ) );
#2505 = DIRECTION ( 'NONE',  ( -1.383662747167360600E-017, -1.000000000000000000, 2.525907955783923100E-018 ) ) ;
#2506 = CARTESIAN_POINT ( 'NONE',  ( 15.14996544611969000, 0.4761397680645403400, -0.7228168324218131600 ) ) ;
#2507 = AXIS2_PLACEMENT_3D ( 'NONE', #2506, #2505, #2478 ) ;
#2508 = CIRCLE ( 'NONE', #2507, 1.384300000000000800 ) ;
#2509 =( GEOMETRIC_REPRESENTATION_CONTEXT ( 3 ) GLOBAL_UNCERTAINTY_ASSIGNED_CONTEXT ( ( #2518 ) ) GLOBAL_UNIT_ASSIGNED_CONTEXT ( ( #2482, #2481, #2525 ) ) REPRESENTATION_CONTEXT ( 'NONE', 'WORKASPACE' ) );
#2510 =( NAMED_UNIT ( * ) SI_UNIT ( $, .STERADIAN. ) SOLID_ANGLE_UNIT ( ) );
#2511 =( NAMED_UNIT ( * ) PLANE_ANGLE_UNIT ( ) SI_UNIT ( $, .RADIAN. ) );
#2512 = PRESENTATION_STYLE_ASSIGNMENT (( #2513 ) ) ;
#2513 = SURFACE_STYLE_USAGE ( .BOTH. , #2514 ) ;
#2514 = SURFACE_SIDE_STYLE ('',( #2515 ) ) ;
#2515 = SURFACE_STYLE_FILL_AREA ( #2535 ) ;
#2516 = CARTESIAN_POINT ( 'NONE',  ( 15.14996544611969000, 0.4761397680645407800, -0.7228168324218131600 ) ) ;
#2517 = AXIS2_PLACEMENT_3D ( 'NONE', #2516, #2531, #2530 ) ;
#2518 = UNCERTAINTY_MEASURE_WITH_UNIT (LENGTH_MEASURE( 1.000000000000000100E-005 ), #2482, 'distance_accuracy_value', 'NONE');
#2519 =( LENGTH_UNIT ( ) NAMED_UNIT ( * ) SI_UNIT ( .MILLI., .METRE. ) );
#2520 = MECHANICAL_DESIGN_GEOMETRIC_PRESENTATION_REPRESENTATION (  '', ( #2522 ), #2541 ) ;
#2521 = PRESENTATION_LAYER_ASSIGNMENT (  '', '', ( #2522 ) ) ;
#2522 = STYLED_ITEM ( 'NONE', ( #2512 ), #4527 ) ;
#2523 = AXIS2_PLACEMENT_3D ( 'NONE', #2538, #2526, #2524 ) ;
#2524 = DIRECTION ( 'NONE',  ( -1.287289128761813300E-036, 2.525907955783923100E-018, 1.000000000000000000 ) ) ;
#2525 =( NAMED_UNIT ( * ) SI_UNIT ( $, .STERADIAN. ) SOLID_ANGLE_UNIT ( ) );
#2526 = DIRECTION ( 'NONE',  ( -1.383662747167360600E-017, -1.000000000000000000, 2.525907955783923100E-018 ) ) ;
#2527 = TOROIDAL_SURFACE ( 'NONE', #2523, 1.706550303593856300, 0.8808538416825231200 ) ;
#2528 = CIRCLE ( 'NONE', #2517, 0.9779000000000012100 ) ;
#2529 = FILL_AREA_STYLE_COLOUR ( '', #2536 ) ;
#2530 = DIRECTION ( 'NONE',  ( 0.0000000000000000000, 0.0000000000000000000, 1.000000000000000000 ) ) ;
#2531 = DIRECTION ( 'NONE',  ( -1.383662747167360600E-017, -1.000000000000000000, 2.525907955783923100E-018 ) ) ;
#2532 = DIRECTION ( 'NONE',  ( -1.000000000000000000, 0.0000000000000000000, -0.0000000000000000000 ) ) ;
#2533 = DIRECTION ( 'NONE',  ( 0.0000000000000000000, 0.0000000000000000000, -1.000000000000000000 ) ) ;
#2534 = AXIS2_PLACEMENT_3D ( 'NONE', #2539, #2533, #2532 ) ;
#2535 = FILL_AREA_STYLE ('',( #2529 ) ) ;
#2536 = COLOUR_RGB ( '',0.8745098039215686300, 0.0000000000000000000, 0.3568627450980392200 ) ;
#2537 = FACE_OUTER_BOUND ( 'NONE', #4387, .T. ) ;
#2538 = CARTESIAN_POINT ( 'NONE',  ( 15.14996544611969000, -0.01880692146822345700, -0.7228168324218131600 ) ) ;
#2539 = CARTESIAN_POINT ( 'NONE',  ( 16.58506544611968900, -0.03186023193545921300, 0.7376831675781868600 ) ) ;
#2540 = PLANE ( 'NONE',  #2534 ) ;
#2541 =( GEOMETRIC_REPRESENTATION_CONTEXT ( 3 ) GLOBAL_UNCERTAINTY_ASSIGNED_CONTEXT ( ( #2549 ) ) GLOBAL_UNIT_ASSIGNED_CONTEXT ( ( #2519, #2511, #2510 ) ) REPRESENTATION_CONTEXT ( 'NONE', 'WORKASPACE' ) );
#2542 = PRESENTATION_LAYER_ASSIGNMENT (  '', '', ( #2548 ) ) ;
#2543 = DIRECTION ( 'NONE',  ( 0.0000000000000000000, -1.000000000000000000, 0.0000000000000000000 ) ) ;
#2544 = DIRECTION ( 'NONE',  ( -1.000000000000000000, 1.383662747167360600E-017, 1.143833291972207200E-017 ) ) ;
#2545 = CARTESIAN_POINT ( 'NONE',  ( 15.14996544611969000, -0.01880692146822346100, -2.429367136015669000 ) ) ;
#2546 = AXIS2_PLACEMENT_3D ( 'NONE', #2545, #2544, #2543 ) ;
#2547 = CIRCLE ( 'NONE', #2546, 0.8808538416825231200 ) ;
#2548 = STYLED_ITEM ( 'NONE', ( #2558 ), #4535 ) ;
#2549 = UNCERTAINTY_MEASURE_WITH_UNIT (LENGTH_MEASURE( 1.000000000000000100E-005 ), #2519, 'distance_accuracy_value', 'NONE');
#2550 =( NAMED_UNIT ( * ) SI_UNIT ( $, .STERADIAN. ) SOLID_ANGLE_UNIT ( ) );
#2551 = UNCERTAINTY_MEASURE_WITH_UNIT (LENGTH_MEASURE( 1.000000000000000100E-005 ), #2568, 'distance_accuracy_value', 'NONE');
#2552 = CARTESIAN_POINT ( 'NONE',  ( 15.14996544611969000, -1.606660231935458800, 1.652083167578186900 ) ) ;
#2553 = FACE_OUTER_BOUND ( 'NONE', #4605, .T. ) ;
#2554 = DIRECTION ( 'NONE',  ( 0.0000000000000000000, 0.0000000000000000000, 1.000000000000000000 ) ) ;
#2555 = FACE_OUTER_BOUND ( 'NONE', #4647, .T. ) ;
#2556 = DIRECTION ( 'NONE',  ( -1.110223024625156500E-016, 2.525907955783923100E-018, 1.000000000000000000 ) ) ;
#2557 = DIRECTION ( 'NONE',  ( -1.383662747167360600E-017, -1.000000000000000000, 2.525907955783921500E-018 ) ) ;
#2558 = PRESENTATION_STYLE_ASSIGNMENT (( #2559 ) ) ;
#2559 = SURFACE_STYLE_USAGE ( .BOTH. , #2560 ) ;
#2560 = SURFACE_SIDE_STYLE ('',( #2561 ) ) ;
#2561 = SURFACE_STYLE_FILL_AREA ( #2562 ) ;
#2562 = FILL_AREA_STYLE ('',( #2566 ) ) ;
#2563 = DIRECTION ( 'NONE',  ( -1.383662747167360600E-017, -1.000000000000000000, 2.525907955783923100E-018 ) ) ;
#2564 = CARTESIAN_POINT ( 'NONE',  ( 15.14996544611969000, -1.606660231935459000, -3.097716832421813400 ) ) ;
#2565 = AXIS2_PLACEMENT_3D ( 'NONE', #2564, #2557, #2556 ) ;
#2566 = FILL_AREA_STYLE_COLOUR ( '', #2567 ) ;
#2567 = COLOUR_RGB ( '',0.8313725490196077800, 0.8392156862745098200, 0.8274509803921568100 ) ;
#2568 =( LENGTH_UNIT ( ) NAMED_UNIT ( * ) SI_UNIT ( .MILLI., .METRE. ) );
#2569 = CIRCLE ( 'NONE', #2575, 2.374900000000000200 ) ;
#2570 = PLANE ( 'NONE',  #2565 ) ;
#2571 =( GEOMETRIC_REPRESENTATION_CONTEXT ( 3 ) GLOBAL_UNCERTAINTY_ASSIGNED_CONTEXT ( ( #2551 ) ) GLOBAL_UNIT_ASSIGNED_CONTEXT ( ( #2568, #2576, #2550 ) ) REPRESENTATION_CONTEXT ( 'NONE', 'WORKASPACE' ) );
#2572 = CARTESIAN_POINT ( 'NONE',  ( 15.14996544611969000, -1.099234466875050000, -0.7228168324218131600 ) ) ;
#2573 = PRESENTATION_STYLE_ASSIGNMENT (( #2574 ) ) ;
#2574 = SURFACE_STYLE_USAGE ( .BOTH. , #2581 ) ;
#2575 = AXIS2_PLACEMENT_3D ( 'NONE', #2591, #2590, #2554 ) ;
#2576 =( NAMED_UNIT ( * ) PLANE_ANGLE_UNIT ( ) SI_UNIT ( $, .RADIAN. ) );
#2577 = DIRECTION ( 'NONE',  ( 0.0000000000000000000, 0.0000000000000000000, 1.000000000000000000 ) ) ;
#2578 = FILL_AREA_STYLE_COLOUR ( '', #2579 ) ;
#2579 = COLOUR_RGB ( '',0.8313725490196077800, 0.8392156862745098200, 0.8274509803921568100 ) ;
#2580 = FACE_BOUND ( 'NONE', #4558, .T. ) ;
#2581 = SURFACE_SIDE_STYLE ('',( #2582 ) ) ;
#2582 = SURFACE_STYLE_FILL_AREA ( #2583 ) ;
#2583 = FILL_AREA_STYLE ('',( #2578 ) ) ;
#2584 = AXIS2_PLACEMENT_3D ( 'NONE', #2572, #2563, #2577 ) ;
#2585 = PRESENTATION_LAYER_ASSIGNMENT (  '', '', ( #2586 ) ) ;
#2586 = STYLED_ITEM ( 'NONE', ( #2573 ), #4534 ) ;
#2587 = MECHANICAL_DESIGN_GEOMETRIC_PRESENTATION_REPRESENTATION (  '', ( #2586 ), #2571 ) ;
#2588 = CIRCLE ( 'NONE', #2584, 1.384299999999999600 ) ;
#2589 = CARTESIAN_POINT ( 'NONE',  ( 15.14996544611969000, 0.8571397680645415100, -2.522215870543663500 ) ) ;
#2590 = DIRECTION ( 'NONE',  ( -1.383662747167360600E-017, -1.000000000000000000, 2.525907955783923100E-018 ) ) ;
#2591 = CARTESIAN_POINT ( 'NONE',  ( 15.14996544611969000, -2.013060231935458700, -0.7228168324218131600 ) ) ;
#2592 = PLANE ( 'NONE',  #2595 ) ;
#2593 = PRESENTATION_LAYER_ASSIGNMENT (  '', '', ( #2594 ) ) ;
#2594 = STYLED_ITEM ( 'NONE', ( #2201 ), #3668 ) ;
#2595 = AXIS2_PLACEMENT_3D ( 'NONE', #2204, #2200, #2203 ) ;
#2596 =( GEOMETRIC_REPRESENTATION_CONTEXT ( 3 ) GLOBAL_UNCERTAINTY_ASSIGNED_CONTEXT ( ( #2452 ) ) GLOBAL_UNIT_ASSIGNED_CONTEXT ( ( #2198, #2202, #2449 ) ) REPRESENTATION_CONTEXT ( 'NONE', 'WORKASPACE' ) );
#2597 = MECHANICAL_DESIGN_GEOMETRIC_PRESENTATION_REPRESENTATION (  '', ( #2548 ), #2603 ) ;
#2598 =( LENGTH_UNIT ( ) NAMED_UNIT ( * ) SI_UNIT ( .MILLI., .METRE. ) );
#2599 =( NAMED_UNIT ( * ) PLANE_ANGLE_UNIT ( ) SI_UNIT ( $, .RADIAN. ) );
#2600 = UNCERTAINTY_MEASURE_WITH_UNIT (LENGTH_MEASURE( 1.000000000000000100E-005 ), #2604, 'distance_accuracy_value', 'NONE');
#2601 = PLANE ( 'NONE',  #2627 ) ;
#2602 =( NAMED_UNIT ( * ) PLANE_ANGLE_UNIT ( ) SI_UNIT ( $, .RADIAN. ) );
#2603 =( GEOMETRIC_REPRESENTATION_CONTEXT ( 3 ) GLOBAL_UNCERTAINTY_ASSIGNED_CONTEXT ( ( #2616 ) ) GLOBAL_UNIT_ASSIGNED_CONTEXT ( ( #2598, #2599, #2607 ) ) REPRESENTATION_CONTEXT ( 'NONE', 'WORKASPACE' ) );
#2604 =( LENGTH_UNIT ( ) NAMED_UNIT ( * ) SI_UNIT ( .MILLI., .METRE. ) );
#2605 = MECHANICAL_DESIGN_GEOMETRIC_PRESENTATION_REPRESENTATION (  '', ( #2594 ), #2745 ) ;
#2606 =( GEOMETRIC_REPRESENTATION_CONTEXT ( 3 ) GLOBAL_UNCERTAINTY_ASSIGNED_CONTEXT ( ( #2600 ) ) GLOBAL_UNIT_ASSIGNED_CONTEXT ( ( #2604, #2618, #2617 ) ) REPRESENTATION_CONTEXT ( 'NONE', 'WORKASPACE' ) );
#2607 =( NAMED_UNIT ( * ) SI_UNIT ( $, .STERADIAN. ) SOLID_ANGLE_UNIT ( ) );
#2608 = FILL_AREA_STYLE_COLOUR ( '', #2613 ) ;
#2609 = MECHANICAL_DESIGN_GEOMETRIC_PRESENTATION_REPRESENTATION (  '', ( #2611 ), #2606 ) ;
#2610 = PRESENTATION_LAYER_ASSIGNMENT (  '', '', ( #2611 ) ) ;
#2611 = STYLED_ITEM ( 'NONE', ( #2619 ), #3644 ) ;
#2612 = FACE_OUTER_BOUND ( 'NONE', #3645, .T. ) ;
#2613 = COLOUR_RGB ( '',0.8313725490196077800, 0.8392156862745098200, 0.8274509803921568100 ) ;
#2614 = SURFACE_STYLE_USAGE ( .BOTH. , #2615 ) ;
#2615 = SURFACE_SIDE_STYLE ('',( #2621 ) ) ;
#2616 = UNCERTAINTY_MEASURE_WITH_UNIT (LENGTH_MEASURE( 1.000000000000000100E-005 ), #2598, 'distance_accuracy_value', 'NONE');
#2617 =( NAMED_UNIT ( * ) SI_UNIT ( $, .STERADIAN. ) SOLID_ANGLE_UNIT ( ) );
#2618 =( NAMED_UNIT ( * ) PLANE_ANGLE_UNIT ( ) SI_UNIT ( $, .RADIAN. ) );
#2619 = PRESENTATION_STYLE_ASSIGNMENT (( #2614 ) ) ;
#2620 = FILL_AREA_STYLE ('',( #2608 ) ) ;
#2621 = SURFACE_STYLE_FILL_AREA ( #2620 ) ;
#2622 = DIRECTION ( 'NONE',  ( 0.0000000000000000000, 0.0000000000000000000, 1.000000000000000000 ) ) ;
#2623 = UNCERTAINTY_MEASURE_WITH_UNIT (LENGTH_MEASURE( 1.000000000000000100E-005 ), #2644, 'distance_accuracy_value', 'NONE');
#2624 =( NAMED_UNIT ( * ) SI_UNIT ( $, .STERADIAN. ) SOLID_ANGLE_UNIT ( ) );
#2625 = FACE_OUTER_BOUND ( 'NONE', #4546, .T. ) ;
#2626 =( GEOMETRIC_REPRESENTATION_CONTEXT ( 3 ) GLOBAL_UNCERTAINTY_ASSIGNED_CONTEXT ( ( #2623 ) ) GLOBAL_UNIT_ASSIGNED_CONTEXT ( ( #2644, #2650, #2624 ) ) REPRESENTATION_CONTEXT ( 'NONE', 'WORKASPACE' ) );
#2627 = AXIS2_PLACEMENT_3D ( 'NONE', #2651, #2631, #2648 ) ;
#2628 = FILL_AREA_STYLE_COLOUR ( '', #2629 ) ;
#2629 = COLOUR_RGB ( '',0.8313725490196077800, 0.8392156862745098200, 0.8274509803921568100 ) ;
#2630 = CIRCLE ( 'NONE', #2636, 1.961418588733892000 ) ;
#2631 = DIRECTION ( 'NONE',  ( -1.110223024625156500E-016, 2.525907955783948900E-018, 1.000000000000000000 ) ) ;
#2632 = CARTESIAN_POINT ( 'NONE',  ( -14.21243455388030900, 1.161939768064540700, -3.491416832421812900 ) ) ;
#2633 = AXIS2_PLACEMENT_3D ( 'NONE', #2632, #2647, #2646 ) ;
#2634 = CYLINDRICAL_SURFACE ( 'NONE', #2633, 1.193800000000000000 ) ;
#2635 = CARTESIAN_POINT ( 'NONE',  ( 15.14996544611969000, 0.4761397680645407800, -0.7228168324218131600 ) ) ;
#2636 = AXIS2_PLACEMENT_3D ( 'NONE', #2635, #2642, #2622 ) ;
#2637 = PLANE ( 'NONE',  #2641 ) ;
#2638 = DIRECTION ( 'NONE',  ( -1.132855719497850000E-016, 0.9056715077564336800, -0.4239800939173774000 ) ) ;
#2639 = DIRECTION ( 'NONE',  ( -1.000000000000000000, -1.025995147548117300E-016, 4.803082743475366000E-017 ) ) ;
#2640 = CARTESIAN_POINT ( 'NONE',  ( -13.45043455388031000, 9.270145734898340700, -3.259935706481545700 ) ) ;
#2641 = AXIS2_PLACEMENT_3D ( 'NONE', #2640, #2639, #2638 ) ;
#2642 = DIRECTION ( 'NONE',  ( -1.383662747167360600E-017, -1.000000000000000000, 2.525907955783923100E-018 ) ) ;
#2643 = FILL_AREA_STYLE ('',( #2628 ) ) ;
#2644 =( LENGTH_UNIT ( ) NAMED_UNIT ( * ) SI_UNIT ( .MILLI., .METRE. ) );
#2645 = MECHANICAL_DESIGN_GEOMETRIC_PRESENTATION_REPRESENTATION (  '', ( #2653 ), #2626 ) ;
#2646 = DIRECTION ( 'NONE',  ( 0.0000000000000000000, 0.0000000000000000000, -1.000000000000000000 ) ) ;
#2647 = DIRECTION ( 'NONE',  ( 1.000000000000000000, -0.0000000000000000000, 0.0000000000000000000 ) ) ;
#2648 = DIRECTION ( 'NONE',  ( 1.383662747167360600E-017, 1.000000000000000000, -2.525907955783947300E-018 ) ) ;
#2649 = SURFACE_STYLE_FILL_AREA ( #2643 ) ;
#2650 =( NAMED_UNIT ( * ) PLANE_ANGLE_UNIT ( ) SI_UNIT ( $, .RADIAN. ) );
#2651 = CARTESIAN_POINT ( 'NONE',  ( 16.12786544611969200, -0.3620602319354593300, 0.2550831675781882200 ) ) ;
#2652 = PRESENTATION_LAYER_ASSIGNMENT (  '', '', ( #2653 ) ) ;
#2653 = STYLED_ITEM ( 'NONE', ( #2654 ), #4545 ) ;
#2654 = PRESENTATION_STYLE_ASSIGNMENT (( #2655 ) ) ;
#2655 = SURFACE_STYLE_USAGE ( .BOTH. , #2656 ) ;
#2656 = SURFACE_SIDE_STYLE ('',( #2649 ) ) ;
#2657 = FACE_OUTER_BOUND ( 'NONE', #3649, .T. ) ;
#2658 = DIRECTION ( 'NONE',  ( -1.383662747167360600E-017, -1.000000000000000000, 2.525907955783923100E-018 ) ) ;
#2659 = COLOUR_RGB ( '',0.8313725490196077800, 0.8392156862745098200, 0.8274509803921568100 ) ;
#2660 = DIRECTION ( 'NONE',  ( 0.0000000000000000000, 0.0000000000000000000, 1.000000000000000000 ) ) ;
#2661 = DIRECTION ( 'NONE',  ( -1.383662747167360600E-017, -1.000000000000000000, 2.525907955783923100E-018 ) ) ;
#2662 = CARTESIAN_POINT ( 'NONE',  ( 15.14996544611969000, -1.606660231935459300, -0.7228168324218131600 ) ) ;
#2663 = AXIS2_PLACEMENT_3D ( 'NONE', #2662, #2661, #2660 ) ;
#2664 = CIRCLE ( 'NONE', #2663, 1.686491401254993600 ) ;
#2665 = LINE ( 'NONE', #2681, #2690 ) ;
#2666 = FILL_AREA_STYLE_COLOUR ( '', #2687 ) ;
#2667 = PRESENTATION_STYLE_ASSIGNMENT (( #2668 ) ) ;
#2668 = SURFACE_STYLE_USAGE ( .BOTH. , #2691 ) ;
#2669 = CARTESIAN_POINT ( 'NONE',  ( 15.14996544611969000, -2.013060231935459100, -0.7228168324218131600 ) ) ;
#2670 = MECHANICAL_DESIGN_GEOMETRIC_PRESENTATION_REPRESENTATION (  '', ( #2674 ), #2693 ) ;
#2671 = CYLINDRICAL_SURFACE ( 'NONE', #2672, 1.961418588733892000 ) ;
#2672 = AXIS2_PLACEMENT_3D ( 'NONE', #2669, #2658, #2683 ) ;
#2673 = PRESENTATION_LAYER_ASSIGNMENT (  '', '', ( #2674 ) ) ;
#2674 = STYLED_ITEM ( 'NONE', ( #2667 ), #3648 ) ;
#2675 =( LENGTH_UNIT ( ) NAMED_UNIT ( * ) SI_UNIT ( .MILLI., .METRE. ) );
#2676 = MECHANICAL_DESIGN_GEOMETRIC_PRESENTATION_REPRESENTATION (  '', ( #2678 ), #2749 ) ;
#2677 = PRESENTATION_LAYER_ASSIGNMENT (  '', '', ( #2678 ) ) ;
#2678 = STYLED_ITEM ( 'NONE', ( #2679 ), #4562 ) ;
#2679 = PRESENTATION_STYLE_ASSIGNMENT (( #2680 ) ) ;
#2680 = SURFACE_STYLE_USAGE ( .BOTH. , #2684 ) ;
#2681 = CARTESIAN_POINT ( 'NONE',  ( 18.40116544611969100, -1.606660231935459300, -2.310316832421812600 ) ) ;
#2682 = FILL_AREA_STYLE_COLOUR ( '', #2659 ) ;
#2683 = DIRECTION ( 'NONE',  ( 0.0000000000000000000, 0.0000000000000000000, 1.000000000000000000 ) ) ;
#2684 = SURFACE_SIDE_STYLE ('',( #2685 ) ) ;
#2685 = SURFACE_STYLE_FILL_AREA ( #2686 ) ;
#2686 = FILL_AREA_STYLE ('',( #2666 ) ) ;
#2687 = COLOUR_RGB ( '',0.8313725490196077800, 0.8392156862745098200, 0.8274509803921568100 ) ;
#2688 = FACE_OUTER_BOUND ( 'NONE', #4563, .T. ) ;
#2689 = DIRECTION ( 'NONE',  ( 1.000000000000000000, -1.383662747167360000E-017, 1.110223024625156500E-016 ) ) ;
#2690 = VECTOR ( 'NONE', #2689, 1000.000000000000000 ) ;
#2691 = SURFACE_SIDE_STYLE ('',( #2692 ) ) ;
#2692 = SURFACE_STYLE_FILL_AREA ( #2698 ) ;
#2693 =( GEOMETRIC_REPRESENTATION_CONTEXT ( 3 ) GLOBAL_UNCERTAINTY_ASSIGNED_CONTEXT ( ( #2694 ) ) GLOBAL_UNIT_ASSIGNED_CONTEXT ( ( #2697, #2696, #2695 ) ) REPRESENTATION_CONTEXT ( 'NONE', 'WORKASPACE' ) );
#2694 = UNCERTAINTY_MEASURE_WITH_UNIT (LENGTH_MEASURE( 1.000000000000000100E-005 ), #2697, 'distance_accuracy_value', 'NONE');
#2695 =( NAMED_UNIT ( * ) SI_UNIT ( $, .STERADIAN. ) SOLID_ANGLE_UNIT ( ) );
#2696 =( NAMED_UNIT ( * ) PLANE_ANGLE_UNIT ( ) SI_UNIT ( $, .RADIAN. ) );
#2697 =( LENGTH_UNIT ( ) NAMED_UNIT ( * ) SI_UNIT ( .MILLI., .METRE. ) );
#2698 = FILL_AREA_STYLE ('',( #2682 ) ) ;
#2699 = VECTOR ( 'NONE', #2734, 999.9999999999998900 ) ;
#2700 = SURFACE_STYLE_USAGE ( .BOTH. , #2701 ) ;
#2701 = SURFACE_SIDE_STYLE ('',( #2727 ) ) ;
#2702 = CARTESIAN_POINT ( 'NONE',  ( -13.45043455388031000, 1.708356347983652500, -4.552825029671815600 ) ) ;
#2703 = AXIS2_PLACEMENT_3D ( 'NONE', #2702, #2708, #2707 ) ;
#2704 = CARTESIAN_POINT ( 'NONE',  ( -13.45043455388031000, 10.18994912210491300, -3.690531483375791000 ) ) ;
#2705 = CARTESIAN_POINT ( 'NONE',  ( -13.45043455388031000, 4.587022074481939000, -3.070878041624323500 ) ) ;
#2706 = LINE ( 'NONE', #2705, #2738 ) ;
#2707 = DIRECTION ( 'NONE',  ( -1.112127959550866900E-016, 0.8891005170464086900, 0.4577119952413403700 ) ) ;
#2708 = DIRECTION ( 'NONE',  ( -1.000000000000000000, -9.887935438584433200E-017, -5.090343073297079800E-017 ) ) ;
#2709 =( NAMED_UNIT ( * ) PLANE_ANGLE_UNIT ( ) SI_UNIT ( $, .RADIAN. ) );
#2710 = UNCERTAINTY_MEASURE_WITH_UNIT (LENGTH_MEASURE( 1.000000000000000100E-005 ), #2741, 'distance_accuracy_value', 'NONE');
#2711 = FACE_OUTER_BOUND ( 'NONE', #3661, .T. ) ;
#2712 = PRESENTATION_LAYER_ASSIGNMENT (  '', '', ( #2742 ) ) ;
#2713 = PRESENTATION_STYLE_ASSIGNMENT (( #2700 ) ) ;
#2714 = SURFACE_STYLE_USAGE ( .BOTH. , #2715 ) ;
#2715 = SURFACE_SIDE_STYLE ('',( #2716 ) ) ;
#2716 = SURFACE_STYLE_FILL_AREA ( #2717 ) ;
#2717 = FILL_AREA_STYLE ('',( #2736 ) ) ;
#2718 = COLOUR_RGB ( '',0.8313725490196077800, 0.8392156862745098200, 0.8274509803921568100 ) ;
#2719 = FACE_OUTER_BOUND ( 'NONE', #3669, .T. ) ;
#2720 = DIRECTION ( 'NONE',  ( -0.0000000000000000000, -0.4577119952413403700, 0.8891005170464086900 ) ) ;
#2721 = VECTOR ( 'NONE', #2720, 1000.000000000000000 ) ;
#2722 = CARTESIAN_POINT ( 'NONE',  ( -13.45043455388031000, 4.552321655774579600, -3.088741936175883200 ) ) ;
#2723 =( GEOMETRIC_REPRESENTATION_CONTEXT ( 3 ) GLOBAL_UNCERTAINTY_ASSIGNED_CONTEXT ( ( #2710 ) ) GLOBAL_UNIT_ASSIGNED_CONTEXT ( ( #2741, #2709, #2740 ) ) REPRESENTATION_CONTEXT ( 'NONE', 'WORKASPACE' ) );
#2724 = COLOUR_RGB ( '',0.8313725490196077800, 0.8392156862745098200, 0.8274509803921568100 ) ;
#2725 = MECHANICAL_DESIGN_GEOMETRIC_PRESENTATION_REPRESENTATION (  '', ( #2742 ), #2723 ) ;
#2726 = PLANE ( 'NONE',  #2703 ) ;
#2727 = SURFACE_STYLE_FILL_AREA ( #2728 ) ;
#2728 = FILL_AREA_STYLE ('',( #2733 ) ) ;
#2729 = DIRECTION ( 'NONE',  ( -4.930380657631323200E-032, -0.4239800939173769500, -0.9056715077564337900 ) ) ;
#2730 = VECTOR ( 'NONE', #2729, 1000.000000000000100 ) ;
#2731 = CARTESIAN_POINT ( 'NONE',  ( -13.45043455388031000, 9.270145734898340700, -3.259935706481545700 ) ) ;
#2732 = LINE ( 'NONE', #2731, #2699 ) ;
#2733 = FILL_AREA_STYLE_COLOUR ( '', #2724 ) ;
#2734 = DIRECTION ( 'NONE',  ( 0.0000000000000000000, 0.4239800939173774000, 0.9056715077564336800 ) ) ;
#2735 = LINE ( 'NONE', #2722, #2721 ) ;
#2736 = FILL_AREA_STYLE_COLOUR ( '', #2718 ) ;
#2737 = DIRECTION ( 'NONE',  ( -0.0000000000000000000, -0.4577119952413403700, 0.8891005170464086900 ) ) ;
#2738 = VECTOR ( 'NONE', #2737, 1000.000000000000000 ) ;
#2739 = LINE ( 'NONE', #2704, #2730 ) ;
#2740 =( NAMED_UNIT ( * ) SI_UNIT ( $, .STERADIAN. ) SOLID_ANGLE_UNIT ( ) );
#2741 =( LENGTH_UNIT ( ) NAMED_UNIT ( * ) SI_UNIT ( .MILLI., .METRE. ) );
#2742 = STYLED_ITEM ( 'NONE', ( #2713 ), #3660 ) ;
#2743 = UNCERTAINTY_MEASURE_WITH_UNIT (LENGTH_MEASURE( 1.000000000000000100E-005 ), #2802, 'distance_accuracy_value', 'NONE');
#2744 = UNCERTAINTY_MEASURE_WITH_UNIT (LENGTH_MEASURE( 1.000000000000000100E-005 ), #2199, 'distance_accuracy_value', 'NONE');
#2745 =( GEOMETRIC_REPRESENTATION_CONTEXT ( 3 ) GLOBAL_UNCERTAINTY_ASSIGNED_CONTEXT ( ( #2744 ) ) GLOBAL_UNIT_ASSIGNED_CONTEXT ( ( #2199, #2205, #2748 ) ) REPRESENTATION_CONTEXT ( 'NONE', 'WORKASPACE' ) );
#2746 =( NAMED_UNIT ( * ) SI_UNIT ( $, .STERADIAN. ) SOLID_ANGLE_UNIT ( ) );
#2747 = UNCERTAINTY_MEASURE_WITH_UNIT (LENGTH_MEASURE( 1.000000000000000100E-005 ), #2675, 'distance_accuracy_value', 'NONE');
#2748 =( NAMED_UNIT ( * ) SI_UNIT ( $, .STERADIAN. ) SOLID_ANGLE_UNIT ( ) );
#2749 =( GEOMETRIC_REPRESENTATION_CONTEXT ( 3 ) GLOBAL_UNCERTAINTY_ASSIGNED_CONTEXT ( ( #2747 ) ) GLOBAL_UNIT_ASSIGNED_CONTEXT ( ( #2675, #2602, #2746 ) ) REPRESENTATION_CONTEXT ( 'NONE', 'WORKASPACE' ) );
#2750 = DIRECTION ( 'NONE',  ( 0.0000000000000000000, 0.0000000000000000000, 1.000000000000000000 ) ) ;
#2751 = DIRECTION ( 'NONE',  ( -1.383662747167360600E-017, -1.000000000000000000, 2.525907955783923100E-018 ) ) ;
#2752 = CARTESIAN_POINT ( 'NONE',  ( 15.14996544611969000, -1.606660231935458800, -0.7228168324218131600 ) ) ;
#2753 = LINE ( 'NONE', #2783, #2798 ) ;
#2754 =( NAMED_UNIT ( * ) SI_UNIT ( $, .STERADIAN. ) SOLID_ANGLE_UNIT ( ) );
#2755 =( NAMED_UNIT ( * ) PLANE_ANGLE_UNIT ( ) SI_UNIT ( $, .RADIAN. ) );
#2756 = AXIS2_PLACEMENT_3D ( 'NONE', #2752, #2751, #2750 ) ;
#2757 = CIRCLE ( 'NONE', #2756, 2.374900000000000200 ) ;
#2758 = LINE ( 'NONE', #2763, #2762 ) ;
#2759 = TOROIDAL_SURFACE ( 'NONE', #2788, 1.961418588733892000, 0.5771185887338917700 ) ;
#2760 = FACE_OUTER_BOUND ( 'NONE', #4267, .T. ) ;
#2761 = DIRECTION ( 'NONE',  ( -1.383662747167360600E-017, -1.000000000000000000, 2.525907955783947300E-018 ) ) ;
#2762 = VECTOR ( 'NONE', #2761, 1000.000000000000000 ) ;
#2763 = CARTESIAN_POINT ( 'NONE',  ( 16.91631585303220200, -1.606660231935459300, 0.8646831675781874200 ) ) ;
#2764 = FILL_AREA_STYLE_COLOUR ( '', #2782 ) ;
#2765 = PLANE ( 'NONE',  #2766 ) ;
#2766 = AXIS2_PLACEMENT_3D ( 'NONE', #2767, #2786, #2789 ) ;
#2767 = CARTESIAN_POINT ( 'NONE',  ( -15.37521904001615000, 2.627537169638718000, -4.079627590461065300 ) ) ;
#2768 = MECHANICAL_DESIGN_GEOMETRIC_PRESENTATION_REPRESENTATION (  '', ( #2770 ), #2826 ) ;
#2769 = PRESENTATION_LAYER_ASSIGNMENT (  '', '', ( #2770 ) ) ;
#2770 = STYLED_ITEM ( 'NONE', ( #2799 ), #3671 ) ;
#2771 = CARTESIAN_POINT ( 'NONE',  ( 15.14996544611969000, -1.099234466875050000, -0.7228168324218130500 ) ) ;
#2772 = SURFACE_STYLE_FILL_AREA ( #2773 ) ;
#2773 = FILL_AREA_STYLE ('',( #2774 ) ) ;
#2774 = FILL_AREA_STYLE_COLOUR ( '', #2793 ) ;
#2775 = DIRECTION ( 'NONE',  ( -1.000000000000000000, 1.383662747167359800E-017, -1.110223024625156500E-016 ) ) ;
#2776 = STYLED_ITEM ( 'NONE', ( #2777 ), #4583 ) ;
#2777 = PRESENTATION_STYLE_ASSIGNMENT (( #2778 ) ) ;
#2778 = SURFACE_STYLE_USAGE ( .BOTH. , #2779 ) ;
#2779 = SURFACE_SIDE_STYLE ('',( #2780 ) ) ;
#2780 = SURFACE_STYLE_FILL_AREA ( #2781 ) ;
#2781 = FILL_AREA_STYLE ('',( #2764 ) ) ;
#2782 = COLOUR_RGB ( '',0.8313725490196077800, 0.8392156862745098200, 0.8274509803921568100 ) ;
#2783 = CARTESIAN_POINT ( 'NONE',  ( 17.89316544611969200, -1.606660231935459000, -2.310316832421812600 ) ) ;
#2784 = CARTESIAN_POINT ( 'NONE',  ( 17.89316544611969200, -1.606660231935459300, -2.310316832421812600 ) ) ;
#2785 =( LENGTH_UNIT ( ) NAMED_UNIT ( * ) SI_UNIT ( .MILLI., .METRE. ) );
#2786 = DIRECTION ( 'NONE',  ( -0.7473307807101301500, 0.5907647799327527800, 0.3041277346678424300 ) ) ;
#2787 = CARTESIAN_POINT ( 'NONE',  ( 17.89316544611969200, -1.606660231935459300, 0.8646831675781872000 ) ) ;
#2788 = AXIS2_PLACEMENT_3D ( 'NONE', #2771, #2790, #2791 ) ;
#2789 = DIRECTION ( 'NONE',  ( 0.6644521835340654300, 0.6644521835340729800, 0.3420622627441022300 ) ) ;
#2790 = DIRECTION ( 'NONE',  ( -1.383662747167360600E-017, -1.000000000000000000, 2.525907955783923100E-018 ) ) ;
#2791 = DIRECTION ( 'NONE',  ( 3.495004741191875400E-035, 2.525907955783923100E-018, 1.000000000000000000 ) ) ;
#2792 = LINE ( 'NONE', #2805, #2794 ) ;
#2793 = COLOUR_RGB ( '',0.8313725490196077800, 0.8392156862745098200, 0.8274509803921568100 ) ;
#2795 = FACE_OUTER_BOUND ( 'NONE', #3557, .T. ) ;
#2794 = VECTOR ( 'NONE', #2775, 1000.000000000000000 ) ;
#2796 = CARTESIAN_POINT ( 'NONE',  ( 16.91631585303220600, -2.013060231935459100, -2.310316832421812600 ) ) ;
#2797 = DIRECTION ( 'NONE',  ( 1.110223024625156500E-016, -2.525907955783923100E-018, -1.000000000000000000 ) ) ;
#2798 = VECTOR ( 'NONE', #2797, 1000.000000000000000 ) ;
#2799 = PRESENTATION_STYLE_ASSIGNMENT (( #2800 ) ) ;
#2800 = SURFACE_STYLE_USAGE ( .BOTH. , #2801 ) ;
#2801 = SURFACE_SIDE_STYLE ('',( #2772 ) ) ;
#2802 =( LENGTH_UNIT ( ) NAMED_UNIT ( * ) SI_UNIT ( .MILLI., .METRE. ) );
#2803 = MECHANICAL_DESIGN_GEOMETRIC_PRESENTATION_REPRESENTATION (  '', ( #2776 ), #2862 ) ;
#2804 = PRESENTATION_LAYER_ASSIGNMENT (  '', '', ( #2776 ) ) ;
#2805 = CARTESIAN_POINT ( 'NONE',  ( 18.40116544611969100, -1.606660231935459300, 0.8646831675781872000 ) ) ;
#2806 = MECHANICAL_DESIGN_GEOMETRIC_PRESENTATION_REPRESENTATION (  '', ( #2851 ), #2927 ) ;
#2807 = PRESENTATION_LAYER_ASSIGNMENT (  '', '', ( #2851 ) ) ;
#2808 = SURFACE_SIDE_STYLE ('',( #2809 ) ) ;
#2809 = SURFACE_STYLE_FILL_AREA ( #2810 ) ;
#2810 = FILL_AREA_STYLE ('',( #2857 ) ) ;
#2811 = UNCERTAINTY_MEASURE_WITH_UNIT (LENGTH_MEASURE( 1.000000000000000100E-005 ), #2863, 'distance_accuracy_value', 'NONE');
#2812 =( NAMED_UNIT ( * ) SI_UNIT ( $, .STERADIAN. ) SOLID_ANGLE_UNIT ( ) );
#2813 = DIRECTION ( 'NONE',  ( 1.383662747167360600E-017, 1.000000000000000000, -2.525907955783921500E-018 ) ) ;
#2814 = CARTESIAN_POINT ( 'NONE',  ( 15.14996544611969000, 0.4761397680645407800, -2.684235421155705100 ) ) ;
#2815 = AXIS2_PLACEMENT_3D ( 'NONE', #2814, #2813, #2854 ) ;
#2816 = CARTESIAN_POINT ( 'NONE',  ( 14.17206544611968900, -0.3620602319354593300, 0.2550831675781880000 ) ) ;
#2817 = PLANE ( 'NONE',  #2815 ) ;
#2818 =( GEOMETRIC_REPRESENTATION_CONTEXT ( 3 ) GLOBAL_UNCERTAINTY_ASSIGNED_CONTEXT ( ( #2811 ) ) GLOBAL_UNIT_ASSIGNED_CONTEXT ( ( #2863, #2855, #2812 ) ) REPRESENTATION_CONTEXT ( 'NONE', 'WORKASPACE' ) );
#2819 = AXIS2_PLACEMENT_3D ( 'NONE', #2841, #2840, #2839 ) ;
#2820 = DIRECTION ( 'NONE',  ( -1.000000000000000000, 0.0000000000000000000, 0.0000000000000000000 ) ) ;
#2821 = PRESENTATION_LAYER_ASSIGNMENT (  '', '', ( #2822 ) ) ;
#2822 = STYLED_ITEM ( 'NONE', ( #2829 ), #4584 ) ;
#2823 = CARTESIAN_POINT ( 'NONE',  ( -6.338434553880310000, 9.054763847188317200, -3.720016832421813900 ) ) ;
#2824 = FACE_BOUND ( 'NONE', #4579, .T. ) ;
#2825 =( NAMED_UNIT ( * ) PLANE_ANGLE_UNIT ( ) SI_UNIT ( $, .RADIAN. ) );
#2826 =( GEOMETRIC_REPRESENTATION_CONTEXT ( 3 ) GLOBAL_UNCERTAINTY_ASSIGNED_CONTEXT ( ( #2832 ) ) GLOBAL_UNIT_ASSIGNED_CONTEXT ( ( #2785, #2825, #2834 ) ) REPRESENTATION_CONTEXT ( 'NONE', 'WORKASPACE' ) );
#2827 = AXIS2_PLACEMENT_3D ( 'NONE', #2838, #2869, #2868 ) ;
#2828 = CIRCLE ( 'NONE', #2827, 0.4104704525612467600 ) ;
#2829 = PRESENTATION_STYLE_ASSIGNMENT (( #2830 ) ) ;
#2830 = SURFACE_STYLE_USAGE ( .BOTH. , #2808 ) ;
#2831 = FACE_OUTER_BOUND ( 'NONE', #4539, .T. ) ;
#2832 = UNCERTAINTY_MEASURE_WITH_UNIT (LENGTH_MEASURE( 1.000000000000000100E-005 ), #2785, 'distance_accuracy_value', 'NONE');
#2833 = FACE_OUTER_BOUND ( 'NONE', #3678, .T. ) ;
#2834 =( NAMED_UNIT ( * ) SI_UNIT ( $, .STERADIAN. ) SOLID_ANGLE_UNIT ( ) );
#2835 = FILL_AREA_STYLE_COLOUR ( '', #2836 ) ;
#2836 = COLOUR_RGB ( '',0.8313725490196077800, 0.8392156862745098200, 0.8274509803921568100 ) ;
#2837 = AXIS2_PLACEMENT_3D ( 'NONE', #2823, #2820, #2865 ) ;
#2838 = CARTESIAN_POINT ( 'NONE',  ( -13.34883455388031100, 0.4761397680645407800, -0.7228168324218122700 ) ) ;
#2839 = DIRECTION ( 'NONE',  ( 0.0000000000000000000, 0.0000000000000000000, 1.000000000000000000 ) ) ;
#2840 = DIRECTION ( 'NONE',  ( -1.383662747167360600E-017, -1.000000000000000000, 2.525907955783923100E-018 ) ) ;
#2841 = CARTESIAN_POINT ( 'NONE',  ( 15.14996544611969000, -2.013060231935459100, -0.7228168324218131600 ) ) ;
#2842 = SURFACE_STYLE_FILL_AREA ( #2843 ) ;
#2843 = FILL_AREA_STYLE ('',( #2850 ) ) ;
#2844 = COLOUR_RGB ( '',0.8313725490196077800, 0.8392156862745098200, 0.8274509803921568100 ) ;
#2845 = FACE_OUTER_BOUND ( 'NONE', #4589, .T. ) ;
#2846 = DIRECTION ( 'NONE',  ( 1.110223024625156500E-016, -2.525907955783923100E-018, -1.000000000000000000 ) ) ;
#2847 = VECTOR ( 'NONE', #2846, 1000.000000000000000 ) ;
#2848 = CARTESIAN_POINT ( 'NONE',  ( 14.17206544611968900, -0.3620602319354593300, 0.2550831675781880000 ) ) ;
#2849 = LINE ( 'NONE', #2848, #2847 ) ;
#2850 = FILL_AREA_STYLE_COLOUR ( '', #2844 ) ;
#2851 = STYLED_ITEM ( 'NONE', ( #2852 ), #3677 ) ;
#2852 = PRESENTATION_STYLE_ASSIGNMENT (( #2853 ) ) ;
#2853 = SURFACE_STYLE_USAGE ( .BOTH. , #2859 ) ;
#2854 = DIRECTION ( 'NONE',  ( 1.110223024625156500E-016, -2.525907955783923100E-018, -1.000000000000000000 ) ) ;
#2855 =( NAMED_UNIT ( * ) PLANE_ANGLE_UNIT ( ) SI_UNIT ( $, .RADIAN. ) );
#2856 = CYLINDRICAL_SURFACE ( 'NONE', #2819, 2.374900000000000200 ) ;
#2857 = FILL_AREA_STYLE_COLOUR ( '', #2858 ) ;
#2858 = COLOUR_RGB ( '',0.8313725490196077800, 0.8392156862745098200, 0.8274509803921568100 ) ;
#2859 = SURFACE_SIDE_STYLE ('',( #2860 ) ) ;
#2860 = SURFACE_STYLE_FILL_AREA ( #2861 ) ;
#2861 = FILL_AREA_STYLE ('',( #2835 ) ) ;
#2862 =( GEOMETRIC_REPRESENTATION_CONTEXT ( 3 ) GLOBAL_UNCERTAINTY_ASSIGNED_CONTEXT ( ( #2743 ) ) GLOBAL_UNIT_ASSIGNED_CONTEXT ( ( #2802, #2755, #2754 ) ) REPRESENTATION_CONTEXT ( 'NONE', 'WORKASPACE' ) );
#2863 =( LENGTH_UNIT ( ) NAMED_UNIT ( * ) SI_UNIT ( .MILLI., .METRE. ) );
#2864 = PLANE ( 'NONE',  #2837 ) ;
#2865 = DIRECTION ( 'NONE',  ( 0.0000000000000000000, 3.916066504679277800E-017, 1.000000000000000000 ) ) ;
#2866 = UNCERTAINTY_MEASURE_WITH_UNIT (LENGTH_MEASURE( 1.000000000000000100E-005 ), #2872, 'distance_accuracy_value', 'NONE');
#2867 =( NAMED_UNIT ( * ) SI_UNIT ( $, .STERADIAN. ) SOLID_ANGLE_UNIT ( ) );
#2868 = DIRECTION ( 'NONE',  ( 1.000000000000000000, 0.0000000000000000000, 0.0000000000000000000 ) ) ;
#2869 = DIRECTION ( 'NONE',  ( 0.0000000000000000000, -1.000000000000000000, 3.916066504679277800E-017 ) ) ;
#2870 =( NAMED_UNIT ( * ) PLANE_ANGLE_UNIT ( ) SI_UNIT ( $, .RADIAN. ) );
#2871 = MECHANICAL_DESIGN_GEOMETRIC_PRESENTATION_REPRESENTATION (  '', ( #2822 ), #2818 ) ;
#2872 =( LENGTH_UNIT ( ) NAMED_UNIT ( * ) SI_UNIT ( .MILLI., .METRE. ) );
#2873 = CARTESIAN_POINT ( 'NONE',  ( -6.338434553880310000, 9.054763847188317200, -3.720016832421813900 ) ) ;
#2874 = CIRCLE ( 'NONE', #2912, 1.015999999999999100 ) ;
#2875 = FACE_BOUND ( 'NONE', #3689, .T. ) ;
#2877 = DIRECTION ( 'NONE',  ( 0.0000000000000000000, -1.707404996040165900E-015, -1.000000000000000000 ) ) ;
#2876 = DIRECTION ( 'NONE',  ( 0.0000000000000000000, 0.0000000000000000000, -1.000000000000000000 ) ) ;
#2878 = DIRECTION ( 'NONE',  ( -1.000000000000000000, 0.0000000000000000000, -0.0000000000000000000 ) ) ;
#2879 = AXIS2_PLACEMENT_3D ( 'NONE', #2942, #2925, #2882 ) ;
#2880 = DIRECTION ( 'NONE',  ( 1.000000000000000000, -0.0000000000000000000, 0.0000000000000000000 ) ) ;
#2881 = AXIS2_PLACEMENT_3D ( 'NONE', #2935, #2880, #2876 ) ;
#2882 = DIRECTION ( 'NONE',  ( 0.0000000000000000000, 0.0000000000000000000, -1.000000000000000000 ) ) ;
#2883 = SURFACE_STYLE_USAGE ( .BOTH. , #2889 ) ;
#2884 = DIRECTION ( 'NONE',  ( 0.0000000000000000000, -1.000000000000000000, 0.0000000000000000000 ) ) ;
#2885 = DIRECTION ( 'NONE',  ( -1.000000000000000000, 1.383662747167360600E-017, 1.143833291972207200E-017 ) ) ;
#2886 = CARTESIAN_POINT ( 'NONE',  ( 15.14996544611969000, -1.099234466875050000, -2.684235421155705100 ) ) ;
#2887 = AXIS2_PLACEMENT_3D ( 'NONE', #2886, #2885, #2884 ) ;
#2888 = CIRCLE ( 'NONE', #2887, 0.5771185887338916600 ) ;
#2889 = SURFACE_SIDE_STYLE ('',( #2842 ) ) ;
#2890 = PRESENTATION_STYLE_ASSIGNMENT (( #2891 ) ) ;
#2891 = SURFACE_STYLE_USAGE ( .BOTH. , #2892 ) ;
#2892 = SURFACE_SIDE_STYLE ('',( #2894 ) ) ;
#2893 =( NAMED_UNIT ( * ) SI_UNIT ( $, .STERADIAN. ) SOLID_ANGLE_UNIT ( ) );
#2894 = SURFACE_STYLE_FILL_AREA ( #2895 ) ;
#2895 = FILL_AREA_STYLE ('',( #2928 ) ) ;
#2896 =( NAMED_UNIT ( * ) PLANE_ANGLE_UNIT ( ) SI_UNIT ( $, .RADIAN. ) );
#2897 =( LENGTH_UNIT ( ) NAMED_UNIT ( * ) SI_UNIT ( .MILLI., .METRE. ) );
#2898 =( LENGTH_UNIT ( ) NAMED_UNIT ( * ) SI_UNIT ( .MILLI., .METRE. ) );
#2899 = MECHANICAL_DESIGN_GEOMETRIC_PRESENTATION_REPRESENTATION (  '', ( #2901 ), #2981 ) ;
#2900 = PRESENTATION_LAYER_ASSIGNMENT (  '', '', ( #2901 ) ) ;
#2901 = STYLED_ITEM ( 'NONE', ( #2902 ), #3688 ) ;
#2902 = PRESENTATION_STYLE_ASSIGNMENT (( #2903 ) ) ;
#2903 = SURFACE_STYLE_USAGE ( .BOTH. , #2904 ) ;
#2904 = SURFACE_SIDE_STYLE ('',( #2905 ) ) ;
#2905 = SURFACE_STYLE_FILL_AREA ( #2906 ) ;
#2906 = FILL_AREA_STYLE ('',( #2907 ) ) ;
#2907 = FILL_AREA_STYLE_COLOUR ( '', #2908 ) ;
#2908 = COLOUR_RGB ( '',0.8313725490196077800, 0.8392156862745098200, 0.8274509803921568100 ) ;
#2909 = FACE_BOUND ( 'NONE', #3747, .T. ) ;
#2910 = FACE_OUTER_BOUND ( 'NONE', #3711, .T. ) ;
#2911 = DIRECTION ( 'NONE',  ( 0.0000000000000000000, 0.0000000000000000000, 1.000000000000000000 ) ) ;
#2912 = AXIS2_PLACEMENT_3D ( 'NONE', #2873, #2921, #2911 ) ;
#2913 = DIRECTION ( 'NONE',  ( 1.000000000000000000, -0.0000000000000000000, 0.0000000000000000000 ) ) ;
#2914 = MECHANICAL_DESIGN_GEOMETRIC_PRESENTATION_REPRESENTATION (  '', ( #2916 ), #2922 ) ;
#2915 = PRESENTATION_LAYER_ASSIGNMENT (  '', '', ( #2916 ) ) ;
#2916 = STYLED_ITEM ( 'NONE', ( #2890 ), #4436 ) ;
#2917 = PLANE ( 'NONE',  #2881 ) ;
#2918 = CARTESIAN_POINT ( 'NONE',  ( -13.45043455388031000, 9.054763847188317200, -3.720016832421813900 ) ) ;
#2919 = AXIS2_PLACEMENT_3D ( 'NONE', #2918, #2878, #2877 ) ;
#2920 = CIRCLE ( 'NONE', #2919, 1.015999999999999100 ) ;
#2921 = DIRECTION ( 'NONE',  ( -1.000000000000000000, 0.0000000000000000000, 0.0000000000000000000 ) ) ;
#2922 =( GEOMETRIC_REPRESENTATION_CONTEXT ( 3 ) GLOBAL_UNCERTAINTY_ASSIGNED_CONTEXT ( ( #2923 ) ) GLOBAL_UNIT_ASSIGNED_CONTEXT ( ( #2897, #2931, #2930 ) ) REPRESENTATION_CONTEXT ( 'NONE', 'WORKASPACE' ) );
#2923 = UNCERTAINTY_MEASURE_WITH_UNIT (LENGTH_MEASURE( 1.000000000000000100E-005 ), #2897, 'distance_accuracy_value', 'NONE');
#2924 = VECTOR ( 'NONE', #2913, 1000.000000000000000 ) ;
#2925 = DIRECTION ( 'NONE',  ( 1.000000000000000000, -0.0000000000000000000, 0.0000000000000000000 ) ) ;
#2926 = CYLINDRICAL_SURFACE ( 'NONE', #2879, 3.174999999999999800 ) ;
#2927 =( GEOMETRIC_REPRESENTATION_CONTEXT ( 3 ) GLOBAL_UNCERTAINTY_ASSIGNED_CONTEXT ( ( #2866 ) ) GLOBAL_UNIT_ASSIGNED_CONTEXT ( ( #2872, #2870, #2867 ) ) REPRESENTATION_CONTEXT ( 'NONE', 'WORKASPACE' ) );
#2928 = FILL_AREA_STYLE_COLOUR ( '', #2929 ) ;
#2929 = COLOUR_RGB ( '',0.8745098039215686300, 0.0000000000000000000, 0.3568627450980392200 ) ;
#2930 =( NAMED_UNIT ( * ) SI_UNIT ( $, .STERADIAN. ) SOLID_ANGLE_UNIT ( ) );
#2931 =( NAMED_UNIT ( * ) PLANE_ANGLE_UNIT ( ) SI_UNIT ( $, .RADIAN. ) );
#2932 = FACE_OUTER_BOUND ( 'NONE', #4437, .T. ) ;
#2933 = CARTESIAN_POINT ( 'NONE',  ( -14.21243455388030900, 1.708356347983652500, -4.552825029671815600 ) ) ;
#2934 = LINE ( 'NONE', #2933, #2924 ) ;
#2935 = CARTESIAN_POINT ( 'NONE',  ( -11.73593455388031300, -0.03186023193545921300, 0.7376831675781868600 ) ) ;
#2936 = DIRECTION ( 'NONE',  ( 0.0000000000000000000, 0.0000000000000000000, 1.000000000000000000 ) ) ;
#2938 = CARTESIAN_POINT ( 'NONE',  ( -13.57743455388030900, 5.911739768064540700, -2.951912096323187300 ) ) ;
#2937 = DIRECTION ( 'NONE',  ( -1.000000000000000000, 0.0000000000000000000, 0.0000000000000000000 ) ) ;
#2939 = CARTESIAN_POINT ( 'NONE',  ( 16.58506544611968900, -0.03186023193545921300, 0.7376831675781868600 ) ) ;
#2940 = AXIS2_PLACEMENT_3D ( 'NONE', #2939, #2937, #2936 ) ;
#2941 = PLANE ( 'NONE',  #2940 ) ;
#2942 = CARTESIAN_POINT ( 'NONE',  ( -14.21243455388030900, 7.105539768064542000, -0.009894666055310932800 ) ) ;
#2943 = DIRECTION ( 'NONE',  ( 1.000000000000000000, -0.0000000000000000000, 0.0000000000000000000 ) ) ;
#2944 = DIRECTION ( 'NONE',  ( 0.0000000000000000000, 0.0000000000000000000, -1.000000000000000000 ) ) ;
#2945 = MECHANICAL_DESIGN_GEOMETRIC_PRESENTATION_REPRESENTATION (  '', ( #2947 ), #2596 ) ;
#2946 = PRESENTATION_LAYER_ASSIGNMENT (  '', '', ( #2947 ) ) ;
#2947 = STYLED_ITEM ( 'NONE', ( #2948 ), #3640 ) ;
#2948 = PRESENTATION_STYLE_ASSIGNMENT (( #2949 ) ) ;
#2949 = SURFACE_STYLE_USAGE ( .BOTH. , #2950 ) ;
#2950 = SURFACE_SIDE_STYLE ('',( #2951 ) ) ;
#2951 = SURFACE_STYLE_FILL_AREA ( #2952 ) ;
#2952 = FILL_AREA_STYLE ('',( #2962 ) ) ;
#2953 = PRESENTATION_STYLE_ASSIGNMENT (( #2883 ) ) ;
#2954 = STYLED_ITEM ( 'NONE', ( #2953 ), #4588 ) ;
#2955 = AXIS2_PLACEMENT_3D ( 'NONE', #2967, #2943, #2944 ) ;
#2956 = COLOUR_RGB ( '',0.8313725490196077800, 0.8392156862745098200, 0.8274509803921568100 ) ;
#2957 = FACE_OUTER_BOUND ( 'NONE', #3641, .T. ) ;
#2958 = DIRECTION ( 'NONE',  ( 0.0000000000000000000, -0.4650976089534154000, 0.8852594050027460200 ) ) ;
#2959 = VECTOR ( 'NONE', #2958, 1000.000000000000000 ) ;
#2960 = CARTESIAN_POINT ( 'NONE',  ( -6.338434553880310000, 8.818494261839982000, -3.270305054680419300 ) ) ;
#2961 = LINE ( 'NONE', #2960, #2959 ) ;
#2962 = FILL_AREA_STYLE_COLOUR ( '', #2956 ) ;
#2963 = MECHANICAL_DESIGN_GEOMETRIC_PRESENTATION_REPRESENTATION (  '', ( #2954 ), #2988 ) ;
#2964 = PRESENTATION_LAYER_ASSIGNMENT (  '', '', ( #2954 ) ) ;
#2965 =( NAMED_UNIT ( * ) PLANE_ANGLE_UNIT ( ) SI_UNIT ( $, .RADIAN. ) );
#2966 =( LENGTH_UNIT ( ) NAMED_UNIT ( * ) SI_UNIT ( .MILLI., .METRE. ) );
#2967 = CARTESIAN_POINT ( 'NONE',  ( -14.21243455388030900, 1.161939768064540700, -3.491416832421812900 ) ) ;
#2968 = CIRCLE ( 'NONE', #2955, 1.193800000000000000 ) ;
#2969 = DIRECTION ( 'NONE',  ( 1.000000000000000000, 0.0000000000000000000, 0.0000000000000000000 ) ) ;
#2970 = DIRECTION ( 'NONE',  ( 0.0000000000000000000, -1.000000000000000000, 3.916066504679277800E-017 ) ) ;
#2971 = CARTESIAN_POINT ( 'NONE',  ( -13.34883455388031100, -0.03186023193545921300, -0.7228168324218122700 ) ) ;
#2972 = AXIS2_PLACEMENT_3D ( 'NONE', #2971, #2970, #2969 ) ;
#2973 = CIRCLE ( 'NONE', #2972, 0.2540000000000007800 ) ;
#2974 = UNCERTAINTY_MEASURE_WITH_UNIT (LENGTH_MEASURE( 1.000000000000000100E-005 ), #2898, 'distance_accuracy_value', 'NONE');
#2975 = PLANE ( 'NONE',  #2980 ) ;
#2976 =( NAMED_UNIT ( * ) SI_UNIT ( $, .STERADIAN. ) SOLID_ANGLE_UNIT ( ) );
#2977 = DIRECTION ( 'NONE',  ( 1.000000000000000000, 0.0000000000000000000, 0.0000000000000000000 ) ) ;
#2978 = DIRECTION ( 'NONE',  ( 0.0000000000000000000, -1.000000000000000000, 3.916066504679277800E-017 ) ) ;
#2979 = CARTESIAN_POINT ( 'NONE',  ( -14.21243455388030900, -0.03186023193545931700, -3.491416832421813300 ) ) ;
#2980 = AXIS2_PLACEMENT_3D ( 'NONE', #2979, #2978, #2977 ) ;
#2981 =( GEOMETRIC_REPRESENTATION_CONTEXT ( 3 ) GLOBAL_UNCERTAINTY_ASSIGNED_CONTEXT ( ( #2974 ) ) GLOBAL_UNIT_ASSIGNED_CONTEXT ( ( #2898, #2896, #2893 ) ) REPRESENTATION_CONTEXT ( 'NONE', 'WORKASPACE' ) );
#2982 = DIRECTION ( 'NONE',  ( 1.110223024625156500E-016, -2.525907955783923100E-018, -1.000000000000000000 ) ) ;
#2983 = DIRECTION ( 'NONE',  ( 1.383662747167360600E-017, 1.000000000000000000, -2.525907955783921500E-018 ) ) ;
#2984 = CARTESIAN_POINT ( 'NONE',  ( 14.17206544611969000, -0.3620602319354593300, -1.700716832421814700 ) ) ;
#2985 = AXIS2_PLACEMENT_3D ( 'NONE', #2984, #2983, #2982 ) ;
#2986 = UNCERTAINTY_MEASURE_WITH_UNIT (LENGTH_MEASURE( 1.000000000000000100E-005 ), #2997, 'distance_accuracy_value', 'NONE');
#2987 = PLANE ( 'NONE',  #2985 ) ;
#2988 =( GEOMETRIC_REPRESENTATION_CONTEXT ( 3 ) GLOBAL_UNCERTAINTY_ASSIGNED_CONTEXT ( ( #2989 ) ) GLOBAL_UNIT_ASSIGNED_CONTEXT ( ( #2966, #2965, #2976 ) ) REPRESENTATION_CONTEXT ( 'NONE', 'WORKASPACE' ) );
#2989 = UNCERTAINTY_MEASURE_WITH_UNIT (LENGTH_MEASURE( 1.000000000000000100E-005 ), #2966, 'distance_accuracy_value', 'NONE');
#2990 = SURFACE_STYLE_FILL_AREA ( #2994 ) ;
#2991 =( NAMED_UNIT ( * ) SI_UNIT ( $, .STERADIAN. ) SOLID_ANGLE_UNIT ( ) );
#2992 =( NAMED_UNIT ( * ) PLANE_ANGLE_UNIT ( ) SI_UNIT ( $, .RADIAN. ) );
#2993 = DIRECTION ( 'NONE',  ( -1.110223024625156500E-016, 2.525907955783923100E-018, 1.000000000000000000 ) ) ;
#2994 = FILL_AREA_STYLE ('',( #3004 ) ) ;
#2995 = STYLED_ITEM ( 'NONE', ( #2999 ), #4594 ) ;
#2996 = LINE ( 'NONE', #3006, #3009 ) ;
#2997 =( LENGTH_UNIT ( ) NAMED_UNIT ( * ) SI_UNIT ( .MILLI., .METRE. ) );
#2998 = MECHANICAL_DESIGN_GEOMETRIC_PRESENTATION_REPRESENTATION (  '', ( #2995 ), #3015 ) ;
#2999 = PRESENTATION_STYLE_ASSIGNMENT (( #3008 ) ) ;
#3000 = SURFACE_SIDE_STYLE ('',( #2990 ) ) ;
#3001 = CARTESIAN_POINT ( 'NONE',  ( 16.12786544611969200, -0.3620602319354593300, 0.2550831675781882200 ) ) ;
#3002 = VECTOR ( 'NONE', #2993, 1000.000000000000000 ) ;
#3003 = COLOUR_RGB ( '',0.8313725490196077800, 0.8392156862745098200, 0.8274509803921568100 ) ;
#3004 = FILL_AREA_STYLE_COLOUR ( '', #3003 ) ;
#3005 = DIRECTION ( 'NONE',  ( 1.000000000000000000, -1.383662747167359800E-017, 1.110223024625156500E-016 ) ) ;
#3006 = CARTESIAN_POINT ( 'NONE',  ( 16.12786544611969200, -0.3620602319354593300, -1.700716832421814500 ) ) ;
#3007 = PRESENTATION_LAYER_ASSIGNMENT (  '', '', ( #2995 ) ) ;
#3008 = SURFACE_STYLE_USAGE ( .BOTH. , #3000 ) ;
#3009 = VECTOR ( 'NONE', #3005, 1000.000000000000000 ) ;
#3010 = FACE_OUTER_BOUND ( 'NONE', #4597, .T. ) ;
#3011 = LINE ( 'NONE', #3001, #3002 ) ;
#3012 =( LENGTH_UNIT ( ) NAMED_UNIT ( * ) SI_UNIT ( .MILLI., .METRE. ) );
#3013 = MECHANICAL_DESIGN_GEOMETRIC_PRESENTATION_REPRESENTATION (  '', ( #3019 ), #3035 ) ;
#3014 = PRESENTATION_LAYER_ASSIGNMENT (  '', '', ( #3019 ) ) ;
#3015 =( GEOMETRIC_REPRESENTATION_CONTEXT ( 3 ) GLOBAL_UNCERTAINTY_ASSIGNED_CONTEXT ( ( #2986 ) ) GLOBAL_UNIT_ASSIGNED_CONTEXT ( ( #2997, #2992, #2991 ) ) REPRESENTATION_CONTEXT ( 'NONE', 'WORKASPACE' ) );
#3016 = UNCERTAINTY_MEASURE_WITH_UNIT (LENGTH_MEASURE( 1.000000000000000100E-005 ), #3012, 'distance_accuracy_value', 'NONE');
#3017 =( NAMED_UNIT ( * ) SI_UNIT ( $, .STERADIAN. ) SOLID_ANGLE_UNIT ( ) );
#3018 =( NAMED_UNIT ( * ) PLANE_ANGLE_UNIT ( ) SI_UNIT ( $, .RADIAN. ) );
#3019 = STYLED_ITEM ( 'NONE', ( #3020 ), #4607 ) ;
#3020 = PRESENTATION_STYLE_ASSIGNMENT (( #3021 ) ) ;
#3021 = SURFACE_STYLE_USAGE ( .BOTH. , #3022 ) ;
#3022 = SURFACE_SIDE_STYLE ('',( #3023 ) ) ;
#3023 = SURFACE_STYLE_FILL_AREA ( #3024 ) ;
#3024 = FILL_AREA_STYLE ('',( #3025 ) ) ;
#3025 = FILL_AREA_STYLE_COLOUR ( '', #3026 ) ;
#3026 = COLOUR_RGB ( '',0.8313725490196077800, 0.8392156862745098200, 0.8274509803921568100 ) ;
#3027 = FACE_OUTER_BOUND ( 'NONE', #4608, .T. ) ;
#3028 = CARTESIAN_POINT ( 'NONE',  ( 15.14996544611969000, -2.013060231935458700, 1.652083167578186900 ) ) ;
#3029 = DIRECTION ( 'NONE',  ( 1.110223024625156500E-016, -2.525907955783923100E-018, -1.000000000000000000 ) ) ;
#3030 = DIRECTION ( 'NONE',  ( 1.383662747167360600E-017, 1.000000000000000000, -2.525907955783921500E-018 ) ) ;
#3031 = CARTESIAN_POINT ( 'NONE',  ( 14.17206544611969000, -0.3620602319354593300, -1.700716832421814700 ) ) ;
#3032 = AXIS2_PLACEMENT_3D ( 'NONE', #3031, #3030, #3029 ) ;
#3033 = PLANE ( 'NONE',  #3032 ) ;
#3034 = LINE ( 'NONE', #3061, #3056 ) ;
#3035 =( GEOMETRIC_REPRESENTATION_CONTEXT ( 3 ) GLOBAL_UNCERTAINTY_ASSIGNED_CONTEXT ( ( #3016 ) ) GLOBAL_UNIT_ASSIGNED_CONTEXT ( ( #3012, #3018, #3017 ) ) REPRESENTATION_CONTEXT ( 'NONE', 'WORKASPACE' ) );
#3036 = SURFACE_STYLE_USAGE ( .BOTH. , #3070 ) ;
#3037 = FACE_OUTER_BOUND ( 'NONE', #4620, .T. ) ;
#3038 = UNCERTAINTY_MEASURE_WITH_UNIT (LENGTH_MEASURE( 1.000000000000000100E-005 ), #3048, 'distance_accuracy_value', 'NONE');
#3039 = CARTESIAN_POINT ( 'NONE',  ( 17.74076544611969200, -2.013060231935459100, -1.700716832421812700 ) ) ;
#3040 = PLANE ( 'NONE',  #3095 ) ;
#3041 =( GEOMETRIC_REPRESENTATION_CONTEXT ( 3 ) GLOBAL_UNCERTAINTY_ASSIGNED_CONTEXT ( ( #3038 ) ) GLOBAL_UNIT_ASSIGNED_CONTEXT ( ( #3048, #3102, #3101 ) ) REPRESENTATION_CONTEXT ( 'NONE', 'WORKASPACE' ) );
#3042 = PRESENTATION_STYLE_ASSIGNMENT (( #3036 ) ) ;
#3043 = CIRCLE ( 'NONE', #3089, 1.384300000000000800 ) ;
#3044 = FACE_OUTER_BOUND ( 'NONE', #4629, .T. ) ;
#3045 = UNCERTAINTY_MEASURE_WITH_UNIT (LENGTH_MEASURE( 1.000000000000000100E-005 ), #3097, 'distance_accuracy_value', 'NONE');
#3046 = VECTOR ( 'NONE', #3105, 1000.000000000000000 ) ;
#3047 = DIRECTION ( 'NONE',  ( -1.383662747167360600E-017, -1.000000000000000000, 2.525907955783947300E-018 ) ) ;
#3048 =( LENGTH_UNIT ( ) NAMED_UNIT ( * ) SI_UNIT ( .MILLI., .METRE. ) );
#3049 = MECHANICAL_DESIGN_GEOMETRIC_PRESENTATION_REPRESENTATION (  '', ( #3051 ), #3041 ) ;
#3050 = PRESENTATION_LAYER_ASSIGNMENT (  '', '', ( #3051 ) ) ;
#3051 = STYLED_ITEM ( 'NONE', ( #3052 ), #4627 ) ;
#3052 = PRESENTATION_STYLE_ASSIGNMENT (( #3053 ) ) ;
#3053 = SURFACE_STYLE_USAGE ( .BOTH. , #3054 ) ;
#3054 = SURFACE_SIDE_STYLE ('',( #3081 ) ) ;
#3055 = DIRECTION ( 'NONE',  ( -1.000000000000000000, 1.383662747167359800E-017, -1.110223024625156500E-016 ) ) ;
#3056 = VECTOR ( 'NONE', #3055, 1000.000000000000000 ) ;
#3057 = DIRECTION ( 'NONE',  ( -1.110223024625156500E-016, 2.525907955783923100E-018, 1.000000000000000000 ) ) ;
#3058 = VECTOR ( 'NONE', #3057, 1000.000000000000000 ) ;
#3059 = CARTESIAN_POINT ( 'NONE',  ( 16.12786544611969200, -0.3620602319354593300, 0.2550831675781882200 ) ) ;
#3060 = LINE ( 'NONE', #3059, #3058 ) ;
#3061 = CARTESIAN_POINT ( 'NONE',  ( 16.12786544611969200, -0.3620602319354593300, 0.2550831675781882200 ) ) ;
#3062 = DIRECTION ( 'NONE',  ( -1.000000000000000000, 1.383662747167359800E-017, -1.110223024625156500E-016 ) ) ;
#3063 = VECTOR ( 'NONE', #3062, 1000.000000000000000 ) ;
#3064 = CARTESIAN_POINT ( 'NONE',  ( 16.12786544611969200, -0.3620602319354593300, 0.2550831675781882200 ) ) ;
#3065 = VECTOR ( 'NONE', #3047, 1000.000000000000000 ) ;
#3066 = PLANE ( 'NONE',  #3078 ) ;
#3067 = STYLED_ITEM ( 'NONE', ( #3042 ), #4619 ) ;
#3068 = CARTESIAN_POINT ( 'NONE',  ( 15.14996544611969000, -2.013060231935459100, -0.7228168324218131600 ) ) ;
#3069 = AXIS2_PLACEMENT_3D ( 'NONE', #3068, #3075, #3074 ) ;
#3070 = SURFACE_SIDE_STYLE ('',( #3104 ) ) ;
#3071 = CARTESIAN_POINT ( 'NONE',  ( 14.17206544611969000, -0.3620602319354593300, -1.700716832421814700 ) ) ;
#3072 = DIRECTION ( 'NONE',  ( 1.383662747167360600E-017, 1.000000000000000000, -2.525907955783921500E-018 ) ) ;
#3073 = CARTESIAN_POINT ( 'NONE',  ( 14.17206544611968900, -0.3620602319354593300, 0.2550831675781880000 ) ) ;
#3074 = DIRECTION ( 'NONE',  ( 0.0000000000000000000, 0.0000000000000000000, 1.000000000000000000 ) ) ;
#3075 = DIRECTION ( 'NONE',  ( -1.383662747167360600E-017, -1.000000000000000000, 2.525907955783923100E-018 ) ) ;
#3076 = FILL_AREA_STYLE ('',( #3077 ) ) ;
#3077 = FILL_AREA_STYLE_COLOUR ( '', #3085 ) ;
#3078 = AXIS2_PLACEMENT_3D ( 'NONE', #3071, #3072, #3098 ) ;
#3079 = PRESENTATION_LAYER_ASSIGNMENT (  '', '', ( #3067 ) ) ;
#3080 =( NAMED_UNIT ( * ) PLANE_ANGLE_UNIT ( ) SI_UNIT ( $, .RADIAN. ) );
#3081 = SURFACE_STYLE_FILL_AREA ( #3082 ) ;
#3082 = FILL_AREA_STYLE ('',( #3083 ) ) ;
#3083 = FILL_AREA_STYLE_COLOUR ( '', #3084 ) ;
#3084 = COLOUR_RGB ( '',0.8313725490196077800, 0.8392156862745098200, 0.8274509803921568100 ) ;
#3085 = COLOUR_RGB ( '',0.8313725490196077800, 0.8392156862745098200, 0.8274509803921568100 ) ;
#3086 = DIRECTION ( 'NONE',  ( 0.0000000000000000000, 0.0000000000000000000, 1.000000000000000000 ) ) ;
#3087 = DIRECTION ( 'NONE',  ( -1.383662747167360600E-017, -1.000000000000000000, 2.525907955783923100E-018 ) ) ;
#3088 = CARTESIAN_POINT ( 'NONE',  ( 15.14996544611969000, 0.4761397680645403400, -0.7228168324218131600 ) ) ;
#3089 = AXIS2_PLACEMENT_3D ( 'NONE', #3088, #3087, #3086 ) ;
#3090 = CARTESIAN_POINT ( 'NONE',  ( 16.91631585303220600, -1.606660231935459300, -2.310316832421812600 ) ) ;
#3091 =( NAMED_UNIT ( * ) SI_UNIT ( $, .STERADIAN. ) SOLID_ANGLE_UNIT ( ) );
#3092 = LINE ( 'NONE', #3064, #3063 ) ;
#3093 = DIRECTION ( 'NONE',  ( -0.7071067811865522400, 0.7071067811865428000, 6.302036128815843000E-018 ) ) ;
#3094 = DIRECTION ( 'NONE',  ( -0.7071067811865428000, -0.7071067811865522400, -4.630601845881708700E-016 ) ) ;
#3095 = AXIS2_PLACEMENT_3D ( 'NONE', #3039, #3094, #3093 ) ;
#3096 = LINE ( 'NONE', #3073, #3046 ) ;
#3097 =( LENGTH_UNIT ( ) NAMED_UNIT ( * ) SI_UNIT ( .MILLI., .METRE. ) );
#3098 = DIRECTION ( 'NONE',  ( 1.110223024625156500E-016, -2.525907955783923100E-018, -1.000000000000000000 ) ) ;
#3099 = LINE ( 'NONE', #3103, #3065 ) ;
#3100 = MECHANICAL_DESIGN_GEOMETRIC_PRESENTATION_REPRESENTATION (  '', ( #3067 ), #3107 ) ;
#3101 =( NAMED_UNIT ( * ) SI_UNIT ( $, .STERADIAN. ) SOLID_ANGLE_UNIT ( ) );
#3102 =( NAMED_UNIT ( * ) PLANE_ANGLE_UNIT ( ) SI_UNIT ( $, .RADIAN. ) );
#3103 = CARTESIAN_POINT ( 'NONE',  ( 16.91631585303220600, -1.606660231935459300, -2.310316832421812600 ) ) ;
#3104 = SURFACE_STYLE_FILL_AREA ( #3076 ) ;
#3105 = DIRECTION ( 'NONE',  ( -1.383662747167360800E-017, -1.000000000000000000, 2.525907955783948100E-018 ) ) ;
#3106 = CYLINDRICAL_SURFACE ( 'NONE', #3069, 1.384300000000000300 ) ;
#3107 =( GEOMETRIC_REPRESENTATION_CONTEXT ( 3 ) GLOBAL_UNCERTAINTY_ASSIGNED_CONTEXT ( ( #3045 ) ) GLOBAL_UNIT_ASSIGNED_CONTEXT ( ( #3097, #3080, #3091 ) ) REPRESENTATION_CONTEXT ( 'NONE', 'WORKASPACE' ) );
#3108 = UNCERTAINTY_MEASURE_WITH_UNIT (LENGTH_MEASURE( 1.000000000000000100E-005 ), #3121, 'distance_accuracy_value', 'NONE');
#3109 =( NAMED_UNIT ( * ) SI_UNIT ( $, .STERADIAN. ) SOLID_ANGLE_UNIT ( ) );
#3110 = FILL_AREA_STYLE ('',( #3111 ) ) ;
#3111 = FILL_AREA_STYLE_COLOUR ( '', #3128 ) ;
#3112 = MECHANICAL_DESIGN_GEOMETRIC_PRESENTATION_REPRESENTATION (  '', ( #3115 ), #3124 ) ;
#3113 = FACE_OUTER_BOUND ( 'NONE', #4601, .T. ) ;
#3114 = PRESENTATION_LAYER_ASSIGNMENT (  '', '', ( #3115 ) ) ;
#3115 = STYLED_ITEM ( 'NONE', ( #3125 ), #4644 ) ;
#3116 = FILL_AREA_STYLE ('',( #3159 ) ) ;
#3117 = DIRECTION ( 'NONE',  ( 0.0000000000000000000, 0.0000000000000000000, 1.000000000000000000 ) ) ;
#3118 = DIRECTION ( 'NONE',  ( 1.000000000000000000, -1.383662747167359800E-017, 6.573919011953683000E-016 ) ) ;
#3119 = CARTESIAN_POINT ( 'NONE',  ( 16.12786544611969200, -0.3620602319354593300, -1.700716832421814500 ) ) ;
#3120 =( NAMED_UNIT ( * ) PLANE_ANGLE_UNIT ( ) SI_UNIT ( $, .RADIAN. ) );
#3121 =( LENGTH_UNIT ( ) NAMED_UNIT ( * ) SI_UNIT ( .MILLI., .METRE. ) );
#3122 = SURFACE_SIDE_STYLE ('',( #3123 ) ) ;
#3123 = SURFACE_STYLE_FILL_AREA ( #3110 ) ;
#3124 =( GEOMETRIC_REPRESENTATION_CONTEXT ( 3 ) GLOBAL_UNCERTAINTY_ASSIGNED_CONTEXT ( ( #3108 ) ) GLOBAL_UNIT_ASSIGNED_CONTEXT ( ( #3121, #3120, #3109 ) ) REPRESENTATION_CONTEXT ( 'NONE', 'WORKASPACE' ) );
#3125 = PRESENTATION_STYLE_ASSIGNMENT (( #3126 ) ) ;
#3126 = SURFACE_STYLE_USAGE ( .BOTH. , #3122 ) ;
#3127 = CARTESIAN_POINT ( 'NONE',  ( 16.12786544611969200, -0.3620602319354593300, 0.2550831675781882200 ) ) ;
#3128 = COLOUR_RGB ( '',0.8313725490196077800, 0.8392156862745098200, 0.8274509803921568100 ) ;
#3129 = AXIS2_PLACEMENT_3D ( 'NONE', #3131, #3118, #3117 ) ;
#3130 = CYLINDRICAL_SURFACE ( 'NONE', #3129, 0.9905999999999999300 ) ;
#3131 = CARTESIAN_POINT ( 'NONE',  ( 17.99476544611969300, -7.232760231935460900, -0.7228168324218143800 ) ) ;
#3132 = LINE ( 'NONE', #3140, #3142 ) ;
#3133 = LINE ( 'NONE', #3171, #3170 ) ;
#3134 = DIRECTION ( 'NONE',  ( 1.110223024625156500E-016, -2.525907955783923100E-018, -1.000000000000000000 ) ) ;
#3135 = CARTESIAN_POINT ( 'NONE',  ( 11.18756544611969200, 7.105539768064542000, 1.739261001211683400 ) ) ;
#3136 = DIRECTION ( 'NONE',  ( -1.000000000000000000, 5.872771121110819100E-049, -1.224606353822377300E-016 ) ) ;
#3137 = VECTOR ( 'NONE', #3136, 1000.000000000000000 ) ;
#3138 = CARTESIAN_POINT ( 'NONE',  ( 19.06156544611969400, 7.105539768064542000, 1.739261001211684500 ) ) ;
#3139 = LINE ( 'NONE', #3138, #3137 ) ;
#3140 = CARTESIAN_POINT ( 'NONE',  ( 14.17206544611968900, -0.3620602319354593300, 0.2550831675781880000 ) ) ;
#3141 = CARTESIAN_POINT ( 'NONE',  ( 14.17206544611969000, -0.3620602319354593300, -1.700716832421814700 ) ) ;
#3142 = VECTOR ( 'NONE', #3134, 1000.000000000000000 ) ;
#3143 = CARTESIAN_POINT ( 'NONE',  ( 18.42656544611968900, 7.105539768064541100, -1.435738998788379700 ) ) ;
#3144 = AXIS2_PLACEMENT_3D ( 'NONE', #3143, #3158, #3155 ) ;
#3145 = CIRCLE ( 'NONE', #3144, 3.175000000000059800 ) ;
#3146 = CARTESIAN_POINT ( 'NONE',  ( 18.42656544611968900, 7.105539768064542000, 1.739261001211680000 ) ) ;
#3147 = CARTESIAN_POINT ( 'NONE',  ( 18.42656544611968900, 8.273939768064542100, 1.516457884890007000 ) ) ;
#3148 = DIRECTION ( 'NONE',  ( 0.0000000000000000000, 0.0000000000000000000, -1.000000000000000000 ) ) ;
#3149 = DIRECTION ( 'NONE',  ( -1.000000000000000000, 5.872771121110819100E-049, -1.224606353822377300E-016 ) ) ;
#3150 = CARTESIAN_POINT ( 'NONE',  ( 11.18756544611969200, 7.105539768064542000, -1.435738998788316700 ) ) ;
#3151 = DIRECTION ( 'NONE',  ( 1.000000000000000000, -1.383662747167359800E-017, 1.110223024625156500E-016 ) ) ;
#3152 = VECTOR ( 'NONE', #3151, 1000.000000000000000 ) ;
#3153 = CARTESIAN_POINT ( 'NONE',  ( 16.12786544611969200, -0.3620602319354593300, -1.700716832421814500 ) ) ;
#3154 = LINE ( 'NONE', #3153, #3152 ) ;
#3155 = DIRECTION ( 'NONE',  ( 0.0000000000000000000, 0.0000000000000000000, -1.000000000000000000 ) ) ;
#3156 = AXIS2_PLACEMENT_3D ( 'NONE', #3150, #3149, #3148 ) ;
#3157 = CIRCLE ( 'NONE', #3156, 3.174999999999999800 ) ;
#3158 = DIRECTION ( 'NONE',  ( 1.000000000000000000, -5.872771121110819100E-049, 1.224606353822377300E-016 ) ) ;
#3159 = FILL_AREA_STYLE_COLOUR ( '', #3160 ) ;
#3160 = COLOUR_RGB ( '',0.8313725490196077800, 0.8392156862745098200, 0.8274509803921568100 ) ;
#3161 = FACE_OUTER_BOUND ( 'NONE', #4687, .T. ) ;
#3162 = CARTESIAN_POINT ( 'NONE',  ( 16.86446544611969100, 0.4761397680645407800, -0.7228168324218136000 ) ) ;
#3163 = CARTESIAN_POINT ( 'NONE',  ( 13.43546544611969100, 0.4761397680645407800, -0.7228168324218138300 ) ) ;
#3164 = DIRECTION ( 'NONE',  ( 1.000000000000000000, 0.0000000000000000000, 1.264744441511232200E-016 ) ) ;
#3165 = DIRECTION ( 'NONE',  ( 6.162975822039154700E-033, 1.000000000000000000, -3.916066504679276500E-017 ) ) ;
#3166 = CARTESIAN_POINT ( 'NONE',  ( 15.14996544611969000, 0.4761397680645407800, -0.7228168324218136000 ) ) ;
#3167 = AXIS2_PLACEMENT_3D ( 'NONE', #3166, #3165, #3164 ) ;
#3168 = CIRCLE ( 'NONE', #3167, 1.714500000000000800 ) ;
#3169 = DIRECTION ( 'NONE',  ( 6.573919011953683000E-016, -2.525907955783923100E-018, -1.000000000000000000 ) ) ;
#3170 = VECTOR ( 'NONE', #3169, 1000.000000000000000 ) ;
#3171 = CARTESIAN_POINT ( 'NONE',  ( 17.99476544611969300, -2.267060231935456500, -2.310316832421810900 ) ) ;
#3172 =( NAMED_UNIT ( * ) PLANE_ANGLE_UNIT ( ) SI_UNIT ( $, .RADIAN. ) );
#3173 =( GEOMETRIC_REPRESENTATION_CONTEXT ( 3 ) GLOBAL_UNCERTAINTY_ASSIGNED_CONTEXT ( ( #3174 ) ) GLOBAL_UNIT_ASSIGNED_CONTEXT ( ( #3211, #3216, #3199 ) ) REPRESENTATION_CONTEXT ( 'NONE', 'WORKASPACE' ) );
#3174 = UNCERTAINTY_MEASURE_WITH_UNIT (LENGTH_MEASURE( 1.000000000000000100E-005 ), #3211, 'distance_accuracy_value', 'NONE');
#3175 = UNCERTAINTY_MEASURE_WITH_UNIT (LENGTH_MEASURE( 1.000000000000000100E-005 ), #3201, 'distance_accuracy_value', 'NONE');
#3176 =( NAMED_UNIT ( * ) SI_UNIT ( $, .STERADIAN. ) SOLID_ANGLE_UNIT ( ) );
#3177 = STYLED_ITEM ( 'NONE', ( #3190 ), #4700 ) ;
#3178 = FILL_AREA_STYLE ('',( #3188 ) ) ;
#3179 = COLOUR_RGB ( '',0.8313725490196077800, 0.8392156862745098200, 0.8274509803921568100 ) ;
#3180 = FACE_OUTER_BOUND ( 'NONE', #4664, .T. ) ;
#3181 = PRESENTATION_STYLE_ASSIGNMENT (( #3182 ) ) ;
#3182 = SURFACE_STYLE_USAGE ( .BOTH. , #3183 ) ;
#3183 = SURFACE_SIDE_STYLE ('',( #3184 ) ) ;
#3184 = SURFACE_STYLE_FILL_AREA ( #3178 ) ;
#3185 = DIRECTION ( 'NONE',  ( -1.383662747167360800E-017, -1.000000000000000000, 2.525907955783948100E-018 ) ) ;
#3186 = VECTOR ( 'NONE', #3185, 1000.000000000000000 ) ;
#3187 = CARTESIAN_POINT ( 'NONE',  ( 14.17206544611969000, -0.3620602319354593300, -1.700716832421814700 ) ) ;
#3188 = FILL_AREA_STYLE_COLOUR ( '', #3179 ) ;
#3189 = SURFACE_SIDE_STYLE ('',( #3203 ) ) ;
#3190 = PRESENTATION_STYLE_ASSIGNMENT (( #3204 ) ) ;
#3191 = CARTESIAN_POINT ( 'NONE',  ( 16.12786544611969200, -0.3620602319354593300, -1.700716832421814500 ) ) ;
#3192 = PLANE ( 'NONE',  #3200 ) ;
#3193 = COLOUR_RGB ( '',0.8313725490196077800, 0.8392156862745098200, 0.8274509803921568100 ) ;
#3194 = FACE_OUTER_BOUND ( 'NONE', #4703, .T. ) ;
#3195 = PRESENTATION_LAYER_ASSIGNMENT (  '', '', ( #3196 ) ) ;
#3196 = STYLED_ITEM ( 'NONE', ( #3197 ), #4702 ) ;
#3197 = PRESENTATION_STYLE_ASSIGNMENT (( #3198 ) ) ;
#3198 = SURFACE_STYLE_USAGE ( .BOTH. , #3205 ) ;
#3199 =( NAMED_UNIT ( * ) SI_UNIT ( $, .STERADIAN. ) SOLID_ANGLE_UNIT ( ) );
#3200 = AXIS2_PLACEMENT_3D ( 'NONE', #3191, #3218, #3209 ) ;
#3201 =( LENGTH_UNIT ( ) NAMED_UNIT ( * ) SI_UNIT ( .MILLI., .METRE. ) );
#3202 = MECHANICAL_DESIGN_GEOMETRIC_PRESENTATION_REPRESENTATION (  '', ( #3196 ), #3221 ) ;
#3203 = SURFACE_STYLE_FILL_AREA ( #3116 ) ;
#3204 = SURFACE_STYLE_USAGE ( .BOTH. , #3189 ) ;
#3205 = SURFACE_SIDE_STYLE ('',( #3206 ) ) ;
#3206 = SURFACE_STYLE_FILL_AREA ( #3207 ) ;
#3207 = FILL_AREA_STYLE ('',( #3208 ) ) ;
#3208 = FILL_AREA_STYLE_COLOUR ( '', #3193 ) ;
#3209 = DIRECTION ( 'NONE',  ( -1.383662747167360600E-017, -1.000000000000000000, 2.525907955783947300E-018 ) ) ;
#3210 = PRESENTATION_LAYER_ASSIGNMENT (  '', '', ( #3177 ) ) ;
#3211 =( LENGTH_UNIT ( ) NAMED_UNIT ( * ) SI_UNIT ( .MILLI., .METRE. ) );
#3212 = DIRECTION ( 'NONE',  ( 1.110223024625156500E-016, -2.525907955783923100E-018, -1.000000000000000000 ) ) ;
#3213 = DIRECTION ( 'NONE',  ( 1.383662747167360600E-017, 1.000000000000000000, -2.525907955783921500E-018 ) ) ;
#3214 = CARTESIAN_POINT ( 'NONE',  ( 14.17206544611969000, -0.3620602319354593300, -1.700716832421814700 ) ) ;
#3215 = LINE ( 'NONE', #3187, #3186 ) ;
#3216 =( NAMED_UNIT ( * ) PLANE_ANGLE_UNIT ( ) SI_UNIT ( $, .RADIAN. ) );
#3217 = MECHANICAL_DESIGN_GEOMETRIC_PRESENTATION_REPRESENTATION (  '', ( #3177 ), #3173 ) ;
#3218 = DIRECTION ( 'NONE',  ( 1.110223024625156500E-016, -2.525907955783948900E-018, -1.000000000000000000 ) ) ;
#3219 = AXIS2_PLACEMENT_3D ( 'NONE', #3214, #3213, #3212 ) ;
#3220 = PLANE ( 'NONE',  #3219 ) ;
#3221 =( GEOMETRIC_REPRESENTATION_CONTEXT ( 3 ) GLOBAL_UNCERTAINTY_ASSIGNED_CONTEXT ( ( #3175 ) ) GLOBAL_UNIT_ASSIGNED_CONTEXT ( ( #3201, #3172, #3176 ) ) REPRESENTATION_CONTEXT ( 'NONE', 'WORKASPACE' ) );
#3222 = VERTEX_POINT ( 'NONE', #6308 ) ;
#3223 = EDGE_CURVE ( 'NONE', #6187, #3476, #6330, .T. ) ;
#3224 = ADVANCED_FACE ( 'NONE', ( #6318 ), #6350, .T. ) ;
#3225 = ORIENTED_EDGE ( 'NONE', *, *, #3226, .T. ) ;
#3226 = EDGE_CURVE ( 'NONE', #3278, #3227, #6346, .T. ) ;
#3227 = VERTEX_POINT ( 'NONE', #6341 ) ;
#3228 = ORIENTED_EDGE ( 'NONE', *, *, #3229, .T. ) ;
#3229 = EDGE_CURVE ( 'NONE', #3227, #3230, #6363, .T. ) ;
#3230 = VERTEX_POINT ( 'NONE', #6359 ) ;
#3231 = VERTEX_POINT ( 'NONE', #6358 ) ;
#3232 = ORIENTED_EDGE ( 'NONE', *, *, #3223, .F. ) ;
#3233 = EDGE_LOOP ( 'NONE', ( #3393, #3285, #3479, #3447 ) ) ;
#3234 = ORIENTED_EDGE ( 'NONE', *, *, #3235, .T. ) ;
#3235 = EDGE_CURVE ( 'NONE', #3236, #3237, #6356, .T. ) ;
#3236 = VERTEX_POINT ( 'NONE', #6357 ) ;
#3237 = VERTEX_POINT ( 'NONE', #6400 ) ;
#3238 = ORIENTED_EDGE ( 'NONE', *, *, #3239, .T. ) ;
#3239 = EDGE_CURVE ( 'NONE', #3237, #3240, #6399, .T. ) ;
#3240 = VERTEX_POINT ( 'NONE', #6395 ) ;
#3241 = ORIENTED_EDGE ( 'NONE', *, *, #3242, .F. ) ;
#3242 = EDGE_CURVE ( 'NONE', #3243, #3240, #6392, .T. ) ;
#3243 = VERTEX_POINT ( 'NONE', #6387 ) ;
#3244 = ORIENTED_EDGE ( 'NONE', *, *, #3245, .F. ) ;
#3245 = EDGE_CURVE ( 'NONE', #3236, #3243, #6385, .T. ) ;
#3246 = ADVANCED_FACE ( 'NONE', ( #6381 ), #6366, .F. ) ;
#3247 = EDGE_LOOP ( 'NONE', ( #3325, #3327, #3328, #3422 ) ) ;
#3248 = EDGE_CURVE ( 'NONE', #3418, #3419, #6365, .T. ) ;
#3249 = ORIENTED_EDGE ( 'NONE', *, *, #3465, .F. ) ;
#3250 = ORIENTED_EDGE ( 'NONE', *, *, #3251, .T. ) ;
#3251 = EDGE_CURVE ( 'NONE', #3482, #3439, #6419, .T. ) ;
#3252 = ADVANCED_FACE ( 'NONE', ( #6414 ), #6614, .F. ) ;
#3253 = EDGE_LOOP ( 'NONE', ( #3254, #3255, #3256, #3259, #3553, #3554, #3337, #3340 ) ) ;
#3254 = ORIENTED_EDGE ( 'NONE', *, *, #3282, .F. ) ;
#3255 = ORIENTED_EDGE ( 'NONE', *, *, #3444, .T. ) ;
#3256 = ORIENTED_EDGE ( 'NONE', *, *, #3257, .T. ) ;
#3257 = EDGE_CURVE ( 'NONE', #3442, #3258, #6527, .T. ) ;
#3258 = VERTEX_POINT ( 'NONE', #6434 ) ;
#3259 = ORIENTED_EDGE ( 'NONE', *, *, #3552, .F. ) ;
#3260 = ORIENTED_EDGE ( 'NONE', *, *, #3261, .F. ) ;
#3261 = EDGE_CURVE ( 'NONE', #3335, #3477, #6536, .T. ) ;
#3262 = ORIENTED_EDGE ( 'NONE', *, *, #3552, .T. ) ;
#3263 = ORIENTED_EDGE ( 'NONE', *, *, #3264, .T. ) ;
#3264 = EDGE_CURVE ( 'NONE', #3258, #3231, #6608, .T. ) ;
#3265 = ADVANCED_FACE ( 'NONE', ( #6447 ), #6529, .F. ) ;
#3266 = EDGE_LOOP ( 'NONE', ( #3267, #3270, #3272, #3273, #3529, #3531 ) ) ;
#3267 = ORIENTED_EDGE ( 'NONE', *, *, #3268, .F. ) ;
#3268 = EDGE_CURVE ( 'NONE', #3269, #3287, #6602, .T. ) ;
#3269 = VERTEX_POINT ( 'NONE', #6598 ) ;
#3270 = ORIENTED_EDGE ( 'NONE', *, *, #3271, .F. ) ;
#3271 = EDGE_CURVE ( 'NONE', #3284, #3269, #6509, .T. ) ;
#3272 = ORIENTED_EDGE ( 'NONE', *, *, #3448, .T. ) ;
#3273 = ORIENTED_EDGE ( 'NONE', *, *, #3528, .T. ) ;
#3274 = VERTEX_POINT ( 'NONE', #6505 ) ;
#3275 = ORIENTED_EDGE ( 'NONE', *, *, #3392, .T. ) ;
#3276 = ORIENTED_EDGE ( 'NONE', *, *, #3515, .T. ) ;
#3277 = EDGE_LOOP ( 'NONE', ( #3225, #3228, #6309, #6313 ) ) ;
#3278 = VERTEX_POINT ( 'NONE', #6504 ) ;
#3279 = EDGE_CURVE ( 'NONE', #3335, #3236, #6488, .T. ) ;
#3280 = ADVANCED_FACE ( 'NONE', ( #6484 ), #6524, .F. ) ;
#3281 = ORIENTED_EDGE ( 'NONE', *, *, #3282, .T. ) ;
#3282 = EDGE_CURVE ( 'NONE', #3436, #3283, #6518, .T. ) ;
#3283 = VERTEX_POINT ( 'NONE', #6514 ) ;
#3284 = VERTEX_POINT ( 'NONE', #6513 ) ;
#3285 = ORIENTED_EDGE ( 'NONE', *, *, #3434, .T. ) ;
#3286 = EDGE_CURVE ( 'NONE', #3316, #3287, #6512, .T. ) ;
#3287 = VERTEX_POINT ( 'NONE', #6474 ) ;
#3288 = EDGE_CURVE ( 'NONE', #3316, #3289, #6473, .T. ) ;
#3289 = VERTEX_POINT ( 'NONE', #6469 ) ;
#3290 = ORIENTED_EDGE ( 'NONE', *, *, #3301, .T. ) ;
#3291 = EDGE_CURVE ( 'NONE', #3319, #3243, #6467, .T. ) ;
#3292 = ADVANCED_FACE ( 'NONE', ( #6468 ), #6498, .F. ) ;
#3293 = EDGE_LOOP ( 'NONE', ( #3294, #3295, #3488, #3489 ) ) ;
#3294 = ORIENTED_EDGE ( 'NONE', *, *, #3229, .F. ) ;
#3295 = ORIENTED_EDGE ( 'NONE', *, *, #3296, .T. ) ;
#3296 = EDGE_CURVE ( 'NONE', #3227, #3297, #6499, .T. ) ;
#3297 = VERTEX_POINT ( 'NONE', #6490 ) ;
#3298 = EDGE_CURVE ( 'NONE', #3302, #3289, #6596, .T. ) ;
#3299 = ADVANCED_FACE ( 'NONE', ( #6592 ), #6546, .T. ) ;
#3300 = EDGE_LOOP ( 'NONE', ( #3304, #3374, #3376, #3377, #3380, #3383 ) ) ;
#3301 = EDGE_CURVE ( 'NONE', #3287, #3302, #6545, .T. ) ;
#3302 = VERTEX_POINT ( 'NONE', #6537 ) ;
#3303 = ORIENTED_EDGE ( 'NONE', *, *, #3298, .T. ) ;
#3304 = ORIENTED_EDGE ( 'NONE', *, *, #3305, .T. ) ;
#3305 = EDGE_CURVE ( 'NONE', #3306, #3307, #6578, .T. ) ;
#3306 = VERTEX_POINT ( 'NONE', #6574 ) ;
#3307 = VERTEX_POINT ( 'NONE', #6573 ) ;
#3308 = ORIENTED_EDGE ( 'NONE', *, *, #3315, .F. ) ;
#3309 = VERTEX_POINT ( 'NONE', #6572 ) ;
#3310 = ORIENTED_EDGE ( 'NONE', *, *, #3311, .T. ) ;
#3311 = EDGE_CURVE ( 'NONE', #3309, #3428, #6571, .T. ) ;
#3312 = ORIENTED_EDGE ( 'NONE', *, *, #3427, .T. ) ;
#3313 = ORIENTED_EDGE ( 'NONE', *, *, #3245, .T. ) ;
#3314 = ORIENTED_EDGE ( 'NONE', *, *, #3291, .F. ) ;
#3315 = EDGE_CURVE ( 'NONE', #3297, #3317, #6567, .T. ) ;
#3316 = VERTEX_POINT ( 'NONE', #6562 ) ;
#3317 = VERTEX_POINT ( 'NONE', #6561 ) ;
#3318 = EDGE_CURVE ( 'NONE', #3297, #3319, #6560, .T. ) ;
#3319 = VERTEX_POINT ( 'NONE', #6556 ) ;
#3320 = ORIENTED_EDGE ( 'NONE', *, *, #3315, .T. ) ;
#3321 = ORIENTED_EDGE ( 'NONE', *, *, #3322, .F. ) ;
#3322 = EDGE_CURVE ( 'NONE', #3323, #3317, #6555, .T. ) ;
#3323 = VERTEX_POINT ( 'NONE', #6551 ) ;
#3324 = EDGE_CURVE ( 'NONE', #3317, #3283, #6550, .T. ) ;
#3325 = ORIENTED_EDGE ( 'NONE', *, *, #3326, .T. ) ;
#3326 = EDGE_CURVE ( 'NONE', #3222, #6394, #6627, .T. ) ;
#3327 = ORIENTED_EDGE ( 'NONE', *, *, #6393, .T. ) ;
#3328 = ORIENTED_EDGE ( 'NONE', *, *, #3329, .F. ) ;
#3329 = EDGE_CURVE ( 'NONE', #3421, #6290, #6623, .T. ) ;
#3330 = ORIENTED_EDGE ( 'NONE', *, *, #3324, .F. ) ;
#3331 = EDGE_CURVE ( 'NONE', #3332, #3428, #6619, .T. ) ;
#3332 = VERTEX_POINT ( 'NONE', #6615 ) ;
#3333 = ORIENTED_EDGE ( 'NONE', *, *, #3334, .T. ) ;
#3334 = EDGE_CURVE ( 'NONE', #3332, #3335, #6665, .T. ) ;
#3335 = VERTEX_POINT ( 'NONE', #6644 ) ;
#3336 = ORIENTED_EDGE ( 'NONE', *, *, #3279, .T. ) ;
#3337 = ORIENTED_EDGE ( 'NONE', *, *, #3338, .F. ) ;
#3338 = EDGE_CURVE ( 'NONE', #3339, #3556, #6655, .T. ) ;
#3339 = VERTEX_POINT ( 'NONE', #6710 ) ;
#3340 = ORIENTED_EDGE ( 'NONE', *, *, #3341, .T. ) ;
#3341 = EDGE_CURVE ( 'NONE', #3339, #3283, #6637, .T. ) ;
#3342 = ADVANCED_FACE ( 'NONE', ( #6633 ), #6652, .T. ) ;
#3343 = EDGE_LOOP ( 'NONE', ( #3344, #3260, #3262, #3263 ) ) ;
#3344 = ORIENTED_EDGE ( 'NONE', *, *, #3434, .F. ) ;
#3345 = EDGE_CURVE ( 'NONE', #3538, #3278, #6648, .T. ) ;
#3346 = ORIENTED_EDGE ( 'NONE', *, *, #6338, .T. ) ;
#3347 = ADVANCED_FACE ( 'NONE', ( #6676 ), #6729, .T. ) ;
#3348 = EDGE_LOOP ( 'NONE', ( #3275, #3276, #3517, #3520 ) ) ;
#3349 = ORIENTED_EDGE ( 'NONE', *, *, #3481, .T. ) ;
#3350 = ADVANCED_FACE ( 'NONE', ( #6728 ), #6694, .F. ) ;
#3351 = EDGE_LOOP ( 'NONE', ( #3352, #3450, #3452, #3453 ) ) ;
#3352 = ORIENTED_EDGE ( 'NONE', *, *, #3353, .F. ) ;
#3353 = EDGE_CURVE ( 'NONE', #3354, #3449, #6689, .T. ) ;
#3354 = VERTEX_POINT ( 'NONE', #6685 ) ;
#3355 = EDGE_CURVE ( 'NONE', #3503, #3502, #6721, .T. ) ;
#3356 = ORIENTED_EDGE ( 'NONE', *, *, #3469, .T. ) ;
#3357 = ORIENTED_EDGE ( 'NONE', *, *, #3358, .T. ) ;
#3358 = EDGE_CURVE ( 'NONE', #3501, #3359, #6717, .T. ) ;
#3359 = VERTEX_POINT ( 'NONE', #6713 ) ;
#3360 = ORIENTED_EDGE ( 'NONE', *, *, #3361, .F. ) ;
#3361 = EDGE_CURVE ( 'NONE', #3362, #3359, #6712, .T. ) ;
#3362 = VERTEX_POINT ( 'NONE', #6736 ) ;
#3363 = ORIENTED_EDGE ( 'NONE', *, *, #3364, .F. ) ;
#3364 = EDGE_CURVE ( 'NONE', #3365, #3362, #6735, .T. ) ;
#3365 = VERTEX_POINT ( 'NONE', #6731 ) ;
#3366 = ORIENTED_EDGE ( 'NONE', *, *, #3367, .T. ) ;
#3367 = EDGE_CURVE ( 'NONE', #3365, #3368, #6785, .T. ) ;
#3368 = VERTEX_POINT ( 'NONE', #6781 ) ;
#3369 = ORIENTED_EDGE ( 'NONE', *, *, #3493, .T. ) ;
#3370 = ORIENTED_EDGE ( 'NONE', *, *, #3371, .F. ) ;
#3371 = EDGE_CURVE ( 'NONE', #3387, #6312, #6780, .T. ) ;
#3372 = EDGE_CURVE ( 'NONE', #3436, #3297, #6776, .T. ) ;
#3373 = ORIENTED_EDGE ( 'NONE', *, *, #3288, .F. ) ;
#3374 = ORIENTED_EDGE ( 'NONE', *, *, #3375, .T. ) ;
#3375 = EDGE_CURVE ( 'NONE', #3307, #3316, #6772, .T. ) ;
#3376 = ORIENTED_EDGE ( 'NONE', *, *, #3288, .T. ) ;
#3377 = ORIENTED_EDGE ( 'NONE', *, *, #3378, .T. ) ;
#3378 = EDGE_CURVE ( 'NONE', #3289, #3379, #6768, .T. ) ;
#3379 = VERTEX_POINT ( 'NONE', #6764 ) ;
#3380 = ORIENTED_EDGE ( 'NONE', *, *, #3381, .F. ) ;
#3381 = EDGE_CURVE ( 'NONE', #3382, #3379, #6763, .T. ) ;
#3382 = VERTEX_POINT ( 'NONE', #6759 ) ;
#3383 = ORIENTED_EDGE ( 'NONE', *, *, #3384, .F. ) ;
#3384 = EDGE_CURVE ( 'NONE', #3306, #3382, #6757, .T. ) ;
#3385 = ADVANCED_FACE ( 'NONE', ( #6753 ), #6984, .T. ) ;
#3386 = ORIENTED_EDGE ( 'NONE', *, *, #3372, .F. ) ;
#3387 = VERTEX_POINT ( 'NONE', #6979 ) ;
#3388 = ORIENTED_EDGE ( 'NONE', *, *, #3389, .T. ) ;
#3389 = EDGE_CURVE ( 'NONE', #3387, #3390, #6978, .T. ) ;
#3390 = VERTEX_POINT ( 'NONE', #6964 ) ;
#3391 = ORIENTED_EDGE ( 'NONE', *, *, #3392, .F. ) ;
#3392 = EDGE_CURVE ( 'NONE', #5724, #3390, #6963, .T. ) ;
#3393 = ORIENTED_EDGE ( 'NONE', *, *, #3394, .F. ) ;
#3394 = EDGE_CURVE ( 'NONE', #3477, #3284, #6958, .T. ) ;
#3395 = ADVANCED_FACE ( 'NONE', ( #6998 ), #6847, .F. ) ;
#3396 = EDGE_LOOP ( 'NONE', ( #3397, #3398, #3400, #3403 ) ) ;
#3397 = ORIENTED_EDGE ( 'NONE', *, *, #3239, .F. ) ;
#3398 = ORIENTED_EDGE ( 'NONE', *, *, #3399, .T. ) ;
#3399 = EDGE_CURVE ( 'NONE', #3237, #3306, #6848, .T. ) ;
#3400 = ORIENTED_EDGE ( 'NONE', *, *, #3384, .T. ) ;
#3401 = EDGE_LOOP ( 'NONE', ( #3406, #3320, #3321, #3486, #3310, #3312, #3313, #3314 ) ) ;
#3402 = EDGE_LOOP ( 'NONE', ( #3373, #3407, #3290, #3303 ) ) ;
#3403 = ORIENTED_EDGE ( 'NONE', *, *, #3404, .F. ) ;
#3404 = EDGE_CURVE ( 'NONE', #3240, #3382, #6838, .T. ) ;
#3405 = ADVANCED_FACE ( 'NONE', ( #6833 ), #6876, .T. ) ;
#3406 = ORIENTED_EDGE ( 'NONE', *, *, #3318, .F. ) ;
#3407 = ORIENTED_EDGE ( 'NONE', *, *, #3286, .T. ) ;
#3408 = ORIENTED_EDGE ( 'NONE', *, *, #3409, .F. ) ;
#3409 = EDGE_CURVE ( 'NONE', #3410, #3514, #6872, .T. ) ;
#3410 = VERTEX_POINT ( 'NONE', #6868 ) ;
#3411 = ORIENTED_EDGE ( 'NONE', *, *, #3412, .T. ) ;
#3412 = EDGE_CURVE ( 'NONE', #3410, #6269, #6866, .T. ) ;
#3413 = ADVANCED_FACE ( 'NONE', ( #6862 ), #6904, .F. ) ;
#3414 = EDGE_LOOP ( 'NONE', ( #3415, #3420, #3249, #3504, #3802, #3496 ) ) ;
#3415 = ORIENTED_EDGE ( 'NONE', *, *, #3416, .T. ) ;
#3416 = EDGE_CURVE ( 'NONE', #3417, #3418, #6903, .T. ) ;
#3417 = VERTEX_POINT ( 'NONE', #6895 ) ;
#3418 = VERTEX_POINT ( 'NONE', #6894 ) ;
#3419 = VERTEX_POINT ( 'NONE', #6893 ) ;
#3420 = ORIENTED_EDGE ( 'NONE', *, *, #3248, .T. ) ;
#3421 = VERTEX_POINT ( 'NONE', #6892 ) ;
#3422 = ORIENTED_EDGE ( 'NONE', *, *, #3423, .F. ) ;
#3423 = EDGE_CURVE ( 'NONE', #3222, #3421, #6890, .T. ) ;
#3424 = ADVANCED_FACE ( 'NONE', ( #6885 ), #6966, .F. ) ;
#3425 = EDGE_LOOP ( 'NONE', ( #3426, #3429, #3333, #3336 ) ) ;
#3426 = ORIENTED_EDGE ( 'NONE', *, *, #3427, .F. ) ;
#3427 = EDGE_CURVE ( 'NONE', #3428, #3236, #6951, .T. ) ;
#3428 = VERTEX_POINT ( 'NONE', #6947 ) ;
#3429 = ORIENTED_EDGE ( 'NONE', *, *, #3331, .F. ) ;
#3430 = ADVANCED_FACE ( 'NONE', ( #6946 ), #6820, .T. ) ;
#3431 = EDGE_LOOP ( 'NONE', ( #3432, #3437, #3440, #3443 ) ) ;
#3432 = ORIENTED_EDGE ( 'NONE', *, *, #3433, .F. ) ;
#3433 = EDGE_CURVE ( 'NONE', #3435, #3436, #6816, .T. ) ;
#3434 = EDGE_CURVE ( 'NONE', #3477, #3231, #6811, .T. ) ;
#3435 = VERTEX_POINT ( 'NONE', #6807 ) ;
#3436 = VERTEX_POINT ( 'NONE', #6806 ) ;
#3437 = ORIENTED_EDGE ( 'NONE', *, *, #3438, .T. ) ;
#3438 = EDGE_CURVE ( 'NONE', #3435, #3439, #6805, .T. ) ;
#3439 = VERTEX_POINT ( 'NONE', #6801 ) ;
#3440 = ORIENTED_EDGE ( 'NONE', *, *, #3441, .T. ) ;
#3441 = EDGE_CURVE ( 'NONE', #3439, #3442, #6800, .T. ) ;
#3442 = VERTEX_POINT ( 'NONE', #6795 ) ;
#3443 = ORIENTED_EDGE ( 'NONE', *, *, #3444, .F. ) ;
#3444 = EDGE_CURVE ( 'NONE', #3436, #3442, #6793, .T. ) ;
#3445 = ADVANCED_FACE ( 'NONE', ( #6789 ), #6916, .F. ) ;
#3446 = VERTEX_POINT ( 'NONE', #6917 ) ;
#3447 = ORIENTED_EDGE ( 'NONE', *, *, #3448, .F. ) ;
#3448 = EDGE_CURVE ( 'NONE', #3284, #3446, #6912, .T. ) ;
#3449 = VERTEX_POINT ( 'NONE', #6908 ) ;
#3450 = ORIENTED_EDGE ( 'NONE', *, *, #3451, .T. ) ;
#3451 = EDGE_CURVE ( 'NONE', #3354, #6183, #7085, .T. ) ;
#3452 = ORIENTED_EDGE ( 'NONE', *, *, #6182, .T. ) ;
#3453 = ORIENTED_EDGE ( 'NONE', *, *, #3454, .F. ) ;
#3454 = EDGE_CURVE ( 'NONE', #3449, #6180, #7094, .T. ) ;
#3455 = EDGE_CURVE ( 'NONE', #6188, #3456, #7020, .T. ) ;
#3456 = VERTEX_POINT ( 'NONE', #7016 ) ;
#3457 = ORIENTED_EDGE ( 'NONE', *, *, #3458, .T. ) ;
#3458 = EDGE_CURVE ( 'NONE', #3456, #3222, #7091, .T. ) ;
#3459 = ORIENTED_EDGE ( 'NONE', *, *, #3423, .T. ) ;
#3460 = ORIENTED_EDGE ( 'NONE', *, *, #3510, .T. ) ;
#3461 = ORIENTED_EDGE ( 'NONE', *, *, #3462, .F. ) ;
#3462 = EDGE_CURVE ( 'NONE', #6364, #3511, #7083, .T. ) ;
#3463 = EDGE_CURVE ( 'NONE', #3514, #3464, #7113, .T. ) ;
#3464 = VERTEX_POINT ( 'NONE', #7109 ) ;
#3465 = EDGE_CURVE ( 'NONE', #3503, #3419, #7043, .T. ) ;
#3466 = ORIENTED_EDGE ( 'NONE', *, *, #3467, .T. ) ;
#3467 = EDGE_CURVE ( 'NONE', #3419, #3501, #7080, .T. ) ;
#3468 = ORIENTED_EDGE ( 'NONE', *, *, #3469, .F. ) ;
#3469 = EDGE_CURVE ( 'NONE', #3470, #3501, #7076, .T. ) ;
#3470 = VERTEX_POINT ( 'NONE', #7072 ) ;
#3471 = ORIENTED_EDGE ( 'NONE', *, *, #3472, .T. ) ;
#3472 = EDGE_CURVE ( 'NONE', #3470, #3503, #7070, .T. ) ;
#3473 = ADVANCED_FACE ( 'NONE', ( #7066 ), #7008, .T. ) ;
#3474 = EDGE_LOOP ( 'NONE', ( #3356, #3357, #3360, #3363, #3366, #3505 ) ) ;
#3475 = EDGE_LOOP ( 'NONE', ( #3281, #3330, #3308, #3386 ) ) ;
#3476 = VERTEX_POINT ( 'NONE', #7003 ) ;
#3477 = VERTEX_POINT ( 'NONE', #7002 ) ;
#3478 = EDGE_CURVE ( 'NONE', #6183, #3476, #7057, .T. ) ;
#3479 = ORIENTED_EDGE ( 'NONE', *, *, #3480, .T. ) ;
#3480 = EDGE_CURVE ( 'NONE', #3231, #3446, #7052, .T. ) ;
#3481 = EDGE_CURVE ( 'NONE', #3527, #3482, #7048, .T. ) ;
#3482 = VERTEX_POINT ( 'NONE', #7044 ) ;
#3483 = ORIENTED_EDGE ( 'NONE', *, *, #3484, .F. ) ;
#3484 = EDGE_CURVE ( 'NONE', #3540, #3482, #7039, .T. ) ;
#3485 = ORIENTED_EDGE ( 'NONE', *, *, #3537, .T. ) ;
#3486 = ORIENTED_EDGE ( 'NONE', *, *, #3487, .F. ) ;
#3487 = EDGE_CURVE ( 'NONE', #3309, #3323, #7035, .T. ) ;
#3488 = ORIENTED_EDGE ( 'NONE', *, *, #3318, .T. ) ;
#3489 = ORIENTED_EDGE ( 'NONE', *, *, #3490, .F. ) ;
#3490 = EDGE_CURVE ( 'NONE', #3230, #3319, #7029, .T. ) ;
#3491 = ADVANCED_FACE ( 'NONE', ( #7030 ), #7190, .T. ) ;
#3492 = EDGE_LOOP ( 'NONE', ( #3370, #3388, #3391, #3485, #3539, #3346 ) ) ;
#3493 = EDGE_CURVE ( 'NONE', #3464, #3354, #7132, .T. ) ;
#3494 = ORIENTED_EDGE ( 'NONE', *, *, #3353, .T. ) ;
#3495 = VERTEX_POINT ( 'NONE', #7133 ) ;
#3496 = ORIENTED_EDGE ( 'NONE', *, *, #3497, .T. ) ;
#3497 = EDGE_CURVE ( 'NONE', #3804, #3417, #7236, .T. ) ;
#3498 = ADVANCED_FACE ( 'NONE', ( #7232 ), #7230, .T. ) ;
#3499 = EDGE_LOOP ( 'NONE', ( #3500, #3466, #3468, #3471 ) ) ;
#3500 = ORIENTED_EDGE ( 'NONE', *, *, #3465, .T. ) ;
#3501 = VERTEX_POINT ( 'NONE', #7225 ) ;
#3502 = VERTEX_POINT ( 'NONE', #7224 ) ;
#3503 = VERTEX_POINT ( 'NONE', #7223 ) ;
#3504 = ORIENTED_EDGE ( 'NONE', *, *, #3355, .T. ) ;
#3505 = ORIENTED_EDGE ( 'NONE', *, *, #3506, .T. ) ;
#3506 = EDGE_CURVE ( 'NONE', #3368, #3470, #7221, .T. ) ;
#3507 = ADVANCED_FACE ( 'NONE', ( #7188 ), #7218, .F. ) ;
#3508 = EDGE_LOOP ( 'NONE', ( #3509, #3791, #3793, #3794 ) ) ;
#3509 = ORIENTED_EDGE ( 'NONE', *, *, #3510, .F. ) ;
#3510 = EDGE_CURVE ( 'NONE', #3421, #3511, #7214, .T. ) ;
#3511 = VERTEX_POINT ( 'NONE', #7210 ) ;
#3512 = ORIENTED_EDGE ( 'NONE', *, *, #3513, .F. ) ;
#3513 = EDGE_CURVE ( 'NONE', #3514, #3536, #7209, .T. ) ;
#3514 = VERTEX_POINT ( 'NONE', #7205 ) ;
#3515 = EDGE_CURVE ( 'NONE', #3390, #3516, #7204, .T. ) ;
#3516 = VERTEX_POINT ( 'NONE', #7262 ) ;
#3517 = ORIENTED_EDGE ( 'NONE', *, *, #3518, .F. ) ;
#3518 = EDGE_CURVE ( 'NONE', #3519, #3516, #7261, .T. ) ;
#3519 = VERTEX_POINT ( 'NONE', #7257 ) ;
#3520 = ORIENTED_EDGE ( 'NONE', *, *, #3521, .T. ) ;
#3521 = EDGE_CURVE ( 'NONE', #3519, #5724, #7255, .T. ) ;
#3522 = ADVANCED_FACE ( 'NONE', ( #7251 ), #7200, .F. ) ;
#3523 = EDGE_LOOP ( 'NONE', ( #3524, #3525, #3349, #3483, #3541, #3544 ) ) ;
#3524 = ORIENTED_EDGE ( 'NONE', *, *, #3518, .T. ) ;
#3525 = ORIENTED_EDGE ( 'NONE', *, *, #3526, .T. ) ;
#3526 = EDGE_CURVE ( 'NONE', #3516, #3527, #7199, .T. ) ;
#3527 = VERTEX_POINT ( 'NONE', #7157 ) ;
#3528 = EDGE_CURVE ( 'NONE', #3446, #3274, #7156, .T. ) ;
#3529 = ORIENTED_EDGE ( 'NONE', *, *, #3530, .F. ) ;
#3530 = EDGE_CURVE ( 'NONE', #3302, #3274, #7151, .T. ) ;
#3531 = ORIENTED_EDGE ( 'NONE', *, *, #3301, .F. ) ;
#3532 = ADVANCED_FACE ( 'NONE', ( #7147 ), #7125, .T. ) ;
#3533 = EDGE_LOOP ( 'NONE', ( #3534, #3512, #3408, #3411 ) ) ;
#3534 = ORIENTED_EDGE ( 'NONE', *, *, #3535, .T. ) ;
#3535 = EDGE_CURVE ( 'NONE', #6269, #3536, #7124, .T. ) ;
#3536 = VERTEX_POINT ( 'NONE', #7116 ) ;
#3537 = EDGE_CURVE ( 'NONE', #5724, #3538, #7348, .T. ) ;
#3538 = VERTEX_POINT ( 'NONE', #7349 ) ;
#3539 = ORIENTED_EDGE ( 'NONE', *, *, #3345, .T. ) ;
#3540 = VERTEX_POINT ( 'NONE', #7351 ) ;
#3541 = ORIENTED_EDGE ( 'NONE', *, *, #3542, .F. ) ;
#3542 = EDGE_CURVE ( 'NONE', #3543, #3540, #7294, .T. ) ;
#3543 = VERTEX_POINT ( 'NONE', #7292 ) ;
#3544 = ORIENTED_EDGE ( 'NONE', *, *, #3545, .T. ) ;
#3545 = EDGE_CURVE ( 'NONE', #3543, #3519, #7300, .T. ) ;
#3546 = ADVANCED_FACE ( 'NONE', ( #7336 ), #7330, .T. ) ;
#3547 = EDGE_LOOP ( 'NONE', ( #3548, #3549, #3551, #3250 ) ) ;
#3548 = ORIENTED_EDGE ( 'NONE', *, *, #3438, .F. ) ;
#3549 = ORIENTED_EDGE ( 'NONE', *, *, #3550, .F. ) ;
#3550 = EDGE_CURVE ( 'NONE', #3540, #3435, #7357, .T. ) ;
#3551 = ORIENTED_EDGE ( 'NONE', *, *, #3484, .T. ) ;
#3552 = EDGE_CURVE ( 'NONE', #3335, #3258, #7352, .T. ) ;
#3553 = ORIENTED_EDGE ( 'NONE', *, *, #3334, .F. ) ;
#3554 = ORIENTED_EDGE ( 'NONE', *, *, #3555, .F. ) ;
#3555 = EDGE_CURVE ( 'NONE', #3556, #3332, #7307, .T. ) ;
#3556 = VERTEX_POINT ( 'NONE', #7328 ) ;
#3557 = EDGE_LOOP ( 'NONE', ( #3558, #3559, #3561, #3562 ) ) ;
#3558 = ORIENTED_EDGE ( 'NONE', *, *, #3361, .T. ) ;
#3559 = ORIENTED_EDGE ( 'NONE', *, *, #3560, .T. ) ;
#3560 = EDGE_CURVE ( 'NONE', #3359, #3418, #7326, .T. ) ;
#3561 = ORIENTED_EDGE ( 'NONE', *, *, #3416, .F. ) ;
#3562 = ORIENTED_EDGE ( 'NONE', *, *, #3597, .T. ) ;
#3563 = ADVANCED_FACE ( 'NONE', ( #7322 ), #7280, .F. ) ;
#3564 = EDGE_LOOP ( 'NONE', ( #3565, #3566, #3646, #3647 ) ) ;
#3565 = ORIENTED_EDGE ( 'NONE', *, *, #6294, .F. ) ;
#3566 = ORIENTED_EDGE ( 'NONE', *, *, #3838, .T. ) ;
#3567 = ADVANCED_FACE ( 'NONE', ( #7281 ), #7393, .T. ) ;
#3568 = ORIENTED_EDGE ( 'NONE', *, *, #3817, .F. ) ;
#3569 = ORIENTED_EDGE ( 'NONE', *, *, #3570, .T. ) ;
#3570 = EDGE_CURVE ( 'NONE', #3700, #6212, #7394, .T. ) ;
#3571 = ORIENTED_EDGE ( 'NONE', *, *, #6211, .T. ) ;
#3572 = ADVANCED_FACE ( 'NONE', ( #7384 ), #7380, .T. ) ;
#3573 = EDGE_LOOP ( 'NONE', ( #3574, #3585, #3614, #3616, #3618, #3619 ) ) ;
#3574 = ORIENTED_EDGE ( 'NONE', *, *, #3584, .F. ) ;
#3575 = EDGE_LOOP ( 'NONE', ( #3608, #3627, #3577, #3611, #3569, #3571 ) ) ;
#3576 = ORIENTED_EDGE ( 'NONE', *, *, #3588, .T. ) ;
#3577 = ORIENTED_EDGE ( 'NONE', *, *, #6207, .F. ) ;
#3578 = ORIENTED_EDGE ( 'NONE', *, *, #3579, .T. ) ;
#3579 = EDGE_CURVE ( 'NONE', #6180, #3790, #7379, .T. ) ;
#3580 = ORIENTED_EDGE ( 'NONE', *, *, #3860, .F. ) ;
#3581 = ADVANCED_FACE ( 'NONE', ( #7370 ), #7528, .T. ) ;
#3582 = EDGE_LOOP ( 'NONE', ( #3583, #3629, #3630, #3631, #3633, #3568 ) ) ;
#3583 = ORIENTED_EDGE ( 'NONE', *, *, #3579, .F. ) ;
#3584 = EDGE_CURVE ( 'NONE', #6218, #3697, #7527, .T. ) ;
#3585 = ORIENTED_EDGE ( 'NONE', *, *, #6217, .T. ) ;
#3586 = ORIENTED_EDGE ( 'NONE', *, *, #3381, .T. ) ;
#3587 = ORIENTED_EDGE ( 'NONE', *, *, #3588, .F. ) ;
#3588 = EDGE_CURVE ( 'NONE', #3446, #3382, #7519, .T. ) ;
#3589 = ORIENTED_EDGE ( 'NONE', *, *, #3724, .T. ) ;
#3590 = EDGE_LOOP ( 'NONE', ( #3731, #3725, #3726, #3587, #3727, #3728 ) ) ;
#3591 = ORIENTED_EDGE ( 'NONE', *, *, #3592, .T. ) ;
#3592 = EDGE_CURVE ( 'NONE', #3302, #3703, #7515, .T. ) ;
#3593 = EDGE_LOOP ( 'NONE', ( #3594, #3595, #3596, #3598 ) ) ;
#3594 = ORIENTED_EDGE ( 'NONE', *, *, #3632, .F. ) ;
#3595 = ORIENTED_EDGE ( 'NONE', *, *, #3795, .T. ) ;
#3596 = ORIENTED_EDGE ( 'NONE', *, *, #3597, .F. ) ;
#3597 = EDGE_CURVE ( 'NONE', #3417, #3362, #7508, .T. ) ;
#3598 = ORIENTED_EDGE ( 'NONE', *, *, #3686, .F. ) ;
#3599 = ADVANCED_FACE ( 'NONE', ( #7504 ), #7489, .T. ) ;
#3600 = EDGE_LOOP ( 'NONE', ( #3601, #3602, #3761, #3654 ) ) ;
#3601 = ORIENTED_EDGE ( 'NONE', *, *, #3801, .T. ) ;
#3602 = ORIENTED_EDGE ( 'NONE', *, *, #3609, .T. ) ;
#3603 = ORIENTED_EDGE ( 'NONE', *, *, #6102, .F. ) ;
#3604 = ORIENTED_EDGE ( 'NONE', *, *, #3736, .T. ) ;
#3605 = ADVANCED_FACE ( 'NONE', ( #7482 ), #7468, .T. ) ;
#3606 = ORIENTED_EDGE ( 'NONE', *, *, #3609, .F. ) ;
#3607 = ORIENTED_EDGE ( 'NONE', *, *, #3833, .T. ) ;
#3608 = ORIENTED_EDGE ( 'NONE', *, *, #3412, .F. ) ;
#3609 = EDGE_CURVE ( 'NONE', #3449, #3851, #7467, .T. ) ;
#3610 = ORIENTED_EDGE ( 'NONE', *, *, #3454, .T. ) ;
#3611 = ORIENTED_EDGE ( 'NONE', *, *, #3829, .F. ) ;
#3612 = ADVANCED_FACE ( 'NONE', ( #7458 ), #7443, .T. ) ;
#3613 = ORIENTED_EDGE ( 'NONE', *, *, #3528, .F. ) ;
#3614 = ORIENTED_EDGE ( 'NONE', *, *, #3615, .T. ) ;
#3615 = EDGE_CURVE ( 'NONE', #6175, #3495, #7433, .T. ) ;
#3616 = ORIENTED_EDGE ( 'NONE', *, *, #3617, .F. ) ;
#3617 = EDGE_CURVE ( 'NONE', #6219, #3495, #7429, .T. ) ;
#3618 = ORIENTED_EDGE ( 'NONE', *, *, #6283, .F. ) ;
#3619 = ORIENTED_EDGE ( 'NONE', *, *, #3620, .F. ) ;
#3620 = EDGE_CURVE ( 'NONE', #3697, #6272, #7415, .T. ) ;
#3621 = ADVANCED_FACE ( 'NONE', ( #7416 ), #7885, .T. ) ;
#3622 = EDGE_LOOP ( 'NONE', ( #3623, #3624, #3625, #3604 ) ) ;
#3623 = ORIENTED_EDGE ( 'NONE', *, *, #3849, .T. ) ;
#3624 = ORIENTED_EDGE ( 'NONE', *, *, #3584, .T. ) ;
#3625 = ORIENTED_EDGE ( 'NONE', *, *, #3695, .F. ) ;
#3626 = EDGE_LOOP ( 'NONE', ( #3606, #3610, #3578, #3580 ) ) ;
#3627 = ORIENTED_EDGE ( 'NONE', *, *, #3628, .F. ) ;
#3628 = EDGE_CURVE ( 'NONE', #6209, #3410, #2968, .T. ) ;
#3629 = ORIENTED_EDGE ( 'NONE', *, *, #6298, .T. ) ;
#3630 = ORIENTED_EDGE ( 'NONE', *, *, #3462, .T. ) ;
#3631 = ORIENTED_EDGE ( 'NONE', *, *, #3632, .T. ) ;
#3632 = EDGE_CURVE ( 'NONE', #3511, #6288, #2961, .T. ) ;
#3633 = ORIENTED_EDGE ( 'NONE', *, *, #6287, .F. ) ;
#3634 = ORIENTED_EDGE ( 'NONE', *, *, #3592, .F. ) ;
#3635 = ORIENTED_EDGE ( 'NONE', *, *, #3530, .T. ) ;
#3636 = EDGE_LOOP ( 'NONE', ( #3886, #3756, #3757, #3670 ) ) ;
#3637 = ORIENTED_EDGE ( 'NONE', *, *, #3478, .F. ) ;
#3638 = ORIENTED_EDGE ( 'NONE', *, *, #3769, .T. ) ;
#3639 = ORIENTED_EDGE ( 'NONE', *, *, #3814, .T. ) ;
#3640 = ADVANCED_FACE ( 'NONE', ( #2957 ), #2592, .F. ) ;
#3641 = EDGE_LOOP ( 'NONE', ( #3642, #3927, #3895, #3893 ) ) ;
#3642 = ORIENTED_EDGE ( 'NONE', *, *, #3659, .F. ) ;
#3643 = ORIENTED_EDGE ( 'NONE', *, *, #6215, .F. ) ;
#3644 = ADVANCED_FACE ( 'NONE', ( #2612 ), #2634, .T. ) ;
#3645 = EDGE_LOOP ( 'NONE', ( #3643, #3754, #3755, #3760 ) ) ;
#3646 = ORIENTED_EDGE ( 'NONE', *, *, #6257, .T. ) ;
#3647 = ORIENTED_EDGE ( 'NONE', *, *, #3750, .F. ) ;
#3648 = ADVANCED_FACE ( 'NONE', ( #2657 ), #2637, .T. ) ;
#3649 = EDGE_LOOP ( 'NONE', ( #3650, #3651, #3653, #3658 ) ) ;
#3650 = ORIENTED_EDGE ( 'NONE', *, *, #3803, .T. ) ;
#3651 = ORIENTED_EDGE ( 'NONE', *, *, #3652, .T. ) ;
#3652 = EDGE_CURVE ( 'NONE', #3502, #3368, #2739, .T. ) ;
#3653 = ORIENTED_EDGE ( 'NONE', *, *, #3367, .F. ) ;
#3654 = ORIENTED_EDGE ( 'NONE', *, *, #3617, .T. ) ;
#3655 = ORIENTED_EDGE ( 'NONE', *, *, #3463, .F. ) ;
#3656 = ORIENTED_EDGE ( 'NONE', *, *, #3513, .T. ) ;
#3657 = ORIENTED_EDGE ( 'NONE', *, *, #3848, .T. ) ;
#3658 = ORIENTED_EDGE ( 'NONE', *, *, #3659, .T. ) ;
#3659 = EDGE_CURVE ( 'NONE', #3365, #3804, #2732, .T. ) ;
#3660 = ADVANCED_FACE ( 'NONE', ( #2711 ), #2726, .T. ) ;
#3661 = EDGE_LOOP ( 'NONE', ( #3662, #3664, #3665, #3667 ) ) ;
#3662 = ORIENTED_EDGE ( 'NONE', *, *, #3663, .F. ) ;
#3663 = EDGE_CURVE ( 'NONE', #3354, #3843, #2706, .T. ) ;
#3664 = ORIENTED_EDGE ( 'NONE', *, *, #3493, .F. ) ;
#3665 = ORIENTED_EDGE ( 'NONE', *, *, #3666, .T. ) ;
#3666 = EDGE_CURVE ( 'NONE', #3464, #3855, #2735, .T. ) ;
#3667 = ORIENTED_EDGE ( 'NONE', *, *, #3858, .T. ) ;
#3668 = ADVANCED_FACE ( 'NONE', ( #2719 ), #2765, .T. ) ;
#3669 = EDGE_LOOP ( 'NONE', ( #3655, #3656, #3657, #3764 ) ) ;
#3670 = ORIENTED_EDGE ( 'NONE', *, *, #3620, .T. ) ;
#3671 = ADVANCED_FACE ( 'NONE', ( #2795 ), #2864, .F. ) ;
#3672 = EDGE_LOOP ( 'NONE', ( #3673, #3674 ) ) ;
#3673 = ORIENTED_EDGE ( 'NONE', *, *, #6251, .T. ) ;
#3674 = ORIENTED_EDGE ( 'NONE', *, *, #3675, .T. ) ;
#3675 = EDGE_CURVE ( 'NONE', #6085, #6087, #2828, .T. ) ;
#3676 = EDGE_LOOP ( 'NONE', ( #3694, #3698, #3701, #3704 ) ) ;
#3677 = ADVANCED_FACE ( 'NONE', ( #2833 ), #2926, .F. ) ;
#3678 = EDGE_LOOP ( 'NONE', ( #3679, #3808, #3810, #3813, #3815, #3816 ) ) ;
#3679 = ORIENTED_EDGE ( 'NONE', *, *, #6267, .F. ) ;
#3680 = VERTEX_POINT ( 'NONE', #2938 ) ;
#3681 = EDGE_CURVE ( 'NONE', #3410, #3495, #2934, .T. ) ;
#3682 = ORIENTED_EDGE ( 'NONE', *, *, #3683, .F. ) ;
#3683 = EDGE_CURVE ( 'NONE', #6290, #3804, #2920, .T. ) ;
#3684 = ORIENTED_EDGE ( 'NONE', *, *, #6301, .T. ) ;
#3685 = ORIENTED_EDGE ( 'NONE', *, *, #3686, .T. ) ;
#3686 = EDGE_CURVE ( 'NONE', #6288, #3417, #2874, .T. ) ;
#3687 = ORIENTED_EDGE ( 'NONE', *, *, #3497, .F. ) ;
#3688 = ADVANCED_FACE ( 'NONE', ( #2875, #2910, #2909 ), #2975, .T. ) ;
#3689 = EDGE_LOOP ( 'NONE', ( #3690, #3709 ) ) ;
#3690 = ORIENTED_EDGE ( 'NONE', *, *, #3691, .F. ) ;
#3691 = EDGE_CURVE ( 'NONE', #3692, #3693, #2973, .T. ) ;
#3692 = VERTEX_POINT ( 'NONE', #7641 ) ;
#3693 = VERTEX_POINT ( 'NONE', #7614 ) ;
#3694 = ORIENTED_EDGE ( 'NONE', *, *, #3695, .T. ) ;
#3695 = EDGE_CURVE ( 'NONE', #3696, #3697, #7635, .T. ) ;
#3696 = VERTEX_POINT ( 'NONE', #7634 ) ;
#3697 = VERTEX_POINT ( 'NONE', #7633 ) ;
#3698 = ORIENTED_EDGE ( 'NONE', *, *, #3699, .F. ) ;
#3699 = EDGE_CURVE ( 'NONE', #3700, #3697, #7625, .T. ) ;
#3700 = VERTEX_POINT ( 'NONE', #7636 ) ;
#3701 = ORIENTED_EDGE ( 'NONE', *, *, #3702, .F. ) ;
#3702 = EDGE_CURVE ( 'NONE', #3703, #3700, #7654, .T. ) ;
#3703 = VERTEX_POINT ( 'NONE', #7642 ) ;
#3704 = ORIENTED_EDGE ( 'NONE', *, *, #3705, .T. ) ;
#3705 = EDGE_CURVE ( 'NONE', #3703, #3696, #7651, .T. ) ;
#3706 = EDGE_LOOP ( 'NONE', ( #3707, #3708 ) ) ;
#3707 = ORIENTED_EDGE ( 'NONE', *, *, #6225, .F. ) ;
#3708 = ORIENTED_EDGE ( 'NONE', *, *, #3838, .F. ) ;
#3709 = ORIENTED_EDGE ( 'NONE', *, *, #3710, .F. ) ;
#3710 = EDGE_CURVE ( 'NONE', #3693, #3692, #4658, .T. ) ;
#3711 = EDGE_LOOP ( 'NONE', ( #3712, #3823, #3744, #3746 ) ) ;
#3712 = ORIENTED_EDGE ( 'NONE', *, *, #3849, .F. ) ;
#3713 = ADVANCED_FACE ( 'NONE', ( #4659 ), #4756, .T. ) ;
#3714 = ORIENTED_EDGE ( 'NONE', *, *, #3745, .F. ) ;
#3715 = ORIENTED_EDGE ( 'NONE', *, *, #3781, .T. ) ;
#3716 = ADVANCED_FACE ( 'NONE', ( #4758 ), #5270, .T. ) ;
#3717 = EDGE_LOOP ( 'NONE', ( #3718, #3732, #3734, #3777 ) ) ;
#3718 = ORIENTED_EDGE ( 'NONE', *, *, #3481, .F. ) ;
#3719 = ORIENTED_EDGE ( 'NONE', *, *, #3722, .T. ) ;
#3720 = ORIENTED_EDGE ( 'NONE', *, *, #3257, .F. ) ;
#3721 = ORIENTED_EDGE ( 'NONE', *, *, #3251, .F. ) ;
#3722 = EDGE_CURVE ( 'NONE', #3319, #3442, #5294, .T. ) ;
#3723 = ORIENTED_EDGE ( 'NONE', *, *, #3441, .F. ) ;
#3724 = EDGE_CURVE ( 'NONE', #3243, #3258, #5123, .T. ) ;
#3725 = ORIENTED_EDGE ( 'NONE', *, *, #3242, .T. ) ;
#3726 = ORIENTED_EDGE ( 'NONE', *, *, #3404, .T. ) ;
#3727 = ORIENTED_EDGE ( 'NONE', *, *, #3480, .F. ) ;
#3728 = ORIENTED_EDGE ( 'NONE', *, *, #3264, .F. ) ;
#3729 = ORIENTED_EDGE ( 'NONE', *, *, #3490, .T. ) ;
#3730 = ADVANCED_FACE ( 'NONE', ( #5452 ), #5403, .T. ) ;
#3731 = ORIENTED_EDGE ( 'NONE', *, *, #3724, .F. ) ;
#3732 = ORIENTED_EDGE ( 'NONE', *, *, #3733, .T. ) ;
#3733 = EDGE_CURVE ( 'NONE', #3527, #3387, #5487, .T. ) ;
#3734 = ORIENTED_EDGE ( 'NONE', *, *, #3371, .T. ) ;
#3735 = ORIENTED_EDGE ( 'NONE', *, *, #3736, .F. ) ;
#3736 = EDGE_CURVE ( 'NONE', #3696, #3822, #6129, .T. ) ;
#3737 = ORIENTED_EDGE ( 'NONE', *, *, #3738, .F. ) ;
#3738 = EDGE_CURVE ( 'NONE', #3274, #3696, #6116, .T. ) ;
#3739 = ADVANCED_FACE ( 'NONE', ( #6139 ), #7312, .T. ) ;
#3740 = EDGE_LOOP ( 'NONE', ( #3586, #3607, #3613, #3576 ) ) ;
#3741 = ORIENTED_EDGE ( 'NONE', *, *, #6310, .T. ) ;
#3742 = EDGE_CURVE ( 'NONE', #3743, #3822, #7436, .T. ) ;
#3743 = VERTEX_POINT ( 'NONE', #7534 ) ;
#3744 = ORIENTED_EDGE ( 'NONE', *, *, #3745, .T. ) ;
#3745 = EDGE_CURVE ( 'NONE', #3743, #6208, #7302, .T. ) ;
#3746 = ORIENTED_EDGE ( 'NONE', *, *, #6192, .T. ) ;
#3747 = EDGE_LOOP ( 'NONE', ( #3748, #3749 ) ) ;
#3748 = ORIENTED_EDGE ( 'NONE', *, *, #6254, .T. ) ;
#3749 = ORIENTED_EDGE ( 'NONE', *, *, #3750, .T. ) ;
#3750 = EDGE_CURVE ( 'NONE', #6285, #6255, #7540, .T. ) ;
#3751 = ADVANCED_FACE ( 'NONE', ( #7538, #7549, #7548 ), #7558, .F. ) ;
#3752 = ORIENTED_EDGE ( 'NONE', *, *, #3378, .F. ) ;
#3753 = ORIENTED_EDGE ( 'NONE', *, *, #3783, .T. ) ;
#3754 = ORIENTED_EDGE ( 'NONE', *, *, #3628, .T. ) ;
#3755 = ORIENTED_EDGE ( 'NONE', *, *, #3681, .T. ) ;
#3756 = ORIENTED_EDGE ( 'NONE', *, *, #3570, .F. ) ;
#3757 = ORIENTED_EDGE ( 'NONE', *, *, #3699, .T. ) ;
#3758 = ORIENTED_EDGE ( 'NONE', *, *, #3742, .T. ) ;
#3759 = ADVANCED_FACE ( 'NONE', ( #7573 ), #7589, .F. ) ;
#3760 = ORIENTED_EDGE ( 'NONE', *, *, #3615, .F. ) ;
#3761 = ORIENTED_EDGE ( 'NONE', *, *, #3857, .F. ) ;
#3762 = EDGE_LOOP ( 'NONE', ( #3763, #3776, #3634, #3635 ) ) ;
#3763 = ORIENTED_EDGE ( 'NONE', *, *, #3738, .T. ) ;
#3764 = ORIENTED_EDGE ( 'NONE', *, *, #3666, .F. ) ;
#3765 = ADVANCED_FACE ( 'NONE', ( #7588 ), #7686, .F. ) ;
#3766 = EDGE_LOOP ( 'NONE', ( #3767, #3768, #3770, #3771 ) ) ;
#3767 = ORIENTED_EDGE ( 'NONE', *, *, #3847, .T. ) ;
#3768 = ORIENTED_EDGE ( 'NONE', *, *, #3769, .F. ) ;
#3769 = EDGE_CURVE ( 'NONE', #6183, #3787, #7675, .T. ) ;
#3770 = ORIENTED_EDGE ( 'NONE', *, *, #3451, .F. ) ;
#3771 = ORIENTED_EDGE ( 'NONE', *, *, #3663, .T. ) ;
#3772 = ADVANCED_FACE ( 'NONE', ( #7671 ), #7693, .F. ) ;
#3773 = EDGE_LOOP ( 'NONE', ( #3774, #3637, #3638, #3639 ) ) ;
#3774 = ORIENTED_EDGE ( 'NONE', *, *, #3775, .T. ) ;
#3775 = EDGE_CURVE ( 'NONE', #3812, #3476, #7703, .T. ) ;
#3776 = ORIENTED_EDGE ( 'NONE', *, *, #3705, .F. ) ;
#3777 = ORIENTED_EDGE ( 'NONE', *, *, #3842, .T. ) ;
#3778 = ADVANCED_FACE ( 'NONE', ( #7717 ), #11583, .T. ) ;
#3779 = EDGE_LOOP ( 'NONE', ( #3780, #3782, #3784, #3591 ) ) ;
#3780 = ORIENTED_EDGE ( 'NONE', *, *, #3781, .F. ) ;
#3781 = EDGE_CURVE ( 'NONE', #3743, #3703, #11518, .T. ) ;
#3782 = ORIENTED_EDGE ( 'NONE', *, *, #3783, .F. ) ;
#3783 = EDGE_CURVE ( 'NONE', #3289, #3743, #11637, .T. ) ;
#3784 = ORIENTED_EDGE ( 'NONE', *, *, #3298, .F. ) ;
#3785 = EDGE_LOOP ( 'NONE', ( #3714, #3715, #3827, #3828 ) ) ;
#3786 = ADVANCED_FACE ( 'NONE', ( #11582 ), #11610, .T. ) ;
#3787 = VERTEX_POINT ( 'NONE', #11551 ) ;
#3788 = ORIENTED_EDGE ( 'NONE', *, *, #3853, .T. ) ;
#3789 = ORIENTED_EDGE ( 'NONE', *, *, #3860, .T. ) ;
#3790 = VERTEX_POINT ( 'NONE', #11550 ) ;
#3791 = ORIENTED_EDGE ( 'NONE', *, *, #3792, .T. ) ;
#3792 = EDGE_CURVE ( 'NONE', #3421, #3365, #11546, .T. ) ;
#3793 = ORIENTED_EDGE ( 'NONE', *, *, #3364, .T. ) ;
#3794 = ORIENTED_EDGE ( 'NONE', *, *, #3795, .F. ) ;
#3795 = EDGE_CURVE ( 'NONE', #3511, #3362, #11493, .T. ) ;
#3796 = ADVANCED_FACE ( 'NONE', ( #11507 ), #11016, .T. ) ;
#3797 = EDGE_LOOP ( 'NONE', ( #3798, #3799, #3457, #3459, #3460, #3461 ) ) ;
#3798 = ORIENTED_EDGE ( 'NONE', *, *, #6190, .F. ) ;
#3799 = ORIENTED_EDGE ( 'NONE', *, *, #3455, .T. ) ;
#3800 = ORIENTED_EDGE ( 'NONE', *, *, #3801, .F. ) ;
#3801 = EDGE_CURVE ( 'NONE', #3495, #3449, #11012, .T. ) ;
#3802 = ORIENTED_EDGE ( 'NONE', *, *, #3803, .F. ) ;
#3803 = EDGE_CURVE ( 'NONE', #3804, #3502, #11019, .T. ) ;
#3804 = VERTEX_POINT ( 'NONE', #11059 ) ;
#3805 = ADVANCED_FACE ( 'NONE', ( #11058 ), #11071, .T. ) ;
#3806 = ORIENTED_EDGE ( 'NONE', *, *, #3409, .T. ) ;
#3807 = EDGE_LOOP ( 'NONE', ( #3854, #3859, #3820, #3821, #3856, #3852 ) ) ;
#3808 = ORIENTED_EDGE ( 'NONE', *, *, #3809, .T. ) ;
#3809 = EDGE_CURVE ( 'NONE', #6265, #3680, #11106, .T. ) ;
#3810 = ORIENTED_EDGE ( 'NONE', *, *, #3811, .T. ) ;
#3811 = EDGE_CURVE ( 'NONE', #3680, #3812, #11098, .T. ) ;
#3812 = VERTEX_POINT ( 'NONE', #11120 ) ;
#3813 = ORIENTED_EDGE ( 'NONE', *, *, #3814, .F. ) ;
#3814 = EDGE_CURVE ( 'NONE', #3787, #3812, #11103, .T. ) ;
#3815 = ORIENTED_EDGE ( 'NONE', *, *, #3862, .T. ) ;
#3816 = ORIENTED_EDGE ( 'NONE', *, *, #3817, .T. ) ;
#3817 = EDGE_CURVE ( 'NONE', #3790, #6268, #11101, .T. ) ;
#3818 = ADVANCED_FACE ( 'NONE', ( #11102 ), #11158, .T. ) ;
#3819 = EDGE_LOOP ( 'NONE', ( #3682, #3684, #3685, #3687 ) ) ;
#3820 = ORIENTED_EDGE ( 'NONE', *, *, #3535, .F. ) ;
#3821 = ORIENTED_EDGE ( 'NONE', *, *, #6203, .T. ) ;
#3822 = VERTEX_POINT ( 'NONE', #11192 ) ;
#3823 = ORIENTED_EDGE ( 'NONE', *, *, #3742, .F. ) ;
#3824 = EDGE_LOOP ( 'NONE', ( #3825, #3369, #3494, #3800, #5994, #3806 ) ) ;
#3825 = ORIENTED_EDGE ( 'NONE', *, *, #3463, .T. ) ;
#3826 = EDGE_LOOP ( 'NONE', ( #3836, #3837, #3589, #3720 ) ) ;
#3827 = ORIENTED_EDGE ( 'NONE', *, *, #3702, .T. ) ;
#3828 = ORIENTED_EDGE ( 'NONE', *, *, #3829, .T. ) ;
#3829 = EDGE_CURVE ( 'NONE', #3700, #6208, #11194, .T. ) ;
#3830 = ADVANCED_FACE ( 'NONE', ( #11176 ), #11149, .T. ) ;
#3831 = EDGE_LOOP ( 'NONE', ( #3832, #3834, #3735, #3737 ) ) ;
#3832 = ORIENTED_EDGE ( 'NONE', *, *, #3833, .F. ) ;
#3833 = EDGE_CURVE ( 'NONE', #3379, #3274, #10800, .T. ) ;
#3834 = ORIENTED_EDGE ( 'NONE', *, *, #3835, .T. ) ;
#3835 = EDGE_CURVE ( 'NONE', #3379, #3822, #11305, .T. ) ;
#3836 = ORIENTED_EDGE ( 'NONE', *, *, #3722, .F. ) ;
#3837 = ORIENTED_EDGE ( 'NONE', *, *, #3291, .T. ) ;
#3838 = EDGE_CURVE ( 'NONE', #6284, #6178, #11351, .T. ) ;
#3839 = ADVANCED_FACE ( 'NONE', ( #11357 ), #11369, .T. ) ;
#3840 = EDGE_LOOP ( 'NONE', ( #3841, #3741, #3729, #3719, #3723, #3721 ) ) ;
#3841 = ORIENTED_EDGE ( 'NONE', *, *, #3842, .F. ) ;
#3842 = EDGE_CURVE ( 'NONE', #6312, #3482, #11377, .T. ) ;
#3843 = VERTEX_POINT ( 'NONE', #11387 ) ;
#3844 = ADVANCED_FACE ( 'NONE', ( #11395 ), #11465, .T. ) ;
#3845 = EDGE_LOOP ( 'NONE', ( #3846, #3788, #3789, #3861 ) ) ;
#3846 = ORIENTED_EDGE ( 'NONE', *, *, #3847, .F. ) ;
#3847 = EDGE_CURVE ( 'NONE', #3843, #3787, #11466, .T. ) ;
#3848 = EDGE_CURVE ( 'NONE', #3536, #3855, #11648, .T. ) ;
#3849 = EDGE_CURVE ( 'NONE', #3822, #6218, #11721, .T. ) ;
#3850 = ADVANCED_FACE ( 'NONE', ( #11671 ), #11751, .F. ) ;
#3851 = VERTEX_POINT ( 'NONE', #11788 ) ;
#3852 = ORIENTED_EDGE ( 'NONE', *, *, #3853, .F. ) ;
#3853 = EDGE_CURVE ( 'NONE', #3843, #3851, #11756, .T. ) ;
#3854 = ORIENTED_EDGE ( 'NONE', *, *, #3858, .F. ) ;
#3855 = VERTEX_POINT ( 'NONE', #11757 ) ;
#3856 = ORIENTED_EDGE ( 'NONE', *, *, #3857, .T. ) ;
#3857 = EDGE_CURVE ( 'NONE', #6219, #3851, #11768, .T. ) ;
#3858 = EDGE_CURVE ( 'NONE', #3855, #3843, #11794, .T. ) ;
#3859 = ORIENTED_EDGE ( 'NONE', *, *, #3848, .F. ) ;
#3860 = EDGE_CURVE ( 'NONE', #3851, #3790, #11805, .T. ) ;
#3861 = ORIENTED_EDGE ( 'NONE', *, *, #3862, .F. ) ;
#3862 = EDGE_CURVE ( 'NONE', #3787, #3790, #11865, .T. ) ;
#3863 = ADVANCED_FACE ( 'NONE', ( #11852 ), #11877, .F. ) ;
#3864 = EDGE_LOOP ( 'NONE', ( #3923, #3924, #3925, #3887 ) ) ;
#3865 = ORIENTED_EDGE ( 'NONE', *, *, #3271, .T. ) ;
#3866 = ORIENTED_EDGE ( 'NONE', *, *, #3926, .F. ) ;
#3867 = ORIENTED_EDGE ( 'NONE', *, *, #3372, .T. ) ;
#3868 = ORIENTED_EDGE ( 'NONE', *, *, #3296, .F. ) ;
#3869 = ORIENTED_EDGE ( 'NONE', *, *, #3926, .T. ) ;
#3870 = EDGE_LOOP ( 'NONE', ( #3909, #3752, #3753, #3758 ) ) ;
#3871 = ADVANCED_FACE ( 'NONE', ( #11887 ), #11917, .T. ) ;
#3872 = ORIENTED_EDGE ( 'NONE', *, *, #3226, .F. ) ;
#3873 = ORIENTED_EDGE ( 'NONE', *, *, #3885, .F. ) ;
#3874 = ADVANCED_FACE ( 'NONE', ( #11924 ), #11921, .F. ) ;
#3875 = EDGE_LOOP ( 'NONE', ( #3876, #3877, #3878, #3896 ) ) ;
#3876 = ORIENTED_EDGE ( 'NONE', *, *, #3506, .F. ) ;
#3877 = ORIENTED_EDGE ( 'NONE', *, *, #3652, .F. ) ;
#3878 = ORIENTED_EDGE ( 'NONE', *, *, #3355, .F. ) ;
#3879 = EDGE_LOOP ( 'NONE', ( #3898, #3899, #3934, #3935 ) ) ;
#3880 = ORIENTED_EDGE ( 'NONE', *, *, #3261, .T. ) ;
#3881 = ORIENTED_EDGE ( 'NONE', *, *, #3394, .T. ) ;
#3882 = ORIENTED_EDGE ( 'NONE', *, *, #3892, .F. ) ;
#3883 = ORIENTED_EDGE ( 'NONE', *, *, #3399, .F. ) ;
#3884 = ORIENTED_EDGE ( 'NONE', *, *, #3235, .F. ) ;
#3885 = EDGE_CURVE ( 'NONE', #3540, #3278, #11941, .T. ) ;
#3886 = ORIENTED_EDGE ( 'NONE', *, *, #6271, .F. ) ;
#3887 = ORIENTED_EDGE ( 'NONE', *, *, #3733, .F. ) ;
#3888 = ADVANCED_FACE ( 'NONE', ( #11937 ), #12031, .T. ) ;
#3889 = EDGE_LOOP ( 'NONE', ( #3603, #4083, #4086, #4089 ) ) ;
#3890 = ORIENTED_EDGE ( 'NONE', *, *, #3305, .F. ) ;
#3891 = ORIENTED_EDGE ( 'NONE', *, *, #3892, .T. ) ;
#3892 = EDGE_CURVE ( 'NONE', #3306, #3284, #12026, .T. ) ;
#3893 = ORIENTED_EDGE ( 'NONE', *, *, #3683, .T. ) ;
#3894 = ORIENTED_EDGE ( 'NONE', *, *, #3268, .T. ) ;
#3895 = ORIENTED_EDGE ( 'NONE', *, *, #3329, .T. ) ;
#3896 = ORIENTED_EDGE ( 'NONE', *, *, #3472, .F. ) ;
#3897 = ADVANCED_FACE ( 'NONE', ( #12035 ), #12067, .T. ) ;
#3898 = ORIENTED_EDGE ( 'NONE', *, *, #3358, .F. ) ;
#3899 = ORIENTED_EDGE ( 'NONE', *, *, #3467, .F. ) ;
#3900 = EDGE_LOOP ( 'NONE', ( #3901, #3906, #3869, #3894 ) ) ;
#3901 = ORIENTED_EDGE ( 'NONE', *, *, #3286, .F. ) ;
#3902 = ADVANCED_FACE ( 'NONE', ( #12076 ), #9723, .F. ) ;
#3903 = EDGE_LOOP ( 'NONE', ( #3904, #3905, #3867, #3868, #3872, #3873 ) ) ;
#3904 = ORIENTED_EDGE ( 'NONE', *, *, #3550, .T. ) ;
#3905 = ORIENTED_EDGE ( 'NONE', *, *, #3433, .T. ) ;
#3906 = ORIENTED_EDGE ( 'NONE', *, *, #3375, .F. ) ;
#3907 = ADVANCED_FACE ( 'NONE', ( #9700 ), #9689, .T. ) ;
#3908 = EDGE_LOOP ( 'NONE', ( #3890, #3891, #3865, #3866 ) ) ;
#3909 = ORIENTED_EDGE ( 'NONE', *, *, #3835, .F. ) ;
#3910 = ADVANCED_FACE ( 'NONE', ( #9713 ), #9005, .F. ) ;
#3911 = ADVANCED_FACE ( 'NONE', ( #9046 ), #9026, .F. ) ;
#3912 = ORIENTED_EDGE ( 'NONE', *, *, #4327, .F. ) ;
#3913 = ADVANCED_FACE ( 'NONE', ( #9033 ), #9049, .T. ) ;
#3914 = EDGE_LOOP ( 'NONE', ( #3915, #3916, #3918, #3919, #4125, #4128, #4130, #4044 ) ) ;
#3915 = ORIENTED_EDGE ( 'NONE', *, *, #4554, .T. ) ;
#3916 = ORIENTED_EDGE ( 'NONE', *, *, #3917, .T. ) ;
#3917 = EDGE_CURVE ( 'NONE', #4574, #4018, #9051, .T. ) ;
#3918 = ORIENTED_EDGE ( 'NONE', *, *, #4017, .T. ) ;
#3919 = ORIENTED_EDGE ( 'NONE', *, *, #3920, .F. ) ;
#3920 = EDGE_CURVE ( 'NONE', #3921, #4019, #9080, .T. ) ;
#3921 = VERTEX_POINT ( 'NONE', #9054 ) ;
#3922 = ADVANCED_FACE ( 'NONE', ( #9083 ), #9086, .T. ) ;
#3923 = ORIENTED_EDGE ( 'NONE', *, *, #3526, .F. ) ;
#3924 = ORIENTED_EDGE ( 'NONE', *, *, #3515, .F. ) ;
#3925 = ORIENTED_EDGE ( 'NONE', *, *, #3389, .F. ) ;
#3926 = EDGE_CURVE ( 'NONE', #3307, #3269, #9076, .T. ) ;
#3927 = ORIENTED_EDGE ( 'NONE', *, *, #3792, .F. ) ;
#3928 = ADVANCED_FACE ( 'NONE', ( #9066 ), #9109, .T. ) ;
#3929 = EDGE_LOOP ( 'NONE', ( #3930, #3931, #3943, #3944 ) ) ;
#3930 = ORIENTED_EDGE ( 'NONE', *, *, #3345, .F. ) ;
#3931 = ORIENTED_EDGE ( 'NONE', *, *, #3942, .T. ) ;
#3932 = EDGE_LOOP ( 'NONE', ( #3933, #3880, #3881, #3882, #3883, #3884 ) ) ;
#3933 = ORIENTED_EDGE ( 'NONE', *, *, #3279, .F. ) ;
#3934 = ORIENTED_EDGE ( 'NONE', *, *, #3248, .F. ) ;
#3935 = ORIENTED_EDGE ( 'NONE', *, *, #3560, .F. ) ;
#3936 = ADVANCED_FACE ( 'NONE', ( #9115 ), #9121, .F. ) ;
#3937 = EDGE_LOOP ( 'NONE', ( #3938, #3939, #3940, #3941 ) ) ;
#3938 = ORIENTED_EDGE ( 'NONE', *, *, #3545, .F. ) ;
#3939 = ORIENTED_EDGE ( 'NONE', *, *, #3942, .F. ) ;
#3940 = ORIENTED_EDGE ( 'NONE', *, *, #3537, .F. ) ;
#3941 = ORIENTED_EDGE ( 'NONE', *, *, #3521, .F. ) ;
#3942 = EDGE_CURVE ( 'NONE', #3538, #3543, #9128, .T. ) ;
#3943 = ORIENTED_EDGE ( 'NONE', *, *, #3542, .T. ) ;
#3944 = ORIENTED_EDGE ( 'NONE', *, *, #3885, .T. ) ;
#3945 = EDGE_LOOP ( 'NONE', ( #4012, #3912 ) ) ;
#3946 = VERTEX_POINT ( 'NONE', #9170 ) ;
#3947 = VERTEX_POINT ( 'NONE', #9161 ) ;
#3948 = ORIENTED_EDGE ( 'NONE', *, *, #3949, .T. ) ;
#3949 = EDGE_CURVE ( 'NONE', #3947, #3950, #9171, .T. ) ;
#3950 = VERTEX_POINT ( 'NONE', #9125 ) ;
#3951 = ORIENTED_EDGE ( 'NONE', *, *, #3322, .T. ) ;
#3952 = ORIENTED_EDGE ( 'NONE', *, *, #3324, .T. ) ;
#3953 = ORIENTED_EDGE ( 'NONE', *, *, #3341, .F. ) ;
#3954 = ORIENTED_EDGE ( 'NONE', *, *, #4061, .T. ) ;
#3955 = ADVANCED_FACE ( 'NONE', ( #9150 ), #9147, .T. ) ;
#3956 = EDGE_LOOP ( 'NONE', ( #3957, #3961, #3992, #4166, #4169 ) ) ;
#3957 = ORIENTED_EDGE ( 'NONE', *, *, #3958, .T. ) ;
#3958 = EDGE_CURVE ( 'NONE', #3959, #3960, #9141, .T. ) ;
#3959 = VERTEX_POINT ( 'NONE', #9195 ) ;
#3960 = VERTEX_POINT ( 'NONE', #9173 ) ;
#3961 = ORIENTED_EDGE ( 'NONE', *, *, #3962, .T. ) ;
#3962 = EDGE_CURVE ( 'NONE', #3960, #3963, #9188, .T. ) ;
#3963 = VERTEX_POINT ( 'NONE', #9210 ) ;
#3964 = EDGE_CURVE ( 'NONE', #4331, #3965, #9178, .T. ) ;
#3965 = VERTEX_POINT ( 'NONE', #9207 ) ;
#3966 = ORIENTED_EDGE ( 'NONE', *, *, #3967, .T. ) ;
#3967 = EDGE_CURVE ( 'NONE', #3965, #4405, #9206, .T. ) ;
#3968 = ADVANCED_FACE ( 'NONE', ( #9186, #9203 ), #9218, .F. ) ;
#3969 = EDGE_LOOP ( 'NONE', ( #3970, #3974, #4119, #4122 ) ) ;
#3970 = ORIENTED_EDGE ( 'NONE', *, *, #3971, .T. ) ;
#3971 = EDGE_CURVE ( 'NONE', #3972, #3973, #9229, .T. ) ;
#3972 = VERTEX_POINT ( 'NONE', #9242 ) ;
#3973 = VERTEX_POINT ( 'NONE', #9220 ) ;
#3974 = ORIENTED_EDGE ( 'NONE', *, *, #3975, .T. ) ;
#3975 = EDGE_CURVE ( 'NONE', #3973, #3976, #9219, .T. ) ;
#3976 = VERTEX_POINT ( 'NONE', #9222 ) ;
#3977 = EDGE_LOOP ( 'NONE', ( #3978, #4054, #4056, #4057, #4058, #4059, #4034, #4036 ) ) ;
#3978 = ORIENTED_EDGE ( 'NONE', *, *, #3979, .F. ) ;
#3979 = EDGE_CURVE ( 'NONE', #3980, #4053, #9241, .T. ) ;
#3980 = VERTEX_POINT ( 'NONE', #9244 ) ;
#3981 = ORIENTED_EDGE ( 'NONE', *, *, #3982, .F. ) ;
#3982 = EDGE_CURVE ( 'NONE', #6213, #4009, #9250, .T. ) ;
#3983 = ORIENTED_EDGE ( 'NONE', *, *, #6304, .F. ) ;
#3984 = ORIENTED_EDGE ( 'NONE', *, *, #4090, .F. ) ;
#3985 = ADVANCED_FACE ( 'NONE', ( #9246 ), #9281, .T. ) ;
#3986 = EDGE_LOOP ( 'NONE', ( #3987, #4182, #4183, #4184 ) ) ;
#3987 = ORIENTED_EDGE ( 'NONE', *, *, #4008, .F. ) ;
#3988 = ORIENTED_EDGE ( 'NONE', *, *, #3949, .F. ) ;
#3989 = ORIENTED_EDGE ( 'NONE', *, *, #4188, .T. ) ;
#3990 = ORIENTED_EDGE ( 'NONE', *, *, #3962, .F. ) ;
#3991 = ORIENTED_EDGE ( 'NONE', *, *, #4227, .F. ) ;
#3992 = ORIENTED_EDGE ( 'NONE', *, *, #4165, .T. ) ;
#3993 = VERTEX_POINT ( 'NONE', #9283 ) ;
#3994 = ORIENTED_EDGE ( 'NONE', *, *, #3331, .T. ) ;
#3995 = ORIENTED_EDGE ( 'NONE', *, *, #3311, .F. ) ;
#3996 = ORIENTED_EDGE ( 'NONE', *, *, #4103, .T. ) ;
#3997 = ADVANCED_FACE ( 'NONE', ( #9264 ), #9277, .F. ) ;
#3998 = EDGE_LOOP ( 'NONE', ( #3999, #4000, #4002, #4003, #3951, #3952, #3953, #3954 ) ) ;
#3999 = ORIENTED_EDGE ( 'NONE', *, *, #6236, .T. ) ;
#4000 = ORIENTED_EDGE ( 'NONE', *, *, #4001, .T. ) ;
#4001 = EDGE_CURVE ( 'NONE', #6233, #4088, #9274, .T. ) ;
#4002 = ORIENTED_EDGE ( 'NONE', *, *, #4087, .F. ) ;
#4003 = ORIENTED_EDGE ( 'NONE', *, *, #4099, .F. ) ;
#4004 = ORIENTED_EDGE ( 'NONE', *, *, #4005, .T. ) ;
#4005 = EDGE_CURVE ( 'NONE', #4096, #4006, #9288, .T. ) ;
#4006 = VERTEX_POINT ( 'NONE', #9304 ) ;
#4007 = ORIENTED_EDGE ( 'NONE', *, *, #4008, .T. ) ;
#4008 = EDGE_CURVE ( 'NONE', #4006, #4009, #9309, .T. ) ;
#4009 = VERTEX_POINT ( 'NONE', #9305 ) ;
#4010 = ORIENTED_EDGE ( 'NONE', *, *, #4011, .T. ) ;
#4011 = EDGE_CURVE ( 'NONE', #4009, #6145, #9302, .T. ) ;
#4012 = ORIENTED_EDGE ( 'NONE', *, *, #4031, .F. ) ;
#4013 = ORIENTED_EDGE ( 'NONE', *, *, #4014, .T. ) ;
#4014 = EDGE_CURVE ( 'NONE', #4018, #3980, #9332, .T. ) ;
#4015 = ORIENTED_EDGE ( 'NONE', *, *, #3979, .T. ) ;
#4016 = ORIENTED_EDGE ( 'NONE', *, *, #4017, .F. ) ;
#4017 = EDGE_CURVE ( 'NONE', #4018, #4019, #9320, .T. ) ;
#4018 = VERTEX_POINT ( 'NONE', #9321 ) ;
#4019 = VERTEX_POINT ( 'NONE', #9335 ) ;
#4020 = ADVANCED_FACE ( 'NONE', ( #9334 ), #9326, .T. ) ;
#4021 = EDGE_LOOP ( 'NONE', ( #4097, #4098, #4100, #4101, #4102 ) ) ;
#4022 = ORIENTED_EDGE ( 'NONE', *, *, #4023, .F. ) ;
#4023 = EDGE_CURVE ( 'NONE', #4024, #3950, #9316, .T. ) ;
#4024 = VERTEX_POINT ( 'NONE', #9312 ) ;
#4025 = ORIENTED_EDGE ( 'NONE', *, *, #4026, .F. ) ;
#4026 = EDGE_CURVE ( 'NONE', #4108, #4024, #9301, .T. ) ;
#4027 = EDGE_CURVE ( 'NONE', #3556, #4096, #9362, .T. ) ;
#4028 = ORIENTED_EDGE ( 'NONE', *, *, #4095, .F. ) ;
#4029 = ORIENTED_EDGE ( 'NONE', *, *, #6138, .F. ) ;
#4030 = ORIENTED_EDGE ( 'NONE', *, *, #4061, .F. ) ;
#4031 = EDGE_CURVE ( 'NONE', #4325, #4339, #9360, .T. ) ;
#4032 = VERTEX_POINT ( 'NONE', #9356 ) ;
#4033 = VERTEX_POINT ( 'NONE', #9355 ) ;
#4034 = ORIENTED_EDGE ( 'NONE', *, *, #4035, .T. ) ;
#4035 = EDGE_CURVE ( 'NONE', #4032, #4033, #9371, .T. ) ;
#4036 = ORIENTED_EDGE ( 'NONE', *, *, #4157, .T. ) ;
#4037 = ORIENTED_EDGE ( 'NONE', *, *, #6229, .T. ) ;
#4038 = ORIENTED_EDGE ( 'NONE', *, *, #3675, .F. ) ;
#4039 = CLOSED_SHELL ( 'NONE', ( #6296, #6200, #6244, #6179, #6258, #6204, #6193, #6303, #3224, #3430, #3445, #6339, #3246, #3424, #3280, #3385, #3299, #3395, #3405, #3292, #3491, #3347, #3522, #3546, #3252, #3342, #3265, #3532, #3413, #3498, #3473, #3507, #3796, #3350, #3805, #3850, #3844, #3677, #3818, #3688, #3751, #3839, #3786, #3730, #3716, #3778, #3713, #3830, #3739, #3612, #3572, #3621, #3605, #3581, #3567, #3599, #3644, #3871, #3759, #3910, #3671, #3563, #3648, #3660, #3668, #3765, #3772, #3640, #3922, #3907, #3928, #3911, #3902, #3874, #3897, #3936, #3863, #3888, #4091, #4020, #4104, #4062, #3997, #3955, #4171, #4111, #4042, #4178, #4194, #4220, #3985, #4185, #4192, #4209, #4213, #4208 ) ) ;
#4040 = ORIENTED_EDGE ( 'NONE', *, *, #4160, .F. ) ;
#4041 = ORIENTED_EDGE ( 'NONE', *, *, #3223, .T. ) ;
#4042 = ADVANCED_FACE ( 'NONE', ( #9367 ), #9395, .F. ) ;
#4043 = ORIENTED_EDGE ( 'NONE', *, *, #4205, .F. ) ;
#4044 = ORIENTED_EDGE ( 'NONE', *, *, #4617, .F. ) ;
#4045 = ADVANCED_FACE ( 'NONE', ( #9375 ), #9413, .T. ) ;
#4046 = EDGE_LOOP ( 'NONE', ( #4047, #4048, #4049, #4051 ) ) ;
#4047 = ORIENTED_EDGE ( 'NONE', *, *, #4230, .F. ) ;
#4048 = ORIENTED_EDGE ( 'NONE', *, *, #4157, .F. ) ;
#4049 = ORIENTED_EDGE ( 'NONE', *, *, #4050, .T. ) ;
#4050 = EDGE_CURVE ( 'NONE', #4033, #3921, #9403, .T. ) ;
#4051 = ORIENTED_EDGE ( 'NONE', *, *, #3920, .T. ) ;
#4052 = ADVANCED_FACE ( 'NONE', ( #9419, #9412 ), #9439, .F. ) ;
#4053 = VERTEX_POINT ( 'NONE', #9454 ) ;
#4054 = ORIENTED_EDGE ( 'NONE', *, *, #4055, .T. ) ;
#4055 = EDGE_CURVE ( 'NONE', #3980, #4571, #9451, .T. ) ;
#4056 = ORIENTED_EDGE ( 'NONE', *, *, #4570, .T. ) ;
#4057 = ORIENTED_EDGE ( 'NONE', *, *, #4582, .T. ) ;
#4058 = ORIENTED_EDGE ( 'NONE', *, *, #4150, .F. ) ;
#4059 = ORIENTED_EDGE ( 'NONE', *, *, #4060, .T. ) ;
#4060 = EDGE_CURVE ( 'NONE', #4148, #4032, #9430, .T. ) ;
#4061 = EDGE_CURVE ( 'NONE', #3339, #6140, #9448, .T. ) ;
#4062 = ADVANCED_FACE ( 'NONE', ( #9449 ), #9478, .F. ) ;
#4063 = EDGE_LOOP ( 'NONE', ( #4064, #4065, #4067, #4068, #4069, #3994, #3995, #3996 ) ) ;
#4064 = ORIENTED_EDGE ( 'NONE', *, *, #6185, .T. ) ;
#4065 = ORIENTED_EDGE ( 'NONE', *, *, #4066, .T. ) ;
#4066 = EDGE_CURVE ( 'NONE', #6177, #4006, #9464, .T. ) ;
#4067 = ORIENTED_EDGE ( 'NONE', *, *, #4005, .F. ) ;
#4068 = ORIENTED_EDGE ( 'NONE', *, *, #4027, .F. ) ;
#4069 = ORIENTED_EDGE ( 'NONE', *, *, #3555, .T. ) ;
#4070 = EDGE_LOOP ( 'NONE', ( #4438, #4377, #4411, #4422 ) ) ;
#4071 = EDGE_LOOP ( 'NONE', ( #4082, #4081, #4079, #4076 ) ) ;
#4072 = ORIENTED_EDGE ( 'NONE', *, *, #4181, .F. ) ;
#4073 = ORIENTED_EDGE ( 'NONE', *, *, #6210, .F. ) ;
#4074 = ORIENTED_EDGE ( 'NONE', *, *, #4011, .F. ) ;
#4075 = ADVANCED_FACE ( 'NONE', ( #9457 ), #9489, .F. ) ;
#4076 = ORIENTED_EDGE ( 'NONE', *, *, #4077, .T. ) ;
#4077 = EDGE_CURVE ( 'NONE', #4491, #4283, #9515, .T. ) ;
#4078 = ADVANCED_FACE ( 'NONE', ( #9507 ), #9504, .F. ) ;
#4079 = ORIENTED_EDGE ( 'NONE', *, *, #4490, .F. ) ;
#4080 = EDGE_CURVE ( 'NONE', #4492, #4284, #9528, .T. ) ;
#4081 = ORIENTED_EDGE ( 'NONE', *, *, #4080, .F. ) ;
#4082 = ORIENTED_EDGE ( 'NONE', *, *, #4282, .T. ) ;
#4083 = ORIENTED_EDGE ( 'NONE', *, *, #4084, .T. ) ;
#4084 = EDGE_CURVE ( 'NONE', #6100, #4085, #9531, .T. ) ;
#4085 = VERTEX_POINT ( 'NONE', #9529 ) ;
#4086 = ORIENTED_EDGE ( 'NONE', *, *, #4087, .T. ) ;
#4087 = EDGE_CURVE ( 'NONE', #4085, #4088, #9524, .T. ) ;
#4088 = VERTEX_POINT ( 'NONE', #9547 ) ;
#4089 = ORIENTED_EDGE ( 'NONE', *, *, #4090, .T. ) ;
#4090 = EDGE_CURVE ( 'NONE', #4088, #6169, #9546, .T. ) ;
#4091 = ADVANCED_FACE ( 'NONE', ( #9536 ), #9571, .F. ) ;
#4092 = EDGE_LOOP ( 'NONE', ( #4093, #4094, #4004, #4007, #4010 ) ) ;
#4093 = ORIENTED_EDGE ( 'NONE', *, *, #6237, .F. ) ;
#4094 = ORIENTED_EDGE ( 'NONE', *, *, #4095, .T. ) ;
#4095 = EDGE_CURVE ( 'NONE', #6142, #4096, #9564, .T. ) ;
#4096 = VERTEX_POINT ( 'NONE', #9578 ) ;
#4097 = ORIENTED_EDGE ( 'NONE', *, *, #3487, .T. ) ;
#4098 = ORIENTED_EDGE ( 'NONE', *, *, #4099, .T. ) ;
#4099 = EDGE_CURVE ( 'NONE', #3323, #4085, #9576, .T. ) ;
#4100 = ORIENTED_EDGE ( 'NONE', *, *, #4084, .F. ) ;
#4101 = ORIENTED_EDGE ( 'NONE', *, *, #6198, .F. ) ;
#4102 = ORIENTED_EDGE ( 'NONE', *, *, #4103, .F. ) ;
#4103 = EDGE_CURVE ( 'NONE', #3309, #6230, #9583, .T. ) ;
#4104 = ADVANCED_FACE ( 'NONE', ( #9612 ), #9593, .F. ) ;
#4105 = EDGE_LOOP ( 'NONE', ( #4106, #4107, #4028, #4029, #4030 ) ) ;
#4106 = ORIENTED_EDGE ( 'NONE', *, *, #3338, .T. ) ;
#4107 = ORIENTED_EDGE ( 'NONE', *, *, #4027, .T. ) ;
#4108 = VERTEX_POINT ( 'NONE', #9617 ) ;
#4109 = ORIENTED_EDGE ( 'NONE', *, *, #4110, .T. ) ;
#4110 = EDGE_CURVE ( 'NONE', #4108, #3946, #9623, .T. ) ;
#4111 = ADVANCED_FACE ( 'NONE', ( #9602 ), #9625, .T. ) ;
#4112 = EDGE_LOOP ( 'NONE', ( #4113, #4114, #4161, #4162, #4164 ) ) ;
#4113 = ORIENTED_EDGE ( 'NONE', *, *, #6300, .F. ) ;
#4114 = ORIENTED_EDGE ( 'NONE', *, *, #4160, .T. ) ;
#4115 = EDGE_LOOP ( 'NONE', ( #4116, #4118 ) ) ;
#4116 = ORIENTED_EDGE ( 'NONE', *, *, #4117, .T. ) ;
#4117 = EDGE_CURVE ( 'NONE', #4397, #4398, #9643, .T. ) ;
#4118 = ORIENTED_EDGE ( 'NONE', *, *, #4326, .T. ) ;
#4119 = ORIENTED_EDGE ( 'NONE', *, *, #4120, .T. ) ;
#4120 = EDGE_CURVE ( 'NONE', #3976, #4121, #9634, .T. ) ;
#4121 = VERTEX_POINT ( 'NONE', #9644 ) ;
#4122 = ORIENTED_EDGE ( 'NONE', *, *, #4123, .T. ) ;
#4123 = EDGE_CURVE ( 'NONE', #4121, #3972, #9637, .T. ) ;
#4124 = ORIENTED_EDGE ( 'NONE', *, *, #4241, .T. ) ;
#4125 = ORIENTED_EDGE ( 'NONE', *, *, #4126, .T. ) ;
#4126 = EDGE_CURVE ( 'NONE', #3921, #4127, #9641, .T. ) ;
#4127 = VERTEX_POINT ( 'NONE', #9685 ) ;
#4128 = ORIENTED_EDGE ( 'NONE', *, *, #4129, .T. ) ;
#4129 = EDGE_CURVE ( 'NONE', #4127, #4145, #9676, .T. ) ;
#4130 = ORIENTED_EDGE ( 'NONE', *, *, #4144, .F. ) ;
#4131 = ORIENTED_EDGE ( 'NONE', *, *, #4440, .F. ) ;
#4132 = ADVANCED_FACE ( 'NONE', ( #9663 ), #9681, .T. ) ;
#4133 = EDGE_LOOP ( 'NONE', ( #4134, #4135, #4136, #4137 ) ) ;
#4134 = ORIENTED_EDGE ( 'NONE', *, *, #4529, .F. ) ;
#4135 = ORIENTED_EDGE ( 'NONE', *, *, #4238, .T. ) ;
#4136 = ORIENTED_EDGE ( 'NONE', *, *, #4393, .T. ) ;
#4137 = ORIENTED_EDGE ( 'NONE', *, *, #4447, .F. ) ;
#4138 = ADVANCED_FACE ( 'NONE', ( #9683 ), #9732, .F. ) ;
#4139 = EDGE_LOOP ( 'NONE', ( #4140, #4141, #4155, #4156, #3966 ) ) ;
#4140 = ORIENTED_EDGE ( 'NONE', *, *, #4404, .F. ) ;
#4141 = ORIENTED_EDGE ( 'NONE', *, *, #4526, .F. ) ;
#4142 = EDGE_LOOP ( 'NONE', ( #4143, #4146, #4149, #4151, #4152, #4153 ) ) ;
#4143 = ORIENTED_EDGE ( 'NONE', *, *, #4144, .T. ) ;
#4144 = EDGE_CURVE ( 'NONE', #4567, #4145, #9741, .T. ) ;
#4145 = VERTEX_POINT ( 'NONE', #9729 ) ;
#4146 = ORIENTED_EDGE ( 'NONE', *, *, #4147, .T. ) ;
#4147 = EDGE_CURVE ( 'NONE', #4145, #4148, #9746, .T. ) ;
#4148 = VERTEX_POINT ( 'NONE', #9764 ) ;
#4149 = ORIENTED_EDGE ( 'NONE', *, *, #4150, .T. ) ;
#4150 = EDGE_CURVE ( 'NONE', #4148, #4264, #9813, .T. ) ;
#4151 = ORIENTED_EDGE ( 'NONE', *, *, #4265, .T. ) ;
#4152 = ORIENTED_EDGE ( 'NONE', *, *, #4271, .T. ) ;
#4153 = ORIENTED_EDGE ( 'NONE', *, *, #4533, .T. ) ;
#4154 = ADVANCED_FACE ( 'NONE', ( #9789 ), #9811, .T. ) ;
#4155 = ORIENTED_EDGE ( 'NONE', *, *, #4335, .T. ) ;
#4156 = ORIENTED_EDGE ( 'NONE', *, *, #3964, .T. ) ;
#4157 = EDGE_CURVE ( 'NONE', #4033, #4053, #9755, .T. ) ;
#4158 = ADVANCED_FACE ( 'NONE', ( #9758, #9798 ), #9770, .T. ) ;
#4159 = EDGE_LOOP ( 'NONE', ( #4016, #4013, #4015, #4229 ) ) ;
#4160 = EDGE_CURVE ( 'NONE', #6187, #3959, #9801, .T. ) ;
#4161 = ORIENTED_EDGE ( 'NONE', *, *, #4170, .T. ) ;
#4162 = ORIENTED_EDGE ( 'NONE', *, *, #4163, .F. ) ;
#4163 = EDGE_CURVE ( 'NONE', #3456, #4168, #9785, .T. ) ;
#4164 = ORIENTED_EDGE ( 'NONE', *, *, #3455, .F. ) ;
#4165 = EDGE_CURVE ( 'NONE', #3963, #3993, #9782, .T. ) ;
#4166 = ORIENTED_EDGE ( 'NONE', *, *, #4167, .F. ) ;
#4167 = EDGE_CURVE ( 'NONE', #4168, #3993, #9836, .T. ) ;
#4168 = VERTEX_POINT ( 'NONE', #9837 ) ;
#4169 = ORIENTED_EDGE ( 'NONE', *, *, #4170, .F. ) ;
#4170 = EDGE_CURVE ( 'NONE', #3959, #4168, #9830, .T. ) ;
#4171 = ADVANCED_FACE ( 'NONE', ( #9831 ), #9848, .F. ) ;
#4172 = EDGE_LOOP ( 'NONE', ( #4173, #3948, #4022, #4025, #4109 ) ) ;
#4173 = ORIENTED_EDGE ( 'NONE', *, *, #4174, .T. ) ;
#4174 = EDGE_CURVE ( 'NONE', #3946, #3947, #9864, .T. ) ;
#4175 = EDGE_LOOP ( 'NONE', ( #4176, #4177, #4037, #4038 ) ) ;
#4176 = ORIENTED_EDGE ( 'NONE', *, *, #6084, .F. ) ;
#4177 = ORIENTED_EDGE ( 'NONE', *, *, #4216, .F. ) ;
#4178 = ADVANCED_FACE ( 'NONE', ( #9865 ), #9860, .T. ) ;
#4179 = EDGE_LOOP ( 'NONE', ( #4198, #4223, #4225, #4072, #4203, #4204, #4218, #4219 ) ) ;
#4180 = ORIENTED_EDGE ( 'NONE', *, *, #4181, .T. ) ;
#4181 = EDGE_CURVE ( 'NONE', #6264, #4108, #9890, .T. ) ;
#4182 = ORIENTED_EDGE ( 'NONE', *, *, #4066, .F. ) ;
#4183 = ORIENTED_EDGE ( 'NONE', *, *, #6292, .F. ) ;
#4184 = ORIENTED_EDGE ( 'NONE', *, *, #3982, .T. ) ;
#4185 = ADVANCED_FACE ( 'NONE', ( #9886 ), #9904, .T. ) ;
#4186 = EDGE_LOOP ( 'NONE', ( #4187, #4189, #4190, #4191 ) ) ;
#4187 = ORIENTED_EDGE ( 'NONE', *, *, #4188, .F. ) ;
#4188 = EDGE_CURVE ( 'NONE', #3947, #3963, #5, .T. ) ;
#4189 = ORIENTED_EDGE ( 'NONE', *, *, #4174, .F. ) ;
#4190 = ORIENTED_EDGE ( 'NONE', *, *, #4224, .F. ) ;
#4191 = ORIENTED_EDGE ( 'NONE', *, *, #4165, .F. ) ;
#4192 = ADVANCED_FACE ( 'NONE', ( #35 ), #11316, .T. ) ;
#4193 = EDGE_LOOP ( 'NONE', ( #3988, #3989, #3990, #3991 ) ) ;
#4194 = ADVANCED_FACE ( 'NONE', ( #11640 ), #11638, .T. ) ;
#4195 = EDGE_LOOP ( 'NONE', ( #4196, #4226, #4228, #4040, #4041, #4200, #4201, #4202 ) ) ;
#4196 = ORIENTED_EDGE ( 'NONE', *, *, #4023, .T. ) ;
#4197 = ORIENTED_EDGE ( 'NONE', *, *, #4026, .T. ) ;
#4198 = ORIENTED_EDGE ( 'NONE', *, *, #4167, .T. ) ;
#4199 = ORIENTED_EDGE ( 'NONE', *, *, #6263, .F. ) ;
#4200 = ORIENTED_EDGE ( 'NONE', *, *, #3775, .F. ) ;
#4201 = ORIENTED_EDGE ( 'NONE', *, *, #3811, .F. ) ;
#4202 = ORIENTED_EDGE ( 'NONE', *, *, #4205, .T. ) ;
#4203 = ORIENTED_EDGE ( 'NONE', *, *, #6305, .T. ) ;
#4204 = ORIENTED_EDGE ( 'NONE', *, *, #3326, .F. ) ;
#4205 = EDGE_CURVE ( 'NONE', #3680, #4024, #11661, .T. ) ;
#4206 = ORIENTED_EDGE ( 'NONE', *, *, #3809, .F. ) ;
#4207 = ORIENTED_EDGE ( 'NONE', *, *, #6195, .T. ) ;
#4208 = ADVANCED_FACE ( 'NONE', ( #11680 ), #11809, .T. ) ;
#4209 = ADVANCED_FACE ( 'NONE', ( #11867 ), #11951, .T. ) ;
#4210 = EDGE_LOOP ( 'NONE', ( #4211, #4212 ) ) ;
#4211 = ORIENTED_EDGE ( 'NONE', *, *, #3691, .T. ) ;
#4212 = ORIENTED_EDGE ( 'NONE', *, *, #3710, .T. ) ;
#4213 = ADVANCED_FACE ( 'NONE', ( #11942 ), #12109, .T. ) ;
#4214 = EDGE_LOOP ( 'NONE', ( #4215, #4207 ) ) ;
#4215 = ORIENTED_EDGE ( 'NONE', *, *, #4216, .T. ) ;
#4216 = EDGE_CURVE ( 'NONE', #6279, #6196, #12130, .T. ) ;
#4217 = EDGE_LOOP ( 'NONE', ( #4199, #4180, #4197, #4043, #4206 ) ) ;
#4218 = ORIENTED_EDGE ( 'NONE', *, *, #3458, .F. ) ;
#4219 = ORIENTED_EDGE ( 'NONE', *, *, #4163, .T. ) ;
#4220 = ADVANCED_FACE ( 'NONE', ( #12132 ), #12251, .T. ) ;
#4221 = EDGE_LOOP ( 'NONE', ( #4222, #4073, #4074, #3981, #3983, #3984 ) ) ;
#4222 = ORIENTED_EDGE ( 'NONE', *, *, #4001, .F. ) ;
#4223 = ORIENTED_EDGE ( 'NONE', *, *, #4224, .T. ) ;
#4224 = EDGE_CURVE ( 'NONE', #3993, #3946, #12246, .T. ) ;
#4225 = ORIENTED_EDGE ( 'NONE', *, *, #4110, .F. ) ;
#4226 = ORIENTED_EDGE ( 'NONE', *, *, #4227, .T. ) ;
#4227 = EDGE_CURVE ( 'NONE', #3950, #3960, #12298, .T. ) ;
#4228 = ORIENTED_EDGE ( 'NONE', *, *, #3958, .F. ) ;
#4229 = ORIENTED_EDGE ( 'NONE', *, *, #4230, .T. ) ;
#4230 = EDGE_CURVE ( 'NONE', #4053, #4019, #12293, .T. ) ;
#4231 = EDGE_LOOP ( 'NONE', ( #4275, #4277, #4232, #4421 ) ) ;
#4232 = ORIENTED_EDGE ( 'NONE', *, *, #4497, .F. ) ;
#4233 = ADVANCED_FACE ( 'NONE', ( #12284 ), #12367, .T. ) ;
#4234 = ORIENTED_EDGE ( 'NONE', *, *, #4235, .T. ) ;
#4235 = EDGE_CURVE ( 'NONE', #4532, #4448, #12350, .T. ) ;
#4236 = ORIENTED_EDGE ( 'NONE', *, *, #4237, .F. ) ;
#4237 = EDGE_CURVE ( 'NONE', #4318, #4257, #161, .T. ) ;
#4238 = EDGE_CURVE ( 'NONE', #4239, #4240, #120, .T. ) ;
#4239 = VERTEX_POINT ( 'NONE', #119 ) ;
#4240 = VERTEX_POINT ( 'NONE', #174 ) ;
#4241 = EDGE_CURVE ( 'NONE', #4321, #4521, #118, .T. ) ;
#4242 = ADVANCED_FACE ( 'NONE', ( #156 ), #247, .T. ) ;
#4243 = ORIENTED_EDGE ( 'NONE', *, *, #4520, .T. ) ;
#4244 = ORIENTED_EDGE ( 'NONE', *, *, #4245, .T. ) ;
#4245 = EDGE_CURVE ( 'NONE', #4391, #4246, #221, .T. ) ;
#4246 = VERTEX_POINT ( 'NONE', #197 ) ;
#4247 = ORIENTED_EDGE ( 'NONE', *, *, #4248, .F. ) ;
#4248 = EDGE_CURVE ( 'NONE', #4249, #4246, #225, .T. ) ;
#4249 = VERTEX_POINT ( 'NONE', #249 ) ;
#4250 = EDGE_LOOP ( 'NONE', ( #4515, #4252, #4255, #4311 ) ) ;
#4251 = ORIENTED_EDGE ( 'NONE', *, *, #4294, .F. ) ;
#4252 = ORIENTED_EDGE ( 'NONE', *, *, #4253, .T. ) ;
#4253 = EDGE_CURVE ( 'NONE', #4518, #4254, #248, .T. ) ;
#4254 = VERTEX_POINT ( 'NONE', #1721 ) ;
#4255 = ORIENTED_EDGE ( 'NONE', *, *, #4256, .F. ) ;
#4256 = EDGE_CURVE ( 'NONE', #4257, #4254, #1715, .T. ) ;
#4257 = VERTEX_POINT ( 'NONE', #1797 ) ;
#4258 = ADVANCED_FACE ( 'NONE', ( #1824 ), #1794, .T. ) ;
#4259 = ORIENTED_EDGE ( 'NONE', *, *, #4260, .T. ) ;
#4260 = EDGE_CURVE ( 'NONE', #4261, #4532, #1732, .T. ) ;
#4261 = VERTEX_POINT ( 'NONE', #1807 ) ;
#4262 = ORIENTED_EDGE ( 'NONE', *, *, #4449, .T. ) ;
#4263 = ORIENTED_EDGE ( 'NONE', *, *, #4265, .F. ) ;
#4264 = VERTEX_POINT ( 'NONE', #1801 ) ;
#4265 = EDGE_CURVE ( 'NONE', #4264, #4606, #1782, .T. ) ;
#4266 = ORIENTED_EDGE ( 'NONE', *, *, #4582, .F. ) ;
#4267 = EDGE_LOOP ( 'NONE', ( #4576, #4577, #4616, #4568 ) ) ;
#4268 = EDGE_CURVE ( 'NONE', #4448, #4269, #1764, .T. ) ;
#4269 = VERTEX_POINT ( 'NONE', #1759 ) ;
#4270 = ORIENTED_EDGE ( 'NONE', *, *, #4271, .F. ) ;
#4271 = EDGE_CURVE ( 'NONE', #4606, #4269, #1730, .T. ) ;
#4272 = ORIENTED_EDGE ( 'NONE', *, *, #4358, .T. ) ;
#4273 = ORIENTED_EDGE ( 'NONE', *, *, #4355, .T. ) ;
#4274 = ORIENTED_EDGE ( 'NONE', *, *, #4418, .F. ) ;
#4275 = ORIENTED_EDGE ( 'NONE', *, *, #4289, .T. ) ;
#4276 = EDGE_CURVE ( 'NONE', #4416, #4287, #1724, .T. ) ;
#4277 = ORIENTED_EDGE ( 'NONE', *, *, #4276, .F. ) ;
#4278 = ORIENTED_EDGE ( 'NONE', *, *, #4279, .T. ) ;
#4279 = EDGE_CURVE ( 'NONE', #4513, #4506, #1825, .T. ) ;
#4280 = EDGE_LOOP ( 'NONE', ( #4281, #4285, #4288, #4375 ) ) ;
#4281 = ORIENTED_EDGE ( 'NONE', *, *, #4282, .F. ) ;
#4282 = EDGE_CURVE ( 'NONE', #4283, #4284, #1711, .T. ) ;
#4283 = VERTEX_POINT ( 'NONE', #1772 ) ;
#4284 = VERTEX_POINT ( 'NONE', #1771 ) ;
#4285 = ORIENTED_EDGE ( 'NONE', *, *, #4286, .F. ) ;
#4286 = EDGE_CURVE ( 'NONE', #4287, #4283, #1770, .T. ) ;
#4287 = VERTEX_POINT ( 'NONE', #274 ) ;
#4288 = ORIENTED_EDGE ( 'NONE', *, *, #4289, .F. ) ;
#4289 = EDGE_CURVE ( 'NONE', #4290, #4287, #269, .T. ) ;
#4290 = VERTEX_POINT ( 'NONE', #1059 ) ;
#4291 = EDGE_LOOP ( 'NONE', ( #4413, #4414 ) ) ;
#4292 = EDGE_LOOP ( 'NONE', ( #4293, #4297, #4300, #4303 ) ) ;
#4293 = ORIENTED_EDGE ( 'NONE', *, *, #4294, .T. ) ;
#4294 = EDGE_CURVE ( 'NONE', #4295, #4296, #1057, .T. ) ;
#4295 = VERTEX_POINT ( 'NONE', #1228 ) ;
#4296 = VERTEX_POINT ( 'NONE', #1229 ) ;
#4297 = ORIENTED_EDGE ( 'NONE', *, *, #4298, .T. ) ;
#4298 = EDGE_CURVE ( 'NONE', #4296, #4299, #1217, .T. ) ;
#4299 = VERTEX_POINT ( 'NONE', #1135 ) ;
#4300 = ORIENTED_EDGE ( 'NONE', *, *, #4301, .T. ) ;
#4301 = EDGE_CURVE ( 'NONE', #4299, #4302, #1142, .T. ) ;
#4302 = VERTEX_POINT ( 'NONE', #1246 ) ;
#4303 = ORIENTED_EDGE ( 'NONE', *, *, #4304, .T. ) ;
#4304 = EDGE_CURVE ( 'NONE', #4302, #4295, #1264, .T. ) ;
#4305 = ADVANCED_FACE ( 'NONE', ( #1175 ), #1143, .F. ) ;
#4306 = MANIFOLD_SOLID_BREP ( 'NONE', #4395 ) ;
#4307 = ADVANCED_FACE ( 'NONE', ( #1364 ), #1345, .F. ) ;
#4308 = EDGE_LOOP ( 'NONE', ( #4309, #4348, #4351, #4354 ) ) ;
#4309 = ORIENTED_EDGE ( 'NONE', *, *, #4310, .T. ) ;
#4310 = EDGE_CURVE ( 'NONE', #4346, #4347, #1355, .T. ) ;
#4311 = ORIENTED_EDGE ( 'NONE', *, *, #4312, .F. ) ;
#4312 = EDGE_CURVE ( 'NONE', #4517, #4257, #1357, .T. ) ;
#4313 = ADVANCED_FACE ( 'NONE', ( #1287 ), #1438, .F. ) ;
#4314 = EDGE_LOOP ( 'NONE', ( #4315, #4536, #4544, #4236 ) ) ;
#4315 = ORIENTED_EDGE ( 'NONE', *, *, #4316, .F. ) ;
#4316 = EDGE_CURVE ( 'NONE', #4317, #4318, #1444, .T. ) ;
#4317 = VERTEX_POINT ( 'NONE', #1563 ) ;
#4318 = VERTEX_POINT ( 'NONE', #1561 ) ;
#4319 = ORIENTED_EDGE ( 'NONE', *, *, #4320, .F. ) ;
#4320 = EDGE_CURVE ( 'NONE', #4321, #4530, #1058, .T. ) ;
#4321 = VERTEX_POINT ( 'NONE', #1653 ) ;
#4322 = EDGE_LOOP ( 'NONE', ( #4388, #4389, #4519, #4522 ) ) ;
#4323 = ORIENTED_EDGE ( 'NONE', *, *, #4408, .F. ) ;
#4324 = ORIENTED_EDGE ( 'NONE', *, *, #4327, .T. ) ;
#4325 = VERTEX_POINT ( 'NONE', #1696 ) ;
#4326 = EDGE_CURVE ( 'NONE', #4398, #4397, #1627, .T. ) ;
#4327 = EDGE_CURVE ( 'NONE', #4339, #4325, #1631, .T. ) ;
#4328 = ORIENTED_EDGE ( 'NONE', *, *, #4401, .F. ) ;
#4329 = ORIENTED_EDGE ( 'NONE', *, *, #4330, .T. ) ;
#4330 = EDGE_CURVE ( 'NONE', #4406, #4331, #1896, .T. ) ;
#4331 = VERTEX_POINT ( 'NONE', #1852 ) ;
#4332 = ORIENTED_EDGE ( 'NONE', *, *, #4365, .T. ) ;
#4333 = ADVANCED_FACE ( 'NONE', ( #1872 ), #1923, .F. ) ;
#4334 = ORIENTED_EDGE ( 'NONE', *, *, #4335, .F. ) ;
#4335 = EDGE_CURVE ( 'NONE', #4240, #4331, #1927, .T. ) ;
#4336 = EDGE_LOOP ( 'NONE', ( #4525, #4528, #4319, #4392 ) ) ;
#4337 = ORIENTED_EDGE ( 'NONE', *, *, #4338, .T. ) ;
#4338 = EDGE_CURVE ( 'NONE', #4398, #4339, #1912, .T. ) ;
#4339 = VERTEX_POINT ( 'NONE', #1903 ) ;
#4340 = EDGE_LOOP ( 'NONE', ( #4341, #4403, #4399, #4329, #4334 ) ) ;
#4341 = ORIENTED_EDGE ( 'NONE', *, *, #4238, .F. ) ;
#4342 = ORIENTED_EDGE ( 'NONE', *, *, #4458, .T. ) ;
#4343 = ORIENTED_EDGE ( 'NONE', *, *, #4344, .F. ) ;
#4344 = EDGE_CURVE ( 'NONE', #4521, #4249, #1899, .T. ) ;
#4345 = ADVANCED_FACE ( 'NONE', ( #1952 ), #1947, .F. ) ;
#4346 = VERTEX_POINT ( 'NONE', #2051 ) ;
#4347 = VERTEX_POINT ( 'NONE', #2001 ) ;
#4348 = ORIENTED_EDGE ( 'NONE', *, *, #4349, .T. ) ;
#4349 = EDGE_CURVE ( 'NONE', #4347, #4350, #2052, .T. ) ;
#4350 = VERTEX_POINT ( 'NONE', #2004 ) ;
#4351 = ORIENTED_EDGE ( 'NONE', *, *, #4352, .F. ) ;
#4352 = EDGE_CURVE ( 'NONE', #4353, #4350, #2010, .T. ) ;
#4353 = VERTEX_POINT ( 'NONE', #2044 ) ;
#4354 = ORIENTED_EDGE ( 'NONE', *, *, #4355, .F. ) ;
#4355 = EDGE_CURVE ( 'NONE', #4346, #4353, #2013, .T. ) ;
#4356 = ADVANCED_FACE ( 'NONE', ( #2042, #2041, #2021, #2020 ), #2006, .F. ) ;
#4357 = ORIENTED_EDGE ( 'NONE', *, *, #4358, .F. ) ;
#4358 = EDGE_CURVE ( 'NONE', #4347, #4346, #2034, .T. ) ;
#4359 = EDGE_LOOP ( 'NONE', ( #4360, #4364, #4498, #4500 ) ) ;
#4360 = ORIENTED_EDGE ( 'NONE', *, *, #4361, .F. ) ;
#4361 = EDGE_CURVE ( 'NONE', #4362, #4363, #2035, .T. ) ;
#4362 = VERTEX_POINT ( 'NONE', #2027 ) ;
#4363 = VERTEX_POINT ( 'NONE', #2026 ) ;
#4364 = ORIENTED_EDGE ( 'NONE', *, *, #4365, .F. ) ;
#4365 = EDGE_CURVE ( 'NONE', #4378, #4362, #2025, .T. ) ;
#4366 = EDGE_LOOP ( 'NONE', ( #4367, #4371, #4374, #4486 ) ) ;
#4367 = ORIENTED_EDGE ( 'NONE', *, *, #4368, .F. ) ;
#4368 = EDGE_CURVE ( 'NONE', #4369, #4370, #2077, .T. ) ;
#4369 = VERTEX_POINT ( 'NONE', #2068 ) ;
#4370 = VERTEX_POINT ( 'NONE', #2111 ) ;
#4371 = ORIENTED_EDGE ( 'NONE', *, *, #4372, .F. ) ;
#4372 = EDGE_CURVE ( 'NONE', #4373, #4369, #2072, .T. ) ;
#4373 = VERTEX_POINT ( 'NONE', #2078 ) ;
#4374 = ORIENTED_EDGE ( 'NONE', *, *, #4484, .F. ) ;
#4375 = ORIENTED_EDGE ( 'NONE', *, *, #4412, .F. ) ;
#4376 = ORIENTED_EDGE ( 'NONE', *, *, #4077, .F. ) ;
#4377 = ORIENTED_EDGE ( 'NONE', *, *, #4423, .F. ) ;
#4378 = VERTEX_POINT ( 'NONE', #2056 ) ;
#4379 = VERTEX_POINT ( 'NONE', #2060 ) ;
#4380 = ORIENTED_EDGE ( 'NONE', *, *, #4415, .F. ) ;
#4381 = EDGE_LOOP ( 'NONE', ( #4454, #4382, #4481, #4427 ) ) ;
#4382 = ORIENTED_EDGE ( 'NONE', *, *, #4383, .F. ) ;
#4383 = EDGE_CURVE ( 'NONE', #4369, #4507, #2092, .T. ) ;
#4384 = EDGE_LOOP ( 'NONE', ( #4424, #4376, #4274, #4455 ) ) ;
#4385 = MANIFOLD_SOLID_BREP ( 'NONE', #4694 ) ;
#4386 = ORIENTED_EDGE ( 'NONE', *, *, #4326, .F. ) ;
#4387 = EDGE_LOOP ( 'NONE', ( #4251, #4323, #4332, #4342 ) ) ;
#4388 = ORIENTED_EDGE ( 'NONE', *, *, #4320, .T. ) ;
#4389 = ORIENTED_EDGE ( 'NONE', *, *, #4390, .T. ) ;
#4390 = EDGE_CURVE ( 'NONE', #4530, #4391, #2075, .T. ) ;
#4391 = VERTEX_POINT ( 'NONE', #2083 ) ;
#4392 = ORIENTED_EDGE ( 'NONE', *, *, #4393, .F. ) ;
#4393 = EDGE_CURVE ( 'NONE', #4240, #4321, #2058, .T. ) ;
#4394 = ADVANCED_FACE ( 'NONE', ( #2059 ), #2123, .T. ) ;
#4395 = CLOSED_SHELL ( 'NONE', ( #4307, #4356, #4502, #4305, #4078, #4075, #4345, #4451, #4453, #4480, #4466, #4431, #4436, #4462, #4469, #4527 ) ) ;
#4396 = ORIENTED_EDGE ( 'NONE', *, *, #4408, .T. ) ;
#4397 = VERTEX_POINT ( 'NONE', #2128 ) ;
#4398 = VERTEX_POINT ( 'NONE', #2127 ) ;
#4399 = ORIENTED_EDGE ( 'NONE', *, *, #4400, .T. ) ;
#4400 = EDGE_CURVE ( 'NONE', #4405, #4406, #2119, .T. ) ;
#4401 = EDGE_CURVE ( 'NONE', #4397, #4325, #2120, .T. ) ;
#4402 = ADVANCED_FACE ( 'NONE', ( #2129 ), #2141, .F. ) ;
#4403 = ORIENTED_EDGE ( 'NONE', *, *, #4404, .T. ) ;
#4404 = EDGE_CURVE ( 'NONE', #4239, #4405, #2137, .T. ) ;
#4405 = VERTEX_POINT ( 'NONE', #2157 ) ;
#4406 = VERTEX_POINT ( 'NONE', #2197 ) ;
#4407 = EDGE_LOOP ( 'NONE', ( #4386, #4337, #4324, #4328 ) ) ;
#4408 = EDGE_CURVE ( 'NONE', #4378, #4295, #2179, .T. ) ;
#4409 = ORIENTED_EDGE ( 'NONE', *, *, #4461, .F. ) ;
#4410 = ORIENTED_EDGE ( 'NONE', *, *, #4501, .T. ) ;
#4411 = ORIENTED_EDGE ( 'NONE', *, *, #4494, .F. ) ;
#4412 = EDGE_CURVE ( 'NONE', #4284, #4290, #2161, .T. ) ;
#4413 = ORIENTED_EDGE ( 'NONE', *, *, #4352, .T. ) ;
#4414 = ORIENTED_EDGE ( 'NONE', *, *, #4415, .T. ) ;
#4415 = EDGE_CURVE ( 'NONE', #4350, #4353, #2158, .T. ) ;
#4416 = VERTEX_POINT ( 'NONE', #2178 ) ;
#4417 = ORIENTED_EDGE ( 'NONE', *, *, #4418, .T. ) ;
#4418 = EDGE_CURVE ( 'NONE', #4416, #4491, #2184, .T. ) ;
#4419 = EDGE_LOOP ( 'NONE', ( #4420, #4357 ) ) ;
#4420 = ORIENTED_EDGE ( 'NONE', *, *, #4310, .F. ) ;
#4421 = ORIENTED_EDGE ( 'NONE', *, *, #4423, .T. ) ;
#4422 = ORIENTED_EDGE ( 'NONE', *, *, #4080, .T. ) ;
#4423 = EDGE_CURVE ( 'NONE', #4495, #4290, #2156, .T. ) ;
#4424 = ORIENTED_EDGE ( 'NONE', *, *, #4286, .T. ) ;
#4425 = ORIENTED_EDGE ( 'NONE', *, *, #4426, .T. ) ;
#4426 = EDGE_CURVE ( 'NONE', #4379, #4302, #2164, .T. ) ;
#4427 = ORIENTED_EDGE ( 'NONE', *, *, #4474, .T. ) ;
#4428 = ORIENTED_EDGE ( 'NONE', *, *, #4512, .F. ) ;
#4429 = ORIENTED_EDGE ( 'NONE', *, *, #4467, .F. ) ;
#4430 = ORIENTED_EDGE ( 'NONE', *, *, #4467, .T. ) ;
#4431 = ADVANCED_FACE ( 'NONE', ( #2195 ), #2917, .T. ) ;
#4432 = ORIENTED_EDGE ( 'NONE', *, *, #4505, .F. ) ;
#4433 = ORIENTED_EDGE ( 'NONE', *, *, #4483, .F. ) ;
#4434 = ORIENTED_EDGE ( 'NONE', *, *, #4372, .T. ) ;
#4435 = ORIENTED_EDGE ( 'NONE', *, *, #4383, .T. ) ;
#4436 = ADVANCED_FACE ( 'NONE', ( #2932 ), #2941, .T. ) ;
#4437 = EDGE_LOOP ( 'NONE', ( #4456, #4457, #4459, #4460 ) ) ;
#4438 = ORIENTED_EDGE ( 'NONE', *, *, #4412, .T. ) ;
#4439 = EDGE_CURVE ( 'NONE', #4317, #4254, #2888, .T. ) ;
#4440 = EDGE_CURVE ( 'NONE', #4391, #4521, #2212, .T. ) ;
#4441 = ORIENTED_EDGE ( 'NONE', *, *, #4344, .T. ) ;
#4442 = ORIENTED_EDGE ( 'NONE', *, *, #4542, .F. ) ;
#4443 = ADVANCED_FACE ( 'NONE', ( #2223 ), #2236, .T. ) ;
#4444 = EDGE_LOOP ( 'NONE', ( #4445, #4446, #4124, #4131 ) ) ;
#4445 = ORIENTED_EDGE ( 'NONE', *, *, #4390, .F. ) ;
#4446 = ORIENTED_EDGE ( 'NONE', *, *, #4447, .T. ) ;
#4447 = EDGE_CURVE ( 'NONE', #4530, #4321, #2229, .T. ) ;
#4448 = VERTEX_POINT ( 'NONE', #2254 ) ;
#4449 = EDGE_CURVE ( 'NONE', #4532, #4606, #2253, .T. ) ;
#4450 = EDGE_LOOP ( 'NONE', ( #4452, #4272, #4273, #4380 ) ) ;
#4451 = ADVANCED_FACE ( 'NONE', ( #2257 ), #2261, .F. ) ;
#4452 = ORIENTED_EDGE ( 'NONE', *, *, #4349, .F. ) ;
#4453 = ADVANCED_FACE ( 'NONE', ( #2272 ), #2339, .T. ) ;
#4454 = ORIENTED_EDGE ( 'NONE', *, *, #4509, .F. ) ;
#4455 = ORIENTED_EDGE ( 'NONE', *, *, #4276, .T. ) ;
#4456 = ORIENTED_EDGE ( 'NONE', *, *, #4298, .F. ) ;
#4457 = ORIENTED_EDGE ( 'NONE', *, *, #4458, .F. ) ;
#4458 = EDGE_CURVE ( 'NONE', #4362, #4296, #2280, .T. ) ;
#4459 = ORIENTED_EDGE ( 'NONE', *, *, #4361, .T. ) ;
#4460 = ORIENTED_EDGE ( 'NONE', *, *, #4461, .T. ) ;
#4461 = EDGE_CURVE ( 'NONE', #4363, #4299, #2299, .T. ) ;
#4462 = ADVANCED_FACE ( 'NONE', ( #2325 ), #2334, .T. ) ;
#4463 = EDGE_LOOP ( 'NONE', ( #4464, #4409, #4410, #4425 ) ) ;
#4464 = ORIENTED_EDGE ( 'NONE', *, *, #4301, .F. ) ;
#4465 = ORIENTED_EDGE ( 'NONE', *, *, #4487, .T. ) ;
#4466 = ADVANCED_FACE ( 'NONE', ( #2316 ), #2315, .T. ) ;
#4467 = EDGE_CURVE ( 'NONE', #4485, #4513, #2314, .T. ) ;
#4468 = EDGE_LOOP ( 'NONE', ( #4479, #4429, #4475, #4482 ) ) ;
#4469 = ADVANCED_FACE ( 'NONE', ( #2291 ), #2352, .T. ) ;
#4470 = EDGE_LOOP ( 'NONE', ( #4471, #4472, #4473, #4396 ) ) ;
#4471 = ORIENTED_EDGE ( 'NONE', *, *, #4304, .F. ) ;
#4472 = ORIENTED_EDGE ( 'NONE', *, *, #4426, .F. ) ;
#4473 = ORIENTED_EDGE ( 'NONE', *, *, #4499, .T. ) ;
#4474 = EDGE_CURVE ( 'NONE', #4370, #4510, #2349, .T. ) ;
#4475 = ORIENTED_EDGE ( 'NONE', *, *, #4484, .T. ) ;
#4476 = EDGE_LOOP ( 'NONE', ( #4432, #4433, #4434, #4435 ) ) ;
#4477 = ORIENTED_EDGE ( 'NONE', *, *, #4474, .F. ) ;
#4478 = EDGE_LOOP ( 'NONE', ( #4428, #4477, #4465, #4430 ) ) ;
#4479 = ORIENTED_EDGE ( 'NONE', *, *, #4279, .F. ) ;
#4480 = ADVANCED_FACE ( 'NONE', ( #2374 ), #2390, .T. ) ;
#4481 = ORIENTED_EDGE ( 'NONE', *, *, #4368, .T. ) ;
#4482 = ORIENTED_EDGE ( 'NONE', *, *, #4483, .T. ) ;
#4483 = EDGE_CURVE ( 'NONE', #4373, #4506, #2408, .T. ) ;
#4484 = EDGE_CURVE ( 'NONE', #4485, #4373, #2397, .T. ) ;
#4485 = VERTEX_POINT ( 'NONE', #2398 ) ;
#4486 = ORIENTED_EDGE ( 'NONE', *, *, #4487, .F. ) ;
#4487 = EDGE_CURVE ( 'NONE', #4370, #4485, #2402, .T. ) ;
#4488 = EDGE_LOOP ( 'NONE', ( #4489, #4493, #4496, #4417 ) ) ;
#4489 = ORIENTED_EDGE ( 'NONE', *, *, #4490, .T. ) ;
#4490 = EDGE_CURVE ( 'NONE', #4491, #4492, #2380, .T. ) ;
#4491 = VERTEX_POINT ( 'NONE', #2389 ) ;
#4492 = VERTEX_POINT ( 'NONE', #2388 ) ;
#4493 = ORIENTED_EDGE ( 'NONE', *, *, #4494, .T. ) ;
#4494 = EDGE_CURVE ( 'NONE', #4492, #4495, #2401, .T. ) ;
#4495 = VERTEX_POINT ( 'NONE', #2386 ) ;
#4496 = ORIENTED_EDGE ( 'NONE', *, *, #4497, .T. ) ;
#4497 = EDGE_CURVE ( 'NONE', #4495, #4416, #2385, .T. ) ;
#4498 = ORIENTED_EDGE ( 'NONE', *, *, #4499, .F. ) ;
#4499 = EDGE_CURVE ( 'NONE', #4379, #4378, #2451, .T. ) ;
#4500 = ORIENTED_EDGE ( 'NONE', *, *, #4501, .F. ) ;
#4501 = EDGE_CURVE ( 'NONE', #4363, #4379, #2450, .T. ) ;
#4502 = ADVANCED_FACE ( 'NONE', ( #2427, #2428, #2419, #2422 ), #2420, .T. ) ;
#4503 = EDGE_LOOP ( 'NONE', ( #4504, #4508, #4511, #4278 ) ) ;
#4504 = ORIENTED_EDGE ( 'NONE', *, *, #4505, .T. ) ;
#4505 = EDGE_CURVE ( 'NONE', #4506, #4507, #2441, .T. ) ;
#4506 = VERTEX_POINT ( 'NONE', #2437 ) ;
#4507 = VERTEX_POINT ( 'NONE', #2436 ) ;
#4508 = ORIENTED_EDGE ( 'NONE', *, *, #4509, .T. ) ;
#4509 = EDGE_CURVE ( 'NONE', #4507, #4510, #2435, .T. ) ;
#4510 = VERTEX_POINT ( 'NONE', #2479 ) ;
#4511 = ORIENTED_EDGE ( 'NONE', *, *, #4512, .T. ) ;
#4512 = EDGE_CURVE ( 'NONE', #4510, #4513, #2475, .T. ) ;
#4513 = VERTEX_POINT ( 'NONE', #2498 ) ;
#4514 = ADVANCED_FACE ( 'NONE', ( #2459 ), #2500, .T. ) ;
#4515 = ORIENTED_EDGE ( 'NONE', *, *, #4516, .T. ) ;
#4516 = EDGE_CURVE ( 'NONE', #4517, #4518, #2508, .T. ) ;
#4517 = VERTEX_POINT ( 'NONE', #2477 ) ;
#4518 = VERTEX_POINT ( 'NONE', #2476 ) ;
#4519 = ORIENTED_EDGE ( 'NONE', *, *, #4520, .F. ) ;
#4520 = EDGE_CURVE ( 'NONE', #4521, #4391, #2474, .T. ) ;
#4521 = VERTEX_POINT ( 'NONE', #2486 ) ;
#4522 = ORIENTED_EDGE ( 'NONE', *, *, #4241, .F. ) ;
#4523 = EDGE_LOOP ( 'NONE', ( #4243, #4244, #4247, #4343 ) ) ;
#4524 = ADVANCED_FACE ( 'NONE', ( #2497 ), #2527, .T. ) ;
#4525 = ORIENTED_EDGE ( 'NONE', *, *, #4526, .T. ) ;
#4526 = EDGE_CURVE ( 'NONE', #4240, #4239, #2528, .T. ) ;
#4527 = ADVANCED_FACE ( 'NONE', ( #2537 ), #2540, .T. ) ;
#4528 = ORIENTED_EDGE ( 'NONE', *, *, #4529, .T. ) ;
#4529 = EDGE_CURVE ( 'NONE', #4239, #4530, #2547, .T. ) ;
#4530 = VERTEX_POINT ( 'NONE', #2589 ) ;
#4531 = EDGE_CURVE ( 'NONE', #4254, #4257, #2588, .T. ) ;
#4532 = VERTEX_POINT ( 'NONE', #2552 ) ;
#4533 = EDGE_CURVE ( 'NONE', #4269, #4567, #2569, .T. ) ;
#4534 = ADVANCED_FACE ( 'NONE', ( #2553, #2580 ), #2570, .F. ) ;
#4535 = ADVANCED_FACE ( 'NONE', ( #2555 ), #2601, .F. ) ;
#4536 = ORIENTED_EDGE ( 'NONE', *, *, #4439, .T. ) ;
#4537 = ORIENTED_EDGE ( 'NONE', *, *, #4516, .F. ) ;
#4538 = ORIENTED_EDGE ( 'NONE', *, *, #4623, .F. ) ;
#4539 = EDGE_LOOP ( 'NONE', ( #4540, #4541 ) ) ;
#4540 = ORIENTED_EDGE ( 'NONE', *, *, #4248, .T. ) ;
#4541 = ORIENTED_EDGE ( 'NONE', *, *, #4542, .T. ) ;
#4542 = EDGE_CURVE ( 'NONE', #4246, #4249, #2630, .T. ) ;
#4543 = EDGE_LOOP ( 'NONE', ( #4234, #4550, #4270, #4559 ) ) ;
#4544 = ORIENTED_EDGE ( 'NONE', *, *, #4531, .T. ) ;
#4545 = ADVANCED_FACE ( 'NONE', ( #2625 ), #2671, .T. ) ;
#4546 = EDGE_LOOP ( 'NONE', ( #4547, #4548, #4441, #4442 ) ) ;
#4547 = ORIENTED_EDGE ( 'NONE', *, *, #4245, .F. ) ;
#4548 = ORIENTED_EDGE ( 'NONE', *, *, #4440, .T. ) ;
#4550 = ORIENTED_EDGE ( 'NONE', *, *, #4268, .T. ) ;
#4549 = PRESENTATION_LAYER_ASSIGNMENT (  '', '', ( #4551 ) ) ;
#4551 = STYLED_ITEM ( 'NONE', ( #4580 ), #3713 ) ;
#4552 = ORIENTED_EDGE ( 'NONE', *, *, #4553, .T. ) ;
#4553 = EDGE_CURVE ( 'NONE', #4318, #4317, #2664, .T. ) ;
#4554 = EDGE_CURVE ( 'NONE', #4615, #4574, #2665, .T. ) ;
#4555 = ORIENTED_EDGE ( 'NONE', *, *, #4578, .F. ) ;
#4556 = ORIENTED_EDGE ( 'NONE', *, *, #4235, .F. ) ;
#4557 = ORIENTED_EDGE ( 'NONE', *, *, #4260, .F. ) ;
#4558 = EDGE_LOOP ( 'NONE', ( #4552, #4561 ) ) ;
#4559 = ORIENTED_EDGE ( 'NONE', *, *, #4449, .F. ) ;
#4560 = EDGE_LOOP ( 'NONE', ( #4259, #4262, #4263, #4266 ) ) ;
#4561 = ORIENTED_EDGE ( 'NONE', *, *, #4316, .T. ) ;
#4562 = ADVANCED_FACE ( 'NONE', ( #2688 ), #2759, .F. ) ;
#4563 = EDGE_LOOP ( 'NONE', ( #4564, #4565, #4566, #4618 ) ) ;
#4564 = ORIENTED_EDGE ( 'NONE', *, *, #4439, .F. ) ;
#4565 = ORIENTED_EDGE ( 'NONE', *, *, #4553, .F. ) ;
#4566 = ORIENTED_EDGE ( 'NONE', *, *, #4237, .T. ) ;
#4567 = VERTEX_POINT ( 'NONE', #2796 ) ;
#4568 = ORIENTED_EDGE ( 'NONE', *, *, #4533, .F. ) ;
#4569 = DIRECTION ( 'NONE',  ( 1.000000000000000000, 0.0000000000000000000, 0.0000000000000000000 ) ) ;
#4570 = EDGE_CURVE ( 'NONE', #4571, #4261, #2792, .T. ) ;
#4571 = VERTEX_POINT ( 'NONE', #2787 ) ;
#4572 = ORIENTED_EDGE ( 'NONE', *, *, #4573, .T. ) ;
#4573 = EDGE_CURVE ( 'NONE', #4571, #4574, #2753, .T. ) ;
#4574 = VERTEX_POINT ( 'NONE', #2784 ) ;
#4575 = ORIENTED_EDGE ( 'NONE', *, *, #4554, .F. ) ;
#4576 = ORIENTED_EDGE ( 'NONE', *, *, #4268, .F. ) ;
#4577 = ORIENTED_EDGE ( 'NONE', *, *, #4578, .T. ) ;
#4578 = EDGE_CURVE ( 'NONE', #4448, #4615, #2757, .T. ) ;
#4579 = EDGE_LOOP ( 'NONE', ( #4537, #4538 ) ) ;
#4580 = PRESENTATION_STYLE_ASSIGNMENT (( #4581 ) ) ;
#4581 = SURFACE_STYLE_USAGE ( .BOTH. , #4655 ) ;
#4582 = EDGE_CURVE ( 'NONE', #4261, #4264, #2758, .T. ) ;
#4583 = ADVANCED_FACE ( 'NONE', ( #2760 ), #2856, .T. ) ;
#4584 = ADVANCED_FACE ( 'NONE', ( #2824, #2831 ), #2817, .F. ) ;
#4585 = VERTEX_POINT ( 'NONE', #2816 ) ;
#4586 = ORIENTED_EDGE ( 'NONE', *, *, #4587, .T. ) ;
#4587 = EDGE_CURVE ( 'NONE', #4585, #3965, #2849, .T. ) ;
#4588 = ADVANCED_FACE ( 'NONE', ( #2845 ), #2987, .F. ) ;
#4589 = EDGE_LOOP ( 'NONE', ( #4590, #4638, #4633 ) ) ;
#4590 = ORIENTED_EDGE ( 'NONE', *, *, #4636, .T. ) ;
#4591 = EDGE_CURVE ( 'NONE', #4405, #4641, #2996, .T. ) ;
#4592 = ORIENTED_EDGE ( 'NONE', *, *, #4593, .T. ) ;
#4593 = EDGE_CURVE ( 'NONE', #4641, #4406, #3011, .T. ) ;
#4594 = ADVANCED_FACE ( 'NONE', ( #3010 ), #3033, .F. ) ;
#4595 =( LENGTH_UNIT ( ) NAMED_UNIT ( * ) SI_UNIT ( .MILLI., .METRE. ) );
#4596 = MECHANICAL_DESIGN_GEOMETRIC_PRESENTATION_REPRESENTATION (  '', ( #4551 ), #4755 ) ;
#4597 = EDGE_LOOP ( 'NONE', ( #4598, #4586, #4701 ) ) ;
#4598 = ORIENTED_EDGE ( 'NONE', *, *, #4650, .T. ) ;
#4599 = ORIENTED_EDGE ( 'NONE', *, *, #4014, .F. ) ;
#4600 = ORIENTED_EDGE ( 'NONE', *, *, #4050, .F. ) ;
#4601 = EDGE_LOOP ( 'NONE', ( #4645, #4646, #4634, #4686 ) ) ;
#4602 = ORIENTED_EDGE ( 'NONE', *, *, #4147, .F. ) ;
#4603 = ORIENTED_EDGE ( 'NONE', *, *, #4312, .T. ) ;
#4604 = ORIENTED_EDGE ( 'NONE', *, *, #4531, .F. ) ;
#4605 = EDGE_LOOP ( 'NONE', ( #4624, #4572, #4575, #4555, #4556, #4557 ) ) ;
#4606 = VERTEX_POINT ( 'NONE', #3028 ) ;
#4607 = ADVANCED_FACE ( 'NONE', ( #3027 ), #3066, .F. ) ;
#4608 = EDGE_LOOP ( 'NONE', ( #4640, #4592, #4639 ) ) ;
#4609 = EDGE_LOOP ( 'NONE', ( #4727, #4705, #4711, #4600 ) ) ;
#4610 = ORIENTED_EDGE ( 'NONE', *, *, #4129, .F. ) ;
#4611 = ORIENTED_EDGE ( 'NONE', *, *, #4666, .F. ) ;
#4612 = ORIENTED_EDGE ( 'NONE', *, *, #4613, .T. ) ;
#4613 = EDGE_CURVE ( 'NONE', #4585, #3976, #3096, .T. ) ;
#4614 = DIRECTION ( 'NONE',  ( 0.0000000000000000000, -1.000000000000000000, 3.916066504679277800E-017 ) ) ;
#4615 = VERTEX_POINT ( 'NONE', #3090 ) ;
#4616 = ORIENTED_EDGE ( 'NONE', *, *, #4617, .T. ) ;
#4617 = EDGE_CURVE ( 'NONE', #4615, #4567, #3099, .T. ) ;
#4618 = ORIENTED_EDGE ( 'NONE', *, *, #4256, .T. ) ;
#4619 = ADVANCED_FACE ( 'NONE', ( #3037 ), #3106, .T. ) ;
#4620 = EDGE_LOOP ( 'NONE', ( #4621, #4622, #4603, #4604 ) ) ;
#4621 = ORIENTED_EDGE ( 'NONE', *, *, #4253, .F. ) ;
#4622 = ORIENTED_EDGE ( 'NONE', *, *, #4623, .T. ) ;
#4623 = EDGE_CURVE ( 'NONE', #4518, #4517, #3043, .T. ) ;
#4624 = ORIENTED_EDGE ( 'NONE', *, *, #4570, .F. ) ;
#4625 = EDGE_LOOP ( 'NONE', ( #4626, #4675, #4667, #4668, #4669 ) ) ;
#4626 = ORIENTED_EDGE ( 'NONE', *, *, #4123, .F. ) ;
#4627 = ADVANCED_FACE ( 'NONE', ( #3044 ), #3040, .T. ) ;
#4628 = AXIS2_PLACEMENT_3D ( 'NONE', #4654, #4614, #4569 ) ;
#4629 = EDGE_LOOP ( 'NONE', ( #4610, #4611, #4665, #4602 ) ) ;
#4630 = FILL_AREA_STYLE_COLOUR ( '', #4631 ) ;
#4632 = EDGE_CURVE ( 'NONE', #4637, #4331, #3092, .T. ) ;
#4631 = COLOUR_RGB ( '',0.8313725490196077800, 0.8392156862745098200, 0.8274509803921568100 ) ;
#4633 = ORIENTED_EDGE ( 'NONE', *, *, #4330, .F. ) ;
#4634 = ORIENTED_EDGE ( 'NONE', *, *, #4401, .T. ) ;
#4635 = EDGE_LOOP ( 'NONE', ( #4642, #4643, #4777, #4599 ) ) ;
#4636 = EDGE_CURVE ( 'NONE', #4406, #4637, #3060, .T. ) ;
#4637 = VERTEX_POINT ( 'NONE', #3127 ) ;
#4638 = ORIENTED_EDGE ( 'NONE', *, *, #4632, .T. ) ;
#4639 = ORIENTED_EDGE ( 'NONE', *, *, #4400, .F. ) ;
#4640 = ORIENTED_EDGE ( 'NONE', *, *, #4591, .T. ) ;
#4641 = VERTEX_POINT ( 'NONE', #3119 ) ;
#4642 = ORIENTED_EDGE ( 'NONE', *, *, #3917, .F. ) ;
#4643 = ORIENTED_EDGE ( 'NONE', *, *, #4573, .F. ) ;
#4644 = ADVANCED_FACE ( 'NONE', ( #3113 ), #3130, .F. ) ;
#4645 = ORIENTED_EDGE ( 'NONE', *, *, #4338, .F. ) ;
#4646 = ORIENTED_EDGE ( 'NONE', *, *, #4117, .F. ) ;
#4647 = EDGE_LOOP ( 'NONE', ( #4648, #4649, #4672, #4673, #4674 ) ) ;
#4648 = ORIENTED_EDGE ( 'NONE', *, *, #4120, .F. ) ;
#4649 = ORIENTED_EDGE ( 'NONE', *, *, #4613, .F. ) ;
#4650 = EDGE_CURVE ( 'NONE', #4331, #4585, #3034, .T. ) ;
#4651 = UNCERTAINTY_MEASURE_WITH_UNIT (LENGTH_MEASURE( 1.000000000000000100E-005 ), #4595, 'distance_accuracy_value', 'NONE');
#4652 =( NAMED_UNIT ( * ) SI_UNIT ( $, .STERADIAN. ) SOLID_ANGLE_UNIT ( ) );
#4653 =( NAMED_UNIT ( * ) PLANE_ANGLE_UNIT ( ) SI_UNIT ( $, .RADIAN. ) );
#4654 = CARTESIAN_POINT ( 'NONE',  ( -13.34883455388031100, -0.03186023193545921300, -0.7228168324218122700 ) ) ;
#4655 = SURFACE_SIDE_STYLE ('',( #4656 ) ) ;
#4656 = SURFACE_STYLE_FILL_AREA ( #4657 ) ;
#4657 = FILL_AREA_STYLE ('',( #4630 ) ) ;
#4658 = CIRCLE ( 'NONE', #4628, 0.2540000000000007800 ) ;
#4659 = FACE_OUTER_BOUND ( 'NONE', #3785, .T. ) ;
#4660 = EDGE_CURVE ( 'NONE', #3965, #4661, #3132, .T. ) ;
#4661 = VERTEX_POINT ( 'NONE', #3141 ) ;
#4662 = ORIENTED_EDGE ( 'NONE', *, *, #4663, .T. ) ;
#4663 = EDGE_CURVE ( 'NONE', #4661, #4405, #3154, .T. ) ;
#4664 = EDGE_LOOP ( 'NONE', ( #4708, #4709, #4670, #4671, #4612 ) ) ;
#4665 = ORIENTED_EDGE ( 'NONE', *, *, #4060, .F. ) ;
#4666 = EDGE_CURVE ( 'NONE', #4032, #4127, #3133, .T. ) ;
#4667 = ORIENTED_EDGE ( 'NONE', *, *, #4636, .F. ) ;
#4668 = ORIENTED_EDGE ( 'NONE', *, *, #4593, .F. ) ;
#4669 = ORIENTED_EDGE ( 'NONE', *, *, #4710, .T. ) ;
#4670 = ORIENTED_EDGE ( 'NONE', *, *, #4660, .F. ) ;
#4671 = ORIENTED_EDGE ( 'NONE', *, *, #4587, .F. ) ;
#4672 = ORIENTED_EDGE ( 'NONE', *, *, #4650, .F. ) ;
#4673 = ORIENTED_EDGE ( 'NONE', *, *, #4632, .F. ) ;
#4674 = ORIENTED_EDGE ( 'NONE', *, *, #4750, .T. ) ;
#4675 = ORIENTED_EDGE ( 'NONE', *, *, #4750, .F. ) ;
#4676 = EDGE_LOOP ( 'NONE', ( #4677, #4681, #4684, #4890, #4884, #4888 ) ) ;
#4677 = ORIENTED_EDGE ( 'NONE', *, *, #4678, .T. ) ;
#4678 = EDGE_CURVE ( 'NONE', #4679, #4680, #3145, .T. ) ;
#4679 = VERTEX_POINT ( 'NONE', #3147 ) ;
#4680 = VERTEX_POINT ( 'NONE', #3146 ) ;
#4681 = ORIENTED_EDGE ( 'NONE', *, *, #4682, .T. ) ;
#4682 = EDGE_CURVE ( 'NONE', #4680, #4683, #3139, .T. ) ;
#4683 = VERTEX_POINT ( 'NONE', #3135 ) ;
#4684 = ORIENTED_EDGE ( 'NONE', *, *, #4685, .T. ) ;
#4685 = EDGE_CURVE ( 'NONE', #4683, #4882, #3157, .T. ) ;
#4686 = ORIENTED_EDGE ( 'NONE', *, *, #4031, .T. ) ;
#4687 = EDGE_LOOP ( 'NONE', ( #4691, #4692, #4688, #4689, #4693 ) ) ;
#4688 = ORIENTED_EDGE ( 'NONE', *, *, #4591, .F. ) ;
#4689 = ORIENTED_EDGE ( 'NONE', *, *, #4663, .F. ) ;
#4690 = ORIENTED_EDGE ( 'NONE', *, *, #4741, .F. ) ;
#4691 = ORIENTED_EDGE ( 'NONE', *, *, #3971, .F. ) ;
#4692 = ORIENTED_EDGE ( 'NONE', *, *, #4710, .F. ) ;
#4693 = ORIENTED_EDGE ( 'NONE', *, *, #4706, .T. ) ;
#4694 = CLOSED_SHELL ( 'NONE', ( #4333, #4402, #4524, #4394, #4242, #4514, #4313, #4233, #4258, #4583, #4534, #4562, #4619, #4584, #4545, #4443, #4132, #4138, #3968, #4154, #4158, #3913, #4045, #4052, #4644, #4776, #4627, #4607, #4588, #4594, #4702, #4707, #4535, #4726, #4700 ) ) ;
#4695 = EDGE_LOOP ( 'NONE', ( #4690, #4744, #4747, #4728 ) ) ;
#4696 = ORIENTED_EDGE ( 'NONE', *, *, #4697, .T. ) ;
#4697 = EDGE_CURVE ( 'NONE', #4698, #4699, #3168, .T. ) ;
#4698 = VERTEX_POINT ( 'NONE', #3163 ) ;
#4699 = VERTEX_POINT ( 'NONE', #3162 ) ;
#4700 = ADVANCED_FACE ( 'NONE', ( #3161 ), #3192, .F. ) ;
#4701 = ORIENTED_EDGE ( 'NONE', *, *, #3964, .F. ) ;
#4702 = ADVANCED_FACE ( 'NONE', ( #3194 ), #3220, .F. ) ;
#4703 = EDGE_LOOP ( 'NONE', ( #4704, #4662, #4778 ) ) ;
#4704 = ORIENTED_EDGE ( 'NONE', *, *, #4660, .T. ) ;
#4705 = ORIENTED_EDGE ( 'NONE', *, *, #4666, .T. ) ;
#4706 = EDGE_CURVE ( 'NONE', #4661, #3973, #3215, .T. ) ;
#4707 = ADVANCED_FACE ( 'NONE', ( #3180 ), #1449, .F. ) ;
#4708 = ORIENTED_EDGE ( 'NONE', *, *, #3975, .F. ) ;
#4709 = ORIENTED_EDGE ( 'NONE', *, *, #4706, .F. ) ;
#4710 = EDGE_CURVE ( 'NONE', #4641, #3972, #1432, .T. ) ;
#4711 = ORIENTED_EDGE ( 'NONE', *, *, #4126, .F. ) ;
#4712 = VERTEX_POINT ( 'NONE', #1389 ) ;
#4713 = ORIENTED_EDGE ( 'NONE', *, *, #4714, .T. ) ;
#4714 = EDGE_CURVE ( 'NONE', #4712, #4715, #1461, .T. ) ;
#4715 = VERTEX_POINT ( 'NONE', #1460 ) ;
#4716 = ORIENTED_EDGE ( 'NONE', *, *, #4717, .F. ) ;
#4717 = EDGE_CURVE ( 'NONE', #4766, #4715, #1428, .T. ) ;
#4718 = ADVANCED_FACE ( 'NONE', ( #1424 ), #1422, .F. ) ;
#4719 = EDGE_LOOP ( 'NONE', ( #4696, #4735, #4738, #4833 ) ) ;
#4720 = ORIENTED_EDGE ( 'NONE', *, *, #4721, .F. ) ;
#4721 = EDGE_CURVE ( 'NONE', #4722, #5030, #1490, .T. ) ;
#4722 = VERTEX_POINT ( 'NONE', #1410 ) ;
#4723 = ORIENTED_EDGE ( 'NONE', *, *, #4724, .F. ) ;
#4724 = EDGE_CURVE ( 'NONE', #4814, #4722, #1408, .T. ) ;
#4725 = ADVANCED_FACE ( 'NONE', ( #1377 ), #12242, .F. ) ;
#4726 = ADVANCED_FACE ( 'NONE', ( #12258 ), #12290, .F. ) ;
#4727 = ORIENTED_EDGE ( 'NONE', *, *, #4035, .F. ) ;
#4728 = ORIENTED_EDGE ( 'NONE', *, *, #4729, .F. ) ;
#4729 = EDGE_CURVE ( 'NONE', #4743, #4749, #12304, .T. ) ;
#4730 = ADVANCED_FACE ( 'NONE', ( #12305 ), #12262, .F. ) ;
#4731 = EDGE_LOOP ( 'NONE', ( #4732, #4907, #4836, #4760 ) ) ;
#4732 = ORIENTED_EDGE ( 'NONE', *, *, #4733, .T. ) ;
#4733 = EDGE_CURVE ( 'NONE', #4734, #4906, #12311, .T. ) ;
#4734 = VERTEX_POINT ( 'NONE', #12329 ) ;
#4735 = ORIENTED_EDGE ( 'NONE', *, *, #4736, .T. ) ;
#4736 = EDGE_CURVE ( 'NONE', #4699, #4737, #12328, .T. ) ;
#4737 = VERTEX_POINT ( 'NONE', #12341 ) ;
#4738 = ORIENTED_EDGE ( 'NONE', *, *, #4831, .F. ) ;
#4739 = MANIFOLD_SOLID_BREP ( 'NONE', #5741 ) ;
#4740 = ADVANCED_FACE ( 'NONE', ( #12337 ), #12364, .T. ) ;
#4741 = EDGE_CURVE ( 'NONE', #4742, #4743, #90, .T. ) ;
#4742 = VERTEX_POINT ( 'NONE', #91 ) ;
#4743 = VERTEX_POINT ( 'NONE', #19 ) ;
#4744 = ORIENTED_EDGE ( 'NONE', *, *, #4745, .T. ) ;
#4745 = EDGE_CURVE ( 'NONE', #4742, #4746, #12378, .T. ) ;
#4746 = VERTEX_POINT ( 'NONE', #100 ) ;
#4747 = ORIENTED_EDGE ( 'NONE', *, *, #4748, .F. ) ;
#4748 = EDGE_CURVE ( 'NONE', #4749, #4746, #92, .T. ) ;
#4749 = VERTEX_POINT ( 'NONE', #111 ) ;
#4750 = EDGE_CURVE ( 'NONE', #4637, #4121, #98, .T. ) ;
#4751 = SURFACE_STYLE_FILL_AREA ( #4752 ) ;
#4752 = FILL_AREA_STYLE ('',( #4753 ) ) ;
#4753 = FILL_AREA_STYLE_COLOUR ( '', #4757 ) ;
#4754 = DIRECTION ( 'NONE',  ( 0.0000000000000000000, 3.916066504679277800E-017, 1.000000000000000000 ) ) ;
#4755 =( GEOMETRIC_REPRESENTATION_CONTEXT ( 3 ) GLOBAL_UNCERTAINTY_ASSIGNED_CONTEXT ( ( #4651 ) ) GLOBAL_UNIT_ASSIGNED_CONTEXT ( ( #4595, #4653, #4652 ) ) REPRESENTATION_CONTEXT ( 'NONE', 'WORKASPACE' ) );
#4756 = PLANE ( 'NONE',  #4775 ) ;
#4757 = COLOUR_RGB ( '',0.8313725490196077800, 0.8392156862745098200, 0.8274509803921568100 ) ;
#4758 = FACE_OUTER_BOUND ( 'NONE', #3717, .T. ) ;
#4759 = VERTEX_POINT ( 'NONE', #52 ) ;
#4760 = ORIENTED_EDGE ( 'NONE', *, *, #4761, .F. ) ;
#4761 = EDGE_CURVE ( 'NONE', #4734, #4759, #67, .T. ) ;
#4762 = ADVANCED_FACE ( 'NONE', ( #12376 ), #115, .T. ) ;
#4763 = EDGE_LOOP ( 'NONE', ( #4764, #4768, #4772, #4713, #4716 ) ) ;
#4764 = ORIENTED_EDGE ( 'NONE', *, *, #4765, .T. ) ;
#4765 = EDGE_CURVE ( 'NONE', #4766, #4767, #49, .T. ) ;
#4766 = VERTEX_POINT ( 'NONE', #71 ) ;
#4767 = VERTEX_POINT ( 'NONE', #70 ) ;
#4768 = ORIENTED_EDGE ( 'NONE', *, *, #4769, .T. ) ;
#4769 = EDGE_CURVE ( 'NONE', #4767, #4770, #12377, .T. ) ;
#4770 = VERTEX_POINT ( 'NONE', #94 ) ;
#4771 = DIRECTION ( 'NONE',  ( -1.000000000000000000, 0.0000000000000000000, 0.0000000000000000000 ) ) ;
#4772 = ORIENTED_EDGE ( 'NONE', *, *, #4774, .T. ) ;
#4773 = CARTESIAN_POINT ( 'NONE',  ( -14.21243455388030900, 1.475838654401052200, 2.655528302168613600 ) ) ;
#4774 = EDGE_CURVE ( 'NONE', #4770, #4712, #48, .T. ) ;
#4775 = AXIS2_PLACEMENT_3D ( 'NONE', #4773, #4771, #4754 ) ;
#4776 = ADVANCED_FACE ( 'NONE', ( #47 ), #9, .T. ) ;
#4777 = ORIENTED_EDGE ( 'NONE', *, *, #4055, .F. ) ;
#4778 = ORIENTED_EDGE ( 'NONE', *, *, #3967, .F. ) ;
#4779 =( LENGTH_UNIT ( ) NAMED_UNIT ( * ) SI_UNIT ( .MILLI., .METRE. ) );
#4780 = MECHANICAL_DESIGN_GEOMETRIC_PRESENTATION_REPRESENTATION (  '', ( #4782 ), #5047 ) ;
#4781 = PRESENTATION_LAYER_ASSIGNMENT (  '', '', ( #4782 ) ) ;
#4782 = STYLED_ITEM ( 'NONE', ( #4783 ), #3716 ) ;
#4783 = PRESENTATION_STYLE_ASSIGNMENT (( #4784 ) ) ;
#4784 = SURFACE_STYLE_USAGE ( .BOTH. , #4785 ) ;
#4785 = SURFACE_SIDE_STYLE ('',( #4751 ) ) ;
#4786 = ADVANCED_FACE ( 'NONE', ( #65 ), #125, .T. ) ;
#4787 = EDGE_LOOP ( 'NONE', ( #4788, #4816, #4720, #4723 ) ) ;
#4788 = ORIENTED_EDGE ( 'NONE', *, *, #4789, .T. ) ;
#4789 = EDGE_CURVE ( 'NONE', #4814, #4815, #157, .T. ) ;
#4790 = EDGE_LOOP ( 'NONE', ( #4791, #4909, #4912, #5058 ) ) ;
#4791 = ORIENTED_EDGE ( 'NONE', *, *, #4792, .F. ) ;
#4792 = EDGE_CURVE ( 'NONE', #4793, #4908, #166, .T. ) ;
#4793 = VERTEX_POINT ( 'NONE', #121 ) ;
#4794 = ORIENTED_EDGE ( 'NONE', *, *, #4795, .T. ) ;
#4795 = EDGE_CURVE ( 'NONE', #4796, #4797, #154, .T. ) ;
#4796 = VERTEX_POINT ( 'NONE', #150 ) ;
#4797 = VERTEX_POINT ( 'NONE', #148 ) ;
#4798 = ORIENTED_EDGE ( 'NONE', *, *, #4799, .T. ) ;
#4799 = EDGE_CURVE ( 'NONE', #4797, #4800, #146, .T. ) ;
#4800 = VERTEX_POINT ( 'NONE', #188 ) ;
#4801 = ORIENTED_EDGE ( 'NONE', *, *, #4825, .F. ) ;
#4802 = EDGE_CURVE ( 'NONE', #5002, #4880, #187, .T. ) ;
#4803 = EDGE_CURVE ( 'NONE', #4906, #4998, #190, .T. ) ;
#4804 = ORIENTED_EDGE ( 'NONE', *, *, #4805, .F. ) ;
#4805 = EDGE_CURVE ( 'NONE', #4817, #4886, #184, .T. ) ;
#4806 = ORIENTED_EDGE ( 'NONE', *, *, #4807, .T. ) ;
#4807 = EDGE_CURVE ( 'NONE', #5000, #4808, #180, .T. ) ;
#4808 = VERTEX_POINT ( 'NONE', #219 ) ;
#4809 = ORIENTED_EDGE ( 'NONE', *, *, #4810, .F. ) ;
#4810 = EDGE_CURVE ( 'NONE', #5012, #4808, #246, .T. ) ;
#4811 = ADVANCED_FACE ( 'NONE', ( #254 ), #244, .F. ) ;
#4812 = EDGE_LOOP ( 'NONE', ( #4794, #4798, #4801, #4827 ) ) ;
#4813 = EDGE_CURVE ( 'NONE', #4998, #4759, #234, .T. ) ;
#4814 = VERTEX_POINT ( 'NONE', #213 ) ;
#4815 = VERTEX_POINT ( 'NONE', #240 ) ;
#4816 = ORIENTED_EDGE ( 'NONE', *, *, #5029, .T. ) ;
#4817 = VERTEX_POINT ( 'NONE', #239 ) ;
#4818 = ORIENTED_EDGE ( 'NONE', *, *, #4819, .F. ) ;
#4819 = EDGE_CURVE ( 'NONE', #4881, #5004, #236, .T. ) ;
#4820 = ADVANCED_FACE ( 'NONE', ( #268 ), #292, .T. ) ;
#4821 = VERTEX_POINT ( 'NONE', #298 ) ;
#4822 = ORIENTED_EDGE ( 'NONE', *, *, #4802, .T. ) ;
#4823 = ORIENTED_EDGE ( 'NONE', *, *, #4999, .T. ) ;
#4824 = ORIENTED_EDGE ( 'NONE', *, *, #5003, .T. ) ;
#4825 = EDGE_CURVE ( 'NONE', #4826, #4800, #280, .T. ) ;
#4826 = VERTEX_POINT ( 'NONE', #273 ) ;
#4827 = ORIENTED_EDGE ( 'NONE', *, *, #5025, .F. ) ;
#4828 = ORIENTED_EDGE ( 'NONE', *, *, #4829, .T. ) ;
#4829 = EDGE_CURVE ( 'NONE', #4817, #4830, #291, .T. ) ;
#4830 = VERTEX_POINT ( 'NONE', #286 ) ;
#4831 = EDGE_CURVE ( 'NONE', #4832, #4737, #284, .T. ) ;
#4832 = VERTEX_POINT ( 'NONE', #333 ) ;
#4833 = ORIENTED_EDGE ( 'NONE', *, *, #4834, .F. ) ;
#4834 = EDGE_CURVE ( 'NONE', #4698, #4832, #363, .T. ) ;
#4835 = ADVANCED_FACE ( 'NONE', ( #337 ), #351, .F. ) ;
#4836 = ORIENTED_EDGE ( 'NONE', *, *, #4813, .T. ) ;
#4837 = EDGE_CURVE ( 'NONE', #4903, #4838, #302, .T. ) ;
#4838 = VERTEX_POINT ( 'NONE', #303 ) ;
#4839 = ORIENTED_EDGE ( 'NONE', *, *, #5001, .T. ) ;
#4840 = VERTEX_POINT ( 'NONE', #314 ) ;
#4841 = ORIENTED_EDGE ( 'NONE', *, *, #5007, .F. ) ;
#4842 = EDGE_CURVE ( 'NONE', #4843, #5006, #316, .T. ) ;
#4843 = VERTEX_POINT ( 'NONE', #321 ) ;
#4844 = ORIENTED_EDGE ( 'NONE', *, *, #4845, .F. ) ;
#4845 = EDGE_CURVE ( 'NONE', #4840, #4878, #311, .T. ) ;
#4846 = ORIENTED_EDGE ( 'NONE', *, *, #4847, .T. ) ;
#4847 = EDGE_CURVE ( 'NONE', #4861, #4848, #312, .T. ) ;
#4848 = VERTEX_POINT ( 'NONE', #330 ) ;
#4849 = ORIENTED_EDGE ( 'NONE', *, *, #4850, .T. ) ;
#4850 = EDGE_CURVE ( 'NONE', #4848, #4903, #331, .T. ) ;
#4851 = EDGE_CURVE ( 'NONE', #5037, #4878, #357, .T. ) ;
#4852 = ADVANCED_FACE ( 'NONE', ( #345 ), #400, .F. ) ;
#4853 = EDGE_LOOP ( 'NONE', ( #5031, #5034, #5041, #5044 ) ) ;
#4854 = ORIENTED_EDGE ( 'NONE', *, *, #4855, .T. ) ;
#4855 = EDGE_CURVE ( 'NONE', #4838, #4856, #371, .T. ) ;
#4856 = VERTEX_POINT ( 'NONE', #377 ) ;
#4857 = ORIENTED_EDGE ( 'NONE', *, *, #4858, .T. ) ;
#4858 = EDGE_CURVE ( 'NONE', #4856, #4904, #388, .T. ) ;
#4859 = ADVANCED_FACE ( 'NONE', ( #401 ), #374, .T. ) ;
#4860 = EDGE_LOOP ( 'NONE', ( #4846, #4849, #4867, #4868, #4973, #4968 ) ) ;
#4861 = VERTEX_POINT ( 'NONE', #414 ) ;
#4862 = EDGE_CURVE ( 'NONE', #4878, #4843, #421, .T. ) ;
#4863 = EDGE_CURVE ( 'NONE', #4866, #4885, #427, .T. ) ;
#4864 = EDGE_CURVE ( 'NONE', #4879, #5006, #438, .T. ) ;
#4865 = ADVANCED_FACE ( 'NONE', ( #447 ), #459, .F. ) ;
#4866 = VERTEX_POINT ( 'NONE', #460 ) ;
#4867 = ORIENTED_EDGE ( 'NONE', *, *, #4902, .T. ) ;
#4868 = ORIENTED_EDGE ( 'NONE', *, *, #4869, .T. ) ;
#4869 = EDGE_CURVE ( 'NONE', #4904, #4870, #453, .T. ) ;
#4870 = VERTEX_POINT ( 'NONE', #449 ) ;
#4871 = EDGE_LOOP ( 'NONE', ( #5010, #4823, #4806, #4809 ) ) ;
#4872 = ORIENTED_EDGE ( 'NONE', *, *, #4873, .T. ) ;
#4873 = EDGE_CURVE ( 'NONE', #5024, #5002, #458, .T. ) ;
#4874 = VERTEX_POINT ( 'NONE', #475 ) ;
#4875 = ORIENTED_EDGE ( 'NONE', *, *, #4876, .F. ) ;
#4876 = EDGE_CURVE ( 'NONE', #4886, #4880, #473, .T. ) ;
#4877 = EDGE_CURVE ( 'NONE', #4878, #4879, #409, .T. ) ;
#4878 = VERTEX_POINT ( 'NONE', #557 ) ;
#4879 = VERTEX_POINT ( 'NONE', #500 ) ;
#4880 = VERTEX_POINT ( 'NONE', #568 ) ;
#4881 = VERTEX_POINT ( 'NONE', #524 ) ;
#4882 = VERTEX_POINT ( 'NONE', #523 ) ;
#4883 = ADVANCED_FACE ( 'NONE', ( #588 ), #502, .T. ) ;
#4884 = ORIENTED_EDGE ( 'NONE', *, *, #5001, .F. ) ;
#4885 = VERTEX_POINT ( 'NONE', #527 ) ;
#4886 = VERTEX_POINT ( 'NONE', #531 ) ;
#4887 = EDGE_LOOP ( 'NONE', ( #4872, #4822, #4875, #4804, #4828, #5014 ) ) ;
#4888 = ORIENTED_EDGE ( 'NONE', *, *, #5022, .F. ) ;
#4889 = EDGE_CURVE ( 'NONE', #5013, #4882, #541, .T. ) ;
#4890 = ORIENTED_EDGE ( 'NONE', *, *, #4889, .F. ) ;
#4891 = ORIENTED_EDGE ( 'NONE', *, *, #5042, .T. ) ;
#4892 = ORIENTED_EDGE ( 'NONE', *, *, #4992, .F. ) ;
#4893 = EDGE_CURVE ( 'NONE', #4861, #4967, #519, .T. ) ;
#4894 = EDGE_LOOP ( 'NONE', ( #4969, #4891, #4892, #4990, #4971, #4988, #4989, #4985 ) ) ;
#4895 = ADVANCED_FACE ( 'NONE', ( #554 ), #608, .T. ) ;
#4896 = EDGE_CURVE ( 'NONE', #5006, #4967, #612, .T. ) ;
#4897 = ORIENTED_EDGE ( 'NONE', *, *, #4864, .T. ) ;
#4898 = EDGE_CURVE ( 'NONE', #5012, #5043, #600, .T. ) ;
#4899 = ADVANCED_FACE ( 'NONE', ( #636 ), #598, .T. ) ;
#4900 = EDGE_LOOP ( 'NONE', ( #4901, #4905, #4854, #4857 ) ) ;
#4901 = ORIENTED_EDGE ( 'NONE', *, *, #4902, .F. ) ;
#4902 = EDGE_CURVE ( 'NONE', #4903, #4904, #687, .T. ) ;
#4903 = VERTEX_POINT ( 'NONE', #707 ) ;
#4904 = VERTEX_POINT ( 'NONE', #730 ) ;
#4905 = ORIENTED_EDGE ( 'NONE', *, *, #4837, .T. ) ;
#4906 = VERTEX_POINT ( 'NONE', #676 ) ;
#4907 = ORIENTED_EDGE ( 'NONE', *, *, #4803, .T. ) ;
#4908 = VERTEX_POINT ( 'NONE', #726 ) ;
#4909 = ORIENTED_EDGE ( 'NONE', *, *, #4910, .T. ) ;
#4910 = EDGE_CURVE ( 'NONE', #4793, #4911, #729, .T. ) ;
#4911 = VERTEX_POINT ( 'NONE', #693 ) ;
#4912 = ORIENTED_EDGE ( 'NONE', *, *, #5056, .T. ) ;
#4913 = ORIENTED_EDGE ( 'NONE', *, *, #5143, .F. ) ;
#4914 = ORIENTED_EDGE ( 'NONE', *, *, #5025, .T. ) ;
#4915 = ADVANCED_FACE ( 'NONE', ( #692 ), #747, .T. ) ;
#4916 = EDGE_LOOP ( 'NONE', ( #4947, #4926, #5117, #4964 ) ) ;
#4917 = ORIENTED_EDGE ( 'NONE', *, *, #4918, .T. ) ;
#4918 = EDGE_CURVE ( 'NONE', #4957, #4958, #821, .T. ) ;
#4919 = ORIENTED_EDGE ( 'NONE', *, *, #5160, .F. ) ;
#4920 = VERTEX_POINT ( 'NONE', #801 ) ;
#4921 = ORIENTED_EDGE ( 'NONE', *, *, #5304, .T. ) ;
#4922 = EDGE_CURVE ( 'NONE', #4963, #4941, #754, .T. ) ;
#4923 = ADVANCED_FACE ( 'NONE', ( #763 ), #918, .F. ) ;
#4924 = EDGE_LOOP ( 'NONE', ( #4921, #4955, #4917, #4919, #5061, #5118 ) ) ;
#4925 = ADVANCED_FACE ( 'NONE', ( #833 ), #925, .T. ) ;
#4926 = ORIENTED_EDGE ( 'NONE', *, *, #4927, .T. ) ;
#4927 = EDGE_CURVE ( 'NONE', #4928, #5163, #846, .T. ) ;
#4928 = VERTEX_POINT ( 'NONE', #887 ) ;
#4929 = ORIENTED_EDGE ( 'NONE', *, *, #4930, .T. ) ;
#4930 = EDGE_CURVE ( 'NONE', #4954, #5033, #828, .T. ) ;
#4931 = ADVANCED_FACE ( 'NONE', ( #961 ), #958, .T. ) ;
#4932 = EDGE_LOOP ( 'NONE', ( #4959, #4960, #5147, #5146 ) ) ;
#4933 = ORIENTED_EDGE ( 'NONE', *, *, #4934, .T. ) ;
#4934 = EDGE_CURVE ( 'NONE', #4937, #4928, #983, .T. ) ;
#4935 = ORIENTED_EDGE ( 'NONE', *, *, #4936, .F. ) ;
#4936 = EDGE_CURVE ( 'NONE', #4937, #4826, #966, .T. ) ;
#4937 = VERTEX_POINT ( 'NONE', #1094 ) ;
#4938 = ORIENTED_EDGE ( 'NONE', *, *, #4939, .T. ) ;
#4939 = EDGE_CURVE ( 'NONE', #4966, #4796, #1036, .T. ) ;
#4940 = EDGE_CURVE ( 'NONE', #4941, #4928, #1107, .T. ) ;
#4941 = VERTEX_POINT ( 'NONE', #1043 ) ;
#4942 = ORIENTED_EDGE ( 'NONE', *, *, #4940, .F. ) ;
#4943 = EDGE_CURVE ( 'NONE', #4800, #4970, #1031, .T. ) ;
#4944 = ORIENTED_EDGE ( 'NONE', *, *, #4965, .T. ) ;
#4945 = ORIENTED_EDGE ( 'NONE', *, *, #4943, .F. ) ;
#4946 =( NAMED_UNIT ( * ) SI_UNIT ( $, .STERADIAN. ) SOLID_ANGLE_UNIT ( ) );
#4947 = ORIENTED_EDGE ( 'NONE', *, *, #4940, .T. ) ;
#4948 = ORIENTED_EDGE ( 'NONE', *, *, #5036, .F. ) ;
#4949 = ORIENTED_EDGE ( 'NONE', *, *, #4950, .F. ) ;
#4950 = EDGE_CURVE ( 'NONE', #4951, #5008, #1127, .T. ) ;
#4951 = VERTEX_POINT ( 'NONE', #1129 ) ;
#4952 = ORIENTED_EDGE ( 'NONE', *, *, #4953, .F. ) ;
#4953 = EDGE_CURVE ( 'NONE', #4954, #4951, #1104, .T. ) ;
#4954 = VERTEX_POINT ( 'NONE', #1106 ) ;
#4955 = ORIENTED_EDGE ( 'NONE', *, *, #4956, .T. ) ;
#4956 = EDGE_CURVE ( 'NONE', #5163, #4957, #1065, .T. ) ;
#4957 = VERTEX_POINT ( 'NONE', #1079 ) ;
#4958 = VERTEX_POINT ( 'NONE', #1098 ) ;
#4959 = ORIENTED_EDGE ( 'NONE', *, *, #5018, .F. ) ;
#4960 = ORIENTED_EDGE ( 'NONE', *, *, #4961, .F. ) ;
#4961 = EDGE_CURVE ( 'NONE', #5037, #4874, #1096, .T. ) ;
#4962 = EDGE_LOOP ( 'NONE', ( #4935, #4933, #4942, #4944, #4938, #4914 ) ) ;
#4963 = VERTEX_POINT ( 'NONE', #1227 ) ;
#4964 = ORIENTED_EDGE ( 'NONE', *, *, #4922, .T. ) ;
#4965 = EDGE_CURVE ( 'NONE', #4941, #4966, #1257, .T. ) ;
#4966 = VERTEX_POINT ( 'NONE', #1195 ) ;
#4967 = VERTEX_POINT ( 'NONE', #1190 ) ;
#4968 = ORIENTED_EDGE ( 'NONE', *, *, #4893, .F. ) ;
#4969 = ORIENTED_EDGE ( 'NONE', *, *, #4976, .F. ) ;
#4970 = VERTEX_POINT ( 'NONE', #1189 ) ;
#4971 = ORIENTED_EDGE ( 'NONE', *, *, #4994, .T. ) ;
#4972 = EDGE_CURVE ( 'NONE', #4879, #4861, #1163, .T. ) ;
#4973 = ORIENTED_EDGE ( 'NONE', *, *, #4987, .F. ) ;
#4974 = ADVANCED_FACE ( 'NONE', ( #1197 ), #1245, .F. ) ;
#4975 = ORIENTED_EDGE ( 'NONE', *, *, #4799, .F. ) ;
#4976 = EDGE_CURVE ( 'NONE', #5043, #4970, #1180, .T. ) ;
#4977 = ORIENTED_EDGE ( 'NONE', *, *, #4864, .F. ) ;
#4978 = ADVANCED_FACE ( 'NONE', ( #1239 ), #1296, .F. ) ;
#4979 = VERTEX_POINT ( 'NONE', #1365 ) ;
#4980 = ORIENTED_EDGE ( 'NONE', *, *, #4981, .T. ) ;
#4981 = EDGE_CURVE ( 'NONE', #4797, #5043, #1270, .T. ) ;
#4982 = ORIENTED_EDGE ( 'NONE', *, *, #4976, .T. ) ;
#4983 = EDGE_LOOP ( 'NONE', ( #4975, #4980, #4982, #4945 ) ) ;
#4984 = EDGE_LOOP ( 'NONE', ( #4977, #4997, #4995, #4996 ) ) ;
#4985 = ORIENTED_EDGE ( 'NONE', *, *, #4986, .F. ) ;
#4986 = EDGE_CURVE ( 'NONE', #4970, #4843, #1311, .T. ) ;
#4987 = EDGE_CURVE ( 'NONE', #4967, #4870, #1301, .T. ) ;
#4988 = ORIENTED_EDGE ( 'NONE', *, *, #4845, .T. ) ;
#4989 = ORIENTED_EDGE ( 'NONE', *, *, #4862, .T. ) ;
#4990 = ORIENTED_EDGE ( 'NONE', *, *, #4991, .F. ) ;
#4991 = EDGE_CURVE ( 'NONE', #4993, #4979, #1319, .T. ) ;
#4992 = EDGE_CURVE ( 'NONE', #4979, #5040, #1350, .T. ) ;
#4993 = VERTEX_POINT ( 'NONE', #1346 ) ;
#4994 = EDGE_CURVE ( 'NONE', #4993, #4840, #1336, .T. ) ;
#4995 = ORIENTED_EDGE ( 'NONE', *, *, #4893, .T. ) ;
#4996 = ORIENTED_EDGE ( 'NONE', *, *, #4896, .F. ) ;
#4997 = ORIENTED_EDGE ( 'NONE', *, *, #4972, .T. ) ;
#4998 = VERTEX_POINT ( 'NONE', #1323 ) ;
#4999 = EDGE_CURVE ( 'NONE', #4821, #5000, #1332, .T. ) ;
#5000 = VERTEX_POINT ( 'NONE', #1309 ) ;
#5001 = EDGE_CURVE ( 'NONE', #4885, #5013, #1307, .T. ) ;
#5002 = VERTEX_POINT ( 'NONE', #1526 ) ;
#5003 = EDGE_CURVE ( 'NONE', #5019, #5004, #1545, .T. ) ;
#5004 = VERTEX_POINT ( 'NONE', #1546 ) ;
#5005 = EDGE_LOOP ( 'NONE', ( #4844, #4841, #5035, #5038 ) ) ;
#5006 = VERTEX_POINT ( 'NONE', #1503 ) ;
#5007 = EDGE_CURVE ( 'NONE', #5008, #4840, #1518, .T. ) ;
#5008 = VERTEX_POINT ( 'NONE', #1542 ) ;
#5009 = ORIENTED_EDGE ( 'NONE', *, *, #4842, .F. ) ;
#5010 = ORIENTED_EDGE ( 'NONE', *, *, #5011, .F. ) ;
#5011 = EDGE_CURVE ( 'NONE', #4821, #5012, #1538, .T. ) ;
#5012 = VERTEX_POINT ( 'NONE', #1539 ) ;
#5013 = VERTEX_POINT ( 'NONE', #1523 ) ;
#5014 = ORIENTED_EDGE ( 'NONE', *, *, #5015, .F. ) ;
#5015 = EDGE_CURVE ( 'NONE', #5024, #4830, #1513, .T. ) ;
#5016 = EDGE_LOOP ( 'NONE', ( #5020, #5017, #4824, #4818 ) ) ;
#5017 = ORIENTED_EDGE ( 'NONE', *, *, #5018, .T. ) ;
#5018 = EDGE_CURVE ( 'NONE', #4874, #5019, #1522, .T. ) ;
#5019 = VERTEX_POINT ( 'NONE', #1530 ) ;
#5020 = ORIENTED_EDGE ( 'NONE', *, *, #5021, .F. ) ;
#5021 = EDGE_CURVE ( 'NONE', #4874, #4881, #1515, .T. ) ;
#5022 = EDGE_CURVE ( 'NONE', #4679, #4885, #1516, .T. ) ;
#5023 = ADVANCED_FACE ( 'NONE', ( #1498 ), #1554, .T. ) ;
#5024 = VERTEX_POINT ( 'NONE', #1555 ) ;
#5025 = EDGE_CURVE ( 'NONE', #4796, #4826, #1583, .T. ) ;
#5026 = ADVANCED_FACE ( 'NONE', ( #1559 ), #1594, .F. ) ;
#5027 = EDGE_LOOP ( 'NONE', ( #5028, #4897, #5009, #5054 ) ) ;
#5028 = ORIENTED_EDGE ( 'NONE', *, *, #4877, .T. ) ;
#5029 = EDGE_CURVE ( 'NONE', #4815, #5030, #1621, .T. ) ;
#5030 = VERTEX_POINT ( 'NONE', #1700 ) ;
#5031 = ORIENTED_EDGE ( 'NONE', *, *, #5032, .T. ) ;
#5032 = EDGE_CURVE ( 'NONE', #5012, #5033, #1644, .T. ) ;
#5033 = VERTEX_POINT ( 'NONE', #1664 ) ;
#5034 = ORIENTED_EDGE ( 'NONE', *, *, #5039, .F. ) ;
#5035 = ORIENTED_EDGE ( 'NONE', *, *, #5036, .T. ) ;
#5036 = EDGE_CURVE ( 'NONE', #5008, #5037, #1651, .T. ) ;
#5037 = VERTEX_POINT ( 'NONE', #1649 ) ;
#5038 = ORIENTED_EDGE ( 'NONE', *, *, #4851, .T. ) ;
#5039 = EDGE_CURVE ( 'NONE', #5040, #5033, #1652, .T. ) ;
#5040 = VERTEX_POINT ( 'NONE', #1666 ) ;
#5041 = ORIENTED_EDGE ( 'NONE', *, *, #5042, .F. ) ;
#5042 = EDGE_CURVE ( 'NONE', #5043, #5040, #1640, .T. ) ;
#5043 = VERTEX_POINT ( 'NONE', #1642 ) ;
#5044 = ORIENTED_EDGE ( 'NONE', *, *, #4898, .F. ) ;
#5045 = ADVANCED_FACE ( 'NONE', ( #1687 ), #1684, .F. ) ;
#5046 = EDGE_LOOP ( 'NONE', ( #5050, #4839, #5048, #5053 ) ) ;
#5047 =( GEOMETRIC_REPRESENTATION_CONTEXT ( 3 ) GLOBAL_UNCERTAINTY_ASSIGNED_CONTEXT ( ( #5052 ) ) GLOBAL_UNIT_ASSIGNED_CONTEXT ( ( #4779, #5059, #4946 ) ) REPRESENTATION_CONTEXT ( 'NONE', 'WORKASPACE' ) );
#5048 = ORIENTED_EDGE ( 'NONE', *, *, #5051, .F. ) ;
#5049 = VERTEX_POINT ( 'NONE', #1818 ) ;
#5050 = ORIENTED_EDGE ( 'NONE', *, *, #4863, .T. ) ;
#5051 = EDGE_CURVE ( 'NONE', #5049, #5013, #1789, .T. ) ;
#5053 = ORIENTED_EDGE ( 'NONE', *, *, #5055, .F. ) ;
#5052 = UNCERTAINTY_MEASURE_WITH_UNIT (LENGTH_MEASURE( 1.000000000000000100E-005 ), #4779, 'distance_accuracy_value', 'NONE');
#5054 = ORIENTED_EDGE ( 'NONE', *, *, #4862, .F. ) ;
#5055 = EDGE_CURVE ( 'NONE', #4866, #5049, #1831, .T. ) ;
#5056 = EDGE_CURVE ( 'NONE', #4911, #5057, #1765, .T. ) ;
#5057 = VERTEX_POINT ( 'NONE', #1788 ) ;
#5058 = ORIENTED_EDGE ( 'NONE', *, *, #5060, .F. ) ;
#5059 =( NAMED_UNIT ( * ) PLANE_ANGLE_UNIT ( ) SI_UNIT ( $, .RADIAN. ) );
#5060 = EDGE_CURVE ( 'NONE', #4908, #5057, #1793, .T. ) ;
#5061 = ORIENTED_EDGE ( 'NONE', *, *, #5161, .F. ) ;
#5062 = ADVANCED_FACE ( 'NONE', ( #1799 ), #1803, .T. ) ;
#5063 = ORIENTED_EDGE ( 'NONE', *, *, #5247, .T. ) ;
#5064 = VERTEX_POINT ( 'NONE', #1756 ) ;
#5065 = ORIENTED_EDGE ( 'NONE', *, *, #5066, .T. ) ;
#5066 = EDGE_CURVE ( 'NONE', #5064, #5334, #1775, .T. ) ;
#5067 = VERTEX_POINT ( 'NONE', #1722 ) ;
#5068 = ORIENTED_EDGE ( 'NONE', *, *, #5138, .F. ) ;
#5069 = EDGE_CURVE ( 'NONE', #5139, #4908, #1683, .T. ) ;
#5070 = ADVANCED_FACE ( 'NONE', ( #1865 ), #1860, .F. ) ;
#5071 = VERTEX_POINT ( 'NONE', #1861 ) ;
#5072 = EDGE_LOOP ( 'NONE', ( #5164, #5111, #5137, #5195, #5242, #5136 ) ) ;
#5073 = EDGE_CURVE ( 'NONE', #5004, #5067, #1850, .T. ) ;
#5074 = EDGE_LOOP ( 'NONE', ( #5075, #5076, #5249, #5302, #4948, #4949, #4952, #4929 ) ) ;
#5075 = ORIENTED_EDGE ( 'NONE', *, *, #5032, .F. ) ;
#5076 = ORIENTED_EDGE ( 'NONE', *, *, #4810, .T. ) ;
#5077 = ORIENTED_EDGE ( 'NONE', *, *, #4896, .T. ) ;
#5078 = ORIENTED_EDGE ( 'NONE', *, *, #5079, .F. ) ;
#5079 = EDGE_CURVE ( 'NONE', #5004, #4967, #1858, .T. ) ;
#5080 = ORIENTED_EDGE ( 'NONE', *, *, #5003, .F. ) ;
#5081 = ORIENTED_EDGE ( 'NONE', *, *, #4825, .T. ) ;
#5082 = ORIENTED_EDGE ( 'NONE', *, *, #4943, .T. ) ;
#5083 = ADVANCED_FACE ( 'NONE', ( #1876 ), #1928, .T. ) ;
#5084 = ORIENTED_EDGE ( 'NONE', *, *, #5291, .F. ) ;
#5085 = ORIENTED_EDGE ( 'NONE', *, *, #4986, .T. ) ;
#5086 = ORIENTED_EDGE ( 'NONE', *, *, #5087, .T. ) ;
#5087 = EDGE_CURVE ( 'NONE', #4843, #5301, #1932, .T. ) ;
#5088 = ORIENTED_EDGE ( 'NONE', *, *, #5250, .F. ) ;
#5089 = ORIENTED_EDGE ( 'NONE', *, *, #5090, .T. ) ;
#5090 = EDGE_CURVE ( 'NONE', #4856, #5341, #1910, .T. ) ;
#5091 = ADVANCED_FACE ( 'NONE', ( #1930 ), #1933, .T. ) ;
#5092 = EDGE_LOOP ( 'NONE', ( #5093, #5475, #5423, #5424 ) ) ;
#5093 = ORIENTED_EDGE ( 'NONE', *, *, #5231, .F. ) ;
#5094 = ORIENTED_EDGE ( 'NONE', *, *, #5283, .F. ) ;
#5095 = ORIENTED_EDGE ( 'NONE', *, *, #4748, .T. ) ;
#5096 = ORIENTED_EDGE ( 'NONE', *, *, #5100, .F. ) ;
#5097 = ORIENTED_EDGE ( 'NONE', *, *, #5060, .T. ) ;
#5098 = VERTEX_POINT ( 'NONE', #12170 ) ;
#5099 = ORIENTED_EDGE ( 'NONE', *, *, #5100, .T. ) ;
#5100 = EDGE_CURVE ( 'NONE', #5315, #5222, #12147, .T. ) ;
#5101 = ORIENTED_EDGE ( 'NONE', *, *, #5221, .F. ) ;
#5102 = ORIENTED_EDGE ( 'NONE', *, *, #5216, .T. ) ;
#5103 = EDGE_CURVE ( 'NONE', #5013, #5336, #12143, .T. ) ;
#5104 = EDGE_CURVE ( 'NONE', #5098, #5211, #12185, .T. ) ;
#5105 = ORIENTED_EDGE ( 'NONE', *, *, #5247, .F. ) ;
#5106 = VERTEX_POINT ( 'NONE', #12159 ) ;
#5107 = VERTEX_POINT ( 'NONE', #12156 ) ;
#5108 = ORIENTED_EDGE ( 'NONE', *, *, #5109, .F. ) ;
#5109 = EDGE_CURVE ( 'NONE', #5107, #5106, #12183, .T. ) ;
#5110 = ADVANCED_FACE ( 'NONE', ( #12184 ), #12153, .F. ) ;
#5111 = ORIENTED_EDGE ( 'NONE', *, *, #5246, .F. ) ;
#5112 = EDGE_CURVE ( 'NONE', #5336, #5334, #12139, .T. ) ;
#5113 = ORIENTED_EDGE ( 'NONE', *, *, #5114, .T. ) ;
#5114 = EDGE_CURVE ( 'NONE', #5336, #5071, #10823, .T. ) ;
#5115 = VERTEX_POINT ( 'NONE', #10822 ) ;
#5116 = EDGE_CURVE ( 'NONE', #5142, #4838, #10835, .T. ) ;
#5117 = ORIENTED_EDGE ( 'NONE', *, *, #5304, .F. ) ;
#5118 = ORIENTED_EDGE ( 'NONE', *, *, #5119, .T. ) ;
#5119 = EDGE_CURVE ( 'NONE', #5162, #4963, #10845, .T. ) ;
#5120 = VECTOR ( 'NONE', #5449, 1000.000000000000000 ) ;
#5121 = CARTESIAN_POINT ( 'NONE',  ( -6.338434553880310000, 5.096630677155448400, 1.651132113594383100 ) ) ;
#5122 = EDGE_CURVE ( 'NONE', #4880, #5312, #10802, .T. ) ;
#5123 = LINE ( 'NONE', #5121, #5120 ) ;
#5124 = CARTESIAN_POINT ( 'NONE',  ( -6.338434553880310000, 9.552345989847749400, 3.606893342440189900 ) ) ;
#5125 = EDGE_LOOP ( 'NONE', ( #5150, #5268, #5199, #5200 ) ) ;
#5126 = EDGE_CURVE ( 'NONE', #5276, #5064, #10803, .T. ) ;
#5127 = VECTOR ( 'NONE', #5204, 1000.000000000000100 ) ;
#5128 = VERTEX_POINT ( 'NONE', #10825 ) ;
#5129 = VERTEX_POINT ( 'NONE', #10830 ) ;
#5130 = ORIENTED_EDGE ( 'NONE', *, *, #5240, .T. ) ;
#5131 = ORIENTED_EDGE ( 'NONE', *, *, #5132, .F. ) ;
#5132 = EDGE_CURVE ( 'NONE', #5312, #5128, #10829, .T. ) ;
#5133 = AXIS2_PLACEMENT_3D ( 'NONE', #5151, #5140, #5224 ) ;
#5134 = ADVANCED_FACE ( 'NONE', ( #10811 ), #10852, .T. ) ;
#5135 = EDGE_CURVE ( 'NONE', #5064, #5196, #10873, .T. ) ;
#5136 = ORIENTED_EDGE ( 'NONE', *, *, #4855, .F. ) ;
#5137 = ORIENTED_EDGE ( 'NONE', *, *, #4819, .T. ) ;
#5138 = EDGE_CURVE ( 'NONE', #5192, #5248, #10864, .T. ) ;
#5139 = VERTEX_POINT ( 'NONE', #10865 ) ;
#5140 = DIRECTION ( 'NONE',  ( 1.000000000000000000, 0.0000000000000000000, 0.0000000000000000000 ) ) ;
#5141 = ADVANCED_FACE ( 'NONE', ( #10874 ), #10855, .F. ) ;
#5142 = VERTEX_POINT ( 'NONE', #10897 ) ;
#5143 = EDGE_CURVE ( 'NONE', #4920, #4821, #10907, .T. ) ;
#5144 = ORIENTED_EDGE ( 'NONE', *, *, #5145, .T. ) ;
#5145 = EDGE_CURVE ( 'NONE', #5337, #5196, #10912, .T. ) ;
#5146 = ORIENTED_EDGE ( 'NONE', *, *, #5283, .T. ) ;
#5147 = ORIENTED_EDGE ( 'NONE', *, *, #5159, .T. ) ;
#5148 = ORIENTED_EDGE ( 'NONE', *, *, #5180, .T. ) ;
#5149 = ADVANCED_FACE ( 'NONE', ( #10921 ), #10893, .F. ) ;
#5150 = ORIENTED_EDGE ( 'NONE', *, *, #5209, .F. ) ;
#5151 = CARTESIAN_POINT ( 'NONE',  ( -6.338434553880310000, 4.354504380899337300, 1.173581314121120900 ) ) ;
#5152 = ADVANCED_FACE ( 'NONE', ( #10932 ), #10944, .T. ) ;
#5153 = ORIENTED_EDGE ( 'NONE', *, *, #5209, .T. ) ;
#5154 = ORIENTED_EDGE ( 'NONE', *, *, #5155, .F. ) ;
#5155 = EDGE_CURVE ( 'NONE', #5156, #5267, #10935, .T. ) ;
#5156 = VERTEX_POINT ( 'NONE', #10976 ) ;
#5157 = ORIENTED_EDGE ( 'NONE', *, *, #5269, .F. ) ;
#5158 = ORIENTED_EDGE ( 'NONE', *, *, #5183, .T. ) ;
#5159 = EDGE_CURVE ( 'NONE', #5037, #5301, #10991, .T. ) ;
#5160 = EDGE_CURVE ( 'NONE', #4920, #4958, #10974, .T. ) ;
#5161 = EDGE_CURVE ( 'NONE', #5162, #4920, #10969, .T. ) ;
#5162 = VERTEX_POINT ( 'NONE', #10979 ) ;
#5163 = VERTEX_POINT ( 'NONE', #10990 ) ;
#5164 = ORIENTED_EDGE ( 'NONE', *, *, #5116, .F. ) ;
#5165 = ORIENTED_EDGE ( 'NONE', *, *, #5166, .F. ) ;
#5166 = EDGE_CURVE ( 'NONE', #5139, #5192, #10989, .T. ) ;
#5167 = ORIENTED_EDGE ( 'NONE', *, *, #5168, .T. ) ;
#5168 = EDGE_CURVE ( 'NONE', #5281, #4866, #10951, .T. ) ;
#5169 = ORIENTED_EDGE ( 'NONE', *, *, #5055, .T. ) ;
#5170 = ORIENTED_EDGE ( 'NONE', *, *, #5183, .F. ) ;
#5171 = VERTEX_POINT ( 'NONE', #10952 ) ;
#5172 = ORIENTED_EDGE ( 'NONE', *, *, #5173, .T. ) ;
#5173 = EDGE_CURVE ( 'NONE', #5279, #5174, #11005, .T. ) ;
#5174 = VERTEX_POINT ( 'NONE', #10970 ) ;
#5175 = ORIENTED_EDGE ( 'NONE', *, *, #5176, .F. ) ;
#5176 = EDGE_CURVE ( 'NONE', #5128, #5129, #10975, .T. ) ;
#5177 = EDGE_CURVE ( 'NONE', #5049, #5279, #11001, .T. ) ;
#5178 = ORIENTED_EDGE ( 'NONE', *, *, #5177, .T. ) ;
#5179 = ORIENTED_EDGE ( 'NONE', *, *, #5126, .T. ) ;
#5180 = EDGE_CURVE ( 'NONE', #5196, #5171, #10967, .T. ) ;
#5181 = EDGE_LOOP ( 'NONE', ( #5241, #5148, #5170, #5179 ) ) ;
#5182 = ORIENTED_EDGE ( 'NONE', *, *, #5278, .T. ) ;
#5183 = EDGE_CURVE ( 'NONE', #5276, #5171, #10954, .T. ) ;
#5184 = ADVANCED_FACE ( 'NONE', ( #10995 ), #11032, .F. ) ;
#5185 = EDGE_LOOP ( 'NONE', ( #5310, #5178, #5182, #5131 ) ) ;
#5186 = VERTEX_POINT ( 'NONE', #11027 ) ;
#5187 = VERTEX_POINT ( 'NONE', #11024 ) ;
#5188 = ORIENTED_EDGE ( 'NONE', *, *, #5189, .F. ) ;
#5189 = EDGE_CURVE ( 'NONE', #5248, #5186, #11011, .T. ) ;
#5190 = ORIENTED_EDGE ( 'NONE', *, *, #5311, .T. ) ;
#5191 = ORIENTED_EDGE ( 'NONE', *, *, #5122, .F. ) ;
#5192 = VERTEX_POINT ( 'NONE', #11007 ) ;
#5193 = ORIENTED_EDGE ( 'NONE', *, *, #5069, .T. ) ;
#5194 = EDGE_LOOP ( 'NONE', ( #5244, #5144, #5197, #5065, #5335, #5113 ) ) ;
#5195 = ORIENTED_EDGE ( 'NONE', *, *, #5073, .T. ) ;
#5196 = VERTEX_POINT ( 'NONE', #11006 ) ;
#5197 = ORIENTED_EDGE ( 'NONE', *, *, #5135, .F. ) ;
#5198 = ORIENTED_EDGE ( 'NONE', *, *, #4999, .F. ) ;
#5199 = ORIENTED_EDGE ( 'NONE', *, *, #4805, .T. ) ;
#5200 = ORIENTED_EDGE ( 'NONE', *, *, #5201, .F. ) ;
#5201 = EDGE_CURVE ( 'NONE', #5267, #4886, #11030, .T. ) ;
#5202 = ADVANCED_FACE ( 'NONE', ( #11045 ), #11072, .T. ) ;
#5203 = EDGE_LOOP ( 'NONE', ( #5206, #5238, #5153, #5154, #5157, #5271 ) ) ;
#5204 = DIRECTION ( 'NONE',  ( -0.0000000000000000000, -0.4650976089534177800, -0.8852594050027446900 ) ) ;
#5205 = CARTESIAN_POINT ( 'NONE',  ( -6.338434553880310000, 8.818494261839980200, 1.824671389836793400 ) ) ;
#5206 = ORIENTED_EDGE ( 'NONE', *, *, #5236, .T. ) ;
#5207 = ORIENTED_EDGE ( 'NONE', *, *, #4802, .F. ) ;
#5208 = ORIENTED_EDGE ( 'NONE', *, *, #5280, .T. ) ;
#5209 = EDGE_CURVE ( 'NONE', #5266, #5267, #11087, .T. ) ;
#5210 = ORIENTED_EDGE ( 'NONE', *, *, #4682, .F. ) ;
#5211 = VERTEX_POINT ( 'NONE', #11080 ) ;
#5212 = ORIENTED_EDGE ( 'NONE', *, *, #5329, .F. ) ;
#5213 = EDGE_CURVE ( 'NONE', #5211, #4683, #11079, .T. ) ;
#5214 = ADVANCED_FACE ( 'NONE', ( #11159 ), #11183, .T. ) ;
#5215 = VERTEX_POINT ( 'NONE', #11184 ) ;
#5216 = EDGE_CURVE ( 'NONE', #5187, #5098, #11189, .T. ) ;
#5217 = ORIENTED_EDGE ( 'NONE', *, *, #5114, .F. ) ;
#5218 = ADVANCED_FACE ( 'NONE', ( #11147, #11169, #11168 ), #11247, .T. ) ;
#5219 = EDGE_LOOP ( 'NONE', ( #5327, #5108 ) ) ;
#5220 = ORIENTED_EDGE ( 'NONE', *, *, #5321, .F. ) ;
#5221 = EDGE_CURVE ( 'NONE', #5215, #5222, #11245, .T. ) ;
#5222 = VERTEX_POINT ( 'NONE', #11207 ) ;
#5223 = EDGE_LOOP ( 'NONE', ( #5220, #5102, #5319, #5212 ) ) ;
#5225 = EDGE_LOOP ( 'NONE', ( #5210, #5314, #5099, #5101, #5235, #5261 ) ) ;
#5224 = DIRECTION ( 'NONE',  ( 0.0000000000000000000, -3.916066504679277800E-017, -1.000000000000000000 ) ) ;
#5226 = EDGE_CURVE ( 'NONE', #5057, #5098, #11205, .T. ) ;
#5227 = EDGE_CURVE ( 'NONE', #4680, #5315, #11213, .T. ) ;
#5228 = ORIENTED_EDGE ( 'NONE', *, *, #4889, .T. ) ;
#5229 = ORIENTED_EDGE ( 'NONE', *, *, #5230, .T. ) ;
#5230 = EDGE_CURVE ( 'NONE', #4882, #5071, #11246, .T. ) ;
#5231 = EDGE_CURVE ( 'NONE', #5324, #4814, #11242, .T. ) ;
#5232 = ORIENTED_EDGE ( 'NONE', *, *, #4724, .T. ) ;
#5233 = EDGE_LOOP ( 'NONE', ( #5234, #5262 ) ) ;
#5234 = ORIENTED_EDGE ( 'NONE', *, *, #4831, .T. ) ;
#5235 = ORIENTED_EDGE ( 'NONE', *, *, #5329, .T. ) ;
#5236 = EDGE_CURVE ( 'NONE', #5192, #5237, #11216, .T. ) ;
#5237 = VERTEX_POINT ( 'NONE', #11217 ) ;
#5238 = ORIENTED_EDGE ( 'NONE', *, *, #5239, .T. ) ;
#5239 = EDGE_CURVE ( 'NONE', #5237, #5266, #11248, .T. ) ;
#5240 = EDGE_CURVE ( 'NONE', #5171, #5129, #11211, .T. ) ;
#5241 = ORIENTED_EDGE ( 'NONE', *, *, #5135, .T. ) ;
#5242 = ORIENTED_EDGE ( 'NONE', *, *, #5282, .F. ) ;
#5243 = EDGE_LOOP ( 'NONE', ( #5063, #5068, #5165, #5193 ) ) ;
#5244 = ORIENTED_EDGE ( 'NONE', *, *, #5245, .T. ) ;
#5245 = EDGE_CURVE ( 'NONE', #5071, #5337, #11225, .T. ) ;
#5246 = EDGE_CURVE ( 'NONE', #4881, #5142, #11223, .T. ) ;
#5247 = EDGE_CURVE ( 'NONE', #4908, #5248, #11219, .T. ) ;
#5248 = VERTEX_POINT ( 'NONE', #11257 ) ;
#5249 = ORIENTED_EDGE ( 'NONE', *, *, #5250, .T. ) ;
#5250 = EDGE_CURVE ( 'NONE', #4808, #5301, #11278, .T. ) ;
#5251 = ADVANCED_FACE ( 'NONE', ( #11295 ), #11279, .F. ) ;
#5252 = ADVANCED_FACE ( 'NONE', ( #11281 ), #11311, .T. ) ;
#5253 = EDGE_LOOP ( 'NONE', ( #5418, #5461, #5463, #5464, #5363, #5382 ) ) ;
#5254 = ORIENTED_EDGE ( 'NONE', *, *, #5255, .F. ) ;
#5255 = EDGE_CURVE ( 'NONE', #4826, #4958, #11314, .T. ) ;
#5256 = ORIENTED_EDGE ( 'NONE', *, *, #5292, .T. ) ;
#5257 = EDGE_LOOP ( 'NONE', ( #5258, #5322, #5325, #5232 ) ) ;
#5258 = ORIENTED_EDGE ( 'NONE', *, *, #5259, .F. ) ;
#5259 = EDGE_CURVE ( 'NONE', #5260, #4722, #11299, .T. ) ;
#5260 = VERTEX_POINT ( 'NONE', #11306 ) ;
#5261 = ORIENTED_EDGE ( 'NONE', *, *, #5213, .T. ) ;
#5262 = ORIENTED_EDGE ( 'NONE', *, *, #5263, .T. ) ;
#5263 = EDGE_CURVE ( 'NONE', #4737, #4832, #11329, .T. ) ;
#5264 = ADVANCED_FACE ( 'NONE', ( #11332, #11337, #11331 ), #11435, .F. ) ;
#5265 = EDGE_LOOP ( 'NONE', ( #5095, #5256 ) ) ;
#5266 = VERTEX_POINT ( 'NONE', #11401 ) ;
#5267 = VERTEX_POINT ( 'NONE', #11400 ) ;
#5268 = ORIENTED_EDGE ( 'NONE', *, *, #5313, .T. ) ;
#5269 = EDGE_CURVE ( 'NONE', #5139, #5156, #11371, .T. ) ;
#5270 = PLANE ( 'NONE',  #5133 ) ;
#5271 = ORIENTED_EDGE ( 'NONE', *, *, #5166, .T. ) ;
#5272 = ADVANCED_FACE ( 'NONE', ( #11364 ), #11393, .F. ) ;
#5273 = EDGE_LOOP ( 'NONE', ( #5274, #5188, #5105, #5097, #5316, #5320 ) ) ;
#5274 = ORIENTED_EDGE ( 'NONE', *, *, #5275, .F. ) ;
#5275 = EDGE_CURVE ( 'NONE', #5186, #5187, #11441, .T. ) ;
#5276 = VERTEX_POINT ( 'NONE', #11389 ) ;
#5277 = ORIENTED_EDGE ( 'NONE', *, *, #5278, .F. ) ;
#5278 = EDGE_CURVE ( 'NONE', #5279, #5128, #11382, .T. ) ;
#5279 = VERTEX_POINT ( 'NONE', #11433 ) ;
#5280 = EDGE_CURVE ( 'NONE', #5002, #5281, #11432, .T. ) ;
#5281 = VERTEX_POINT ( 'NONE', #11436 ) ;
#5282 = EDGE_CURVE ( 'NONE', #4856, #5067, #11426, .T. ) ;
#5283 = EDGE_CURVE ( 'NONE', #5301, #5019, #11406, .T. ) ;
#5284 = ADVANCED_FACE ( 'NONE', ( #11454 ), #11451, .T. ) ;
#5285 = EDGE_LOOP ( 'NONE', ( #5286, #5415, #5417, #5435 ) ) ;
#5286 = ORIENTED_EDGE ( 'NONE', *, *, #4918, .F. ) ;
#5287 = ORIENTED_EDGE ( 'NONE', *, *, #5288, .F. ) ;
#5288 = EDGE_CURVE ( 'NONE', #5427, #5260, #11471, .T. ) ;
#5289 = ORIENTED_EDGE ( 'NONE', *, *, #5293, .F. ) ;
#5290 = ORIENTED_EDGE ( 'NONE', *, *, #5291, .T. ) ;
#5291 = EDGE_CURVE ( 'NONE', #4970, #4808, #11460, .T. ) ;
#5292 = EDGE_CURVE ( 'NONE', #4746, #4749, #11462, .T. ) ;
#5293 = EDGE_CURVE ( 'NONE', #5067, #5427, #11530, .T. ) ;
#5294 = LINE ( 'NONE', #5205, #5127 ) ;
#5295 = ADVANCED_FACE ( 'NONE', ( #11616 ), #11607, .T. ) ;
#5296 = EDGE_LOOP ( 'NONE', ( #5297, #5298, #5299, #5300 ) ) ;
#5297 = ORIENTED_EDGE ( 'NONE', *, *, #4987, .T. ) ;
#5298 = ORIENTED_EDGE ( 'NONE', *, *, #5451, .T. ) ;
#5299 = ORIENTED_EDGE ( 'NONE', *, *, #5073, .F. ) ;
#5300 = ORIENTED_EDGE ( 'NONE', *, *, #5079, .T. ) ;
#5301 = VERTEX_POINT ( 'NONE', #11608 ) ;
#5302 = ORIENTED_EDGE ( 'NONE', *, *, #5159, .F. ) ;
#5303 = EDGE_LOOP ( 'NONE', ( #5198, #4913, #5331, #5332 ) ) ;
#5304 = EDGE_CURVE ( 'NONE', #4963, #5163, #11557, .T. ) ;
#5305 = EDGE_LOOP ( 'NONE', ( #5207, #5208, #5167, #5169, #5190, #5191 ) ) ;
#5306 = ORIENTED_EDGE ( 'NONE', *, *, #5307, .T. ) ;
#5307 = EDGE_CURVE ( 'NONE', #5174, #5276, #11621, .T. ) ;
#5308 = EDGE_LOOP ( 'NONE', ( #5158, #5130, #5175, #5277, #5172, #5306 ) ) ;
#5309 = ADVANCED_FACE ( 'NONE', ( #11524 ), #11491, .T. ) ;
#5310 = ORIENTED_EDGE ( 'NONE', *, *, #5311, .F. ) ;
#5311 = EDGE_CURVE ( 'NONE', #5049, #5312, #11514, .T. ) ;
#5312 = VERTEX_POINT ( 'NONE', #11497 ) ;
#5313 = EDGE_CURVE ( 'NONE', #5266, #4817, #11495, .T. ) ;
#5314 = ORIENTED_EDGE ( 'NONE', *, *, #5227, .T. ) ;
#5315 = VERTEX_POINT ( 'NONE', #11591 ) ;
#5316 = ORIENTED_EDGE ( 'NONE', *, *, #5226, .T. ) ;
#5317 = EDGE_LOOP ( 'NONE', ( #5318, #5228, #5229, #5217 ) ) ;
#5318 = ORIENTED_EDGE ( 'NONE', *, *, #5103, .F. ) ;
#5319 = ORIENTED_EDGE ( 'NONE', *, *, #5104, .T. ) ;
#5320 = ORIENTED_EDGE ( 'NONE', *, *, #5216, .F. ) ;
#5321 = EDGE_CURVE ( 'NONE', #5187, #5215, #11588, .T. ) ;
#5322 = ORIENTED_EDGE ( 'NONE', *, *, #5323, .F. ) ;
#5323 = EDGE_CURVE ( 'NONE', #5324, #5260, #11589, .T. ) ;
#5324 = VERTEX_POINT ( 'NONE', #11625 ) ;
#5325 = ORIENTED_EDGE ( 'NONE', *, *, #5231, .T. ) ;
#5326 = ADVANCED_FACE ( 'NONE', ( #11624 ), #11650, .T. ) ;
#5327 = ORIENTED_EDGE ( 'NONE', *, *, #5328, .F. ) ;
#5328 = EDGE_CURVE ( 'NONE', #5106, #5107, #11727, .T. ) ;
#5329 = EDGE_CURVE ( 'NONE', #5215, #5211, #11698, .T. ) ;
#5330 = ADVANCED_FACE ( 'NONE', ( #11699 ), #11708, .T. ) ;
#5331 = ORIENTED_EDGE ( 'NONE', *, *, #5160, .T. ) ;
#5332 = ORIENTED_EDGE ( 'NONE', *, *, #5333, .T. ) ;
#5333 = EDGE_CURVE ( 'NONE', #4958, #5000, #11740, .T. ) ;
#5334 = VERTEX_POINT ( 'NONE', #11750 ) ;
#5335 = ORIENTED_EDGE ( 'NONE', *, *, #5112, .F. ) ;
#5336 = VERTEX_POINT ( 'NONE', #11761 ) ;
#5337 = VERTEX_POINT ( 'NONE', #11744 ) ;
#5338 = ORIENTED_EDGE ( 'NONE', *, *, #5451, .F. ) ;
#5339 = EDGE_CURVE ( 'NONE', #5474, #4814, #11743, .T. ) ;
#5340 = PRESENTATION_LAYER_ASSIGNMENT (  '', '', ( #5422 ) ) ;
#5341 = VERTEX_POINT ( 'NONE', #11764 ) ;
#5342 = FILL_AREA_STYLE_COLOUR ( '', #5346 ) ;
#5343 = EDGE_CURVE ( 'NONE', #5341, #5474, #11745, .T. ) ;
#5344 = ADVANCED_FACE ( 'NONE', ( #11779 ), #11774, .T. ) ;
#5345 = ADVANCED_FACE ( 'NONE', ( #11859 ), #11832, .T. ) ;
#5346 = COLOUR_RGB ( '',0.8313725490196077800, 0.8392156862745098200, 0.8274509803921568100 ) ;
#5347 = ORIENTED_EDGE ( 'NONE', *, *, #5448, .T. ) ;
#5348 =( NAMED_UNIT ( * ) PLANE_ANGLE_UNIT ( ) SI_UNIT ( $, .RADIAN. ) );
#5349 = ORIENTED_EDGE ( 'NONE', *, *, #4721, .T. ) ;
#5350 = ORIENTED_EDGE ( 'NONE', *, *, #5122, .T. ) ;
#5351 = ORIENTED_EDGE ( 'NONE', *, *, #5499, .T. ) ;
#5352 = ORIENTED_EDGE ( 'NONE', *, *, #5353, .F. ) ;
#5353 = EDGE_CURVE ( 'NONE', #5057, #5156, #11800, .T. ) ;
#5354 = ADVANCED_FACE ( 'NONE', ( #11840 ), #11775, .F. ) ;
#5355 = ORIENTED_EDGE ( 'NONE', *, *, #5293, .T. ) ;
#5356 = ORIENTED_EDGE ( 'NONE', *, *, #5104, .F. ) ;
#5357 = ADVANCED_FACE ( 'NONE', ( #11971 ), #11992, .T. ) ;
#5358 = EDGE_CURVE ( 'NONE', #5474, #4793, #11795, .T. ) ;
#5359 = ORIENTED_EDGE ( 'NONE', *, *, #5564, .F. ) ;
#5360 = ORIENTED_EDGE ( 'NONE', *, *, #4876, .T. ) ;
#5361 = ORIENTED_EDGE ( 'NONE', *, *, #5362, .T. ) ;
#5362 = EDGE_CURVE ( 'NONE', #5030, #5156, #12000, .T. ) ;
#5363 = ORIENTED_EDGE ( 'NONE', *, *, #5358, .T. ) ;
#5364 = EDGE_LOOP ( 'NONE', ( #5397, #5349, #5361, #5352, #5376, #5377 ) ) ;
#5365 = ORIENTED_EDGE ( 'NONE', *, *, #4834, .T. ) ;
#5366 = ORIENTED_EDGE ( 'NONE', *, *, #5263, .F. ) ;
#5367 = ADVANCED_FACE ( 'NONE', ( #11999 ), #12023, .T. ) ;
#5368 = EDGE_LOOP ( 'NONE', ( #5369, #5578, #5547, #5507 ) ) ;
#5369 = ORIENTED_EDGE ( 'NONE', *, *, #5112, .T. ) ;
#5370 = ORIENTED_EDGE ( 'NONE', *, *, #5373, .T. ) ;
#5371 = ORIENTED_EDGE ( 'NONE', *, *, #5426, .F. ) ;
#5372 = ADVANCED_FACE ( 'NONE', ( #12037 ), #12098, .T. ) ;
#5373 = EDGE_CURVE ( 'NONE', #4722, #5432, #12106, .T. ) ;
#5374 = EDGE_LOOP ( 'NONE', ( #5359, #5360, #5350, #5351, #5476, #5477 ) ) ;
#5375 = ORIENTED_EDGE ( 'NONE', *, *, #5259, .T. ) ;
#5376 = ORIENTED_EDGE ( 'NONE', *, *, #5056, .F. ) ;
#5377 = ORIENTED_EDGE ( 'NONE', *, *, #5498, .F. ) ;
#5378 = ORIENTED_EDGE ( 'NONE', *, *, #5155, .T. ) ;
#5379 = ORIENTED_EDGE ( 'NONE', *, *, #5399, .T. ) ;
#5380 = ORIENTED_EDGE ( 'NONE', *, *, #5226, .F. ) ;
#5381 = EDGE_LOOP ( 'NONE', ( #5493, #5495, #5560, #5567 ) ) ;
#5382 = ORIENTED_EDGE ( 'NONE', *, *, #4792, .T. ) ;
#5383 = ORIENTED_EDGE ( 'NONE', *, *, #5288, .T. ) ;
#5384 = ADVANCED_FACE ( 'NONE', ( #12093 ), #12200, .T. ) ;
#5385 = FILL_AREA_STYLE ('',( #5342 ) ) ;
#5386 = EDGE_LOOP ( 'NONE', ( #5254, #5081, #5082, #5290, #5468, #5469 ) ) ;
#5387 = DIRECTION ( 'NONE',  ( 0.0000000000000000000, -3.916066504679277800E-017, -1.000000000000000000 ) ) ;
#5389 = ADVANCED_FACE ( 'NONE', ( #12216 ), #12215, .T. ) ;
#5388 = DIRECTION ( 'NONE',  ( 1.000000000000000000, 0.0000000000000000000, 0.0000000000000000000 ) ) ;
#5390 = ADVANCED_FACE ( 'NONE', ( #12221 ), #7751, .T. ) ;
#5391 = EDGE_LOOP ( 'NONE', ( #5392, #5393, #5394, #5395 ) ) ;
#5392 = ORIENTED_EDGE ( 'NONE', *, *, #5448, .F. ) ;
#5393 = ORIENTED_EDGE ( 'NONE', *, *, #4869, .F. ) ;
#5394 = ORIENTED_EDGE ( 'NONE', *, *, #5466, .T. ) ;
#5395 = ORIENTED_EDGE ( 'NONE', *, *, #5323, .T. ) ;
#5396 = EDGE_LOOP ( 'NONE', ( #5355, #5479, #5480, #5481 ) ) ;
#5397 = ORIENTED_EDGE ( 'NONE', *, *, #5373, .F. ) ;
#5398 = ORIENTED_EDGE ( 'NONE', *, *, #5399, .F. ) ;
#5399 = EDGE_CURVE ( 'NONE', #5267, #5098, #7758, .T. ) ;
#5400 = ORIENTED_EDGE ( 'NONE', *, *, #5201, .T. ) ;
#5401 = CARTESIAN_POINT ( 'NONE',  ( -6.338434553880310000, 5.096630677155448400, 1.651132113594383100 ) ) ;
#5402 = ADVANCED_FACE ( 'NONE', ( #7757 ), #7607, .T. ) ;
#5403 = PLANE ( 'NONE',  #5482 ) ;
#5404 = ORIENTED_EDGE ( 'NONE', *, *, #5499, .F. ) ;
#5405 = ORIENTED_EDGE ( 'NONE', *, *, #5132, .T. ) ;
#5406 = ORIENTED_EDGE ( 'NONE', *, *, #5407, .F. ) ;
#5407 = EDGE_CURVE ( 'NONE', #5071, #5128, #7640, .T. ) ;
#5408 = ORIENTED_EDGE ( 'NONE', *, *, #5230, .F. ) ;
#5409 = ORIENTED_EDGE ( 'NONE', *, *, #5358, .F. ) ;
#5410 = ORIENTED_EDGE ( 'NONE', *, *, #5430, .T. ) ;
#5411 = ORIENTED_EDGE ( 'NONE', *, *, #5498, .T. ) ;
#5412 = ADVANCED_FACE ( 'NONE', ( #7629 ), #7618, .F. ) ;
#5413 = EDGE_LOOP ( 'NONE', ( #5414, #5439, #5441, #5442 ) ) ;
#5414 = ORIENTED_EDGE ( 'NONE', *, *, #5176, .T. ) ;
#5415 = ORIENTED_EDGE ( 'NONE', *, *, #5416, .T. ) ;
#5416 = EDGE_CURVE ( 'NONE', #4957, #4937, #7662, .T. ) ;
#5417 = ORIENTED_EDGE ( 'NONE', *, *, #4936, .T. ) ;
#5418 = ORIENTED_EDGE ( 'NONE', *, *, #5069, .F. ) ;
#5419 = SURFACE_SIDE_STYLE ('',( #5484 ) ) ;
#5420 =( GEOMETRIC_REPRESENTATION_CONTEXT ( 3 ) GLOBAL_UNCERTAINTY_ASSIGNED_CONTEXT ( ( #5447 ) ) GLOBAL_UNIT_ASSIGNED_CONTEXT ( ( #5454, #5348, #5421 ) ) REPRESENTATION_CONTEXT ( 'NONE', 'WORKASPACE' ) );
#5421 =( NAMED_UNIT ( * ) SI_UNIT ( $, .STERADIAN. ) SOLID_ANGLE_UNIT ( ) );
#5422 = STYLED_ITEM ( 'NONE', ( #5450 ), #3730 ) ;
#5423 = ORIENTED_EDGE ( 'NONE', *, *, #5343, .T. ) ;
#5424 = ORIENTED_EDGE ( 'NONE', *, *, #5339, .T. ) ;
#5425 = EDGE_LOOP ( 'NONE', ( #5338, #5347, #5287, #5289 ) ) ;
#5426 = EDGE_CURVE ( 'NONE', #5427, #5432, #7691, .T. ) ;
#5427 = VERTEX_POINT ( 'NONE', #7741 ) ;
#5428 = EDGE_LOOP ( 'NONE', ( #5084, #5085, #5086, #5088 ) ) ;
#5429 = ORIENTED_EDGE ( 'NONE', *, *, #5430, .F. ) ;
#5430 = EDGE_CURVE ( 'NONE', #5474, #5432, #7734, .T. ) ;
#5431 = ORIENTED_EDGE ( 'NONE', *, *, #5426, .T. ) ;
#5432 = VERTEX_POINT ( 'NONE', #7732 ) ;
#5433 = ORIENTED_EDGE ( 'NONE', *, *, #5343, .F. ) ;
#5434 = EDGE_LOOP ( 'NONE', ( #5431, #5429, #5433, #5455 ) ) ;
#5435 = ORIENTED_EDGE ( 'NONE', *, *, #5255, .T. ) ;
#5436 = ADVANCED_FACE ( 'NONE', ( #7740 ), #7657, .T. ) ;
#5437 = ADVANCED_FACE ( 'NONE', ( #7785 ), #7727, .T. ) ;
#5438 = EDGE_LOOP ( 'NONE', ( #5378, #5379, #5380, #5491 ) ) ;
#5439 = ORIENTED_EDGE ( 'NONE', *, *, #5440, .T. ) ;
#5440 = EDGE_CURVE ( 'NONE', #5129, #5337, #7789, .T. ) ;
#5441 = ORIENTED_EDGE ( 'NONE', *, *, #5245, .F. ) ;
#5442 = ORIENTED_EDGE ( 'NONE', *, *, #5407, .T. ) ;
#5443 = ADVANCED_FACE ( 'NONE', ( #7799 ), #7805, .F. ) ;
#5444 = EDGE_LOOP ( 'NONE', ( #5445, #5446, #5365, #5366 ) ) ;
#5445 = ORIENTED_EDGE ( 'NONE', *, *, #4736, .F. ) ;
#5446 = ORIENTED_EDGE ( 'NONE', *, *, #5453, .T. ) ;
#5447 = UNCERTAINTY_MEASURE_WITH_UNIT (LENGTH_MEASURE( 1.000000000000000100E-005 ), #5454, 'distance_accuracy_value', 'NONE');
#5448 = EDGE_CURVE ( 'NONE', #4870, #5260, #7709, .T. ) ;
#5449 = DIRECTION ( 'NONE',  ( 0.0000000000000000000, 0.5454545454545448600, -0.8381404052084446800 ) ) ;
#5450 = PRESENTATION_STYLE_ASSIGNMENT (( #5470 ) ) ;
#5451 = EDGE_CURVE ( 'NONE', #4870, #5067, #7814, .T. ) ;
#5453 = EDGE_CURVE ( 'NONE', #4699, #4698, #7843, .T. ) ;
#5452 = FACE_OUTER_BOUND ( 'NONE', #3590, .T. ) ;
#5454 =( LENGTH_UNIT ( ) NAMED_UNIT ( * ) SI_UNIT ( .MILLI., .METRE. ) );
#5455 = ORIENTED_EDGE ( 'NONE', *, *, #5456, .T. ) ;
#5456 = EDGE_CURVE ( 'NONE', #5341, #5427, #7844, .T. ) ;
#5457 = EDGE_LOOP ( 'NONE', ( #5489, #5458 ) ) ;
#5458 = ORIENTED_EDGE ( 'NONE', *, *, #5453, .F. ) ;
#5459 = EDGE_LOOP ( 'NONE', ( #5460, #5488, #5077, #5078, #5080, #5094 ) ) ;
#5460 = ORIENTED_EDGE ( 'NONE', *, *, #5087, .F. ) ;
#5461 = ORIENTED_EDGE ( 'NONE', *, *, #5462, .F. ) ;
#5462 = EDGE_CURVE ( 'NONE', #4815, #5139, #7840, .T. ) ;
#5463 = ORIENTED_EDGE ( 'NONE', *, *, #4789, .F. ) ;
#5464 = ORIENTED_EDGE ( 'NONE', *, *, #5339, .F. ) ;
#5465 = ORIENTED_EDGE ( 'NONE', *, *, #5466, .F. ) ;
#5466 = EDGE_CURVE ( 'NONE', #4904, #5324, #7845, .T. ) ;
#5467 = ORIENTED_EDGE ( 'NONE', *, *, #4858, .F. ) ;
#5468 = ORIENTED_EDGE ( 'NONE', *, *, #4807, .F. ) ;
#5469 = ORIENTED_EDGE ( 'NONE', *, *, #5333, .F. ) ;
#5470 = SURFACE_STYLE_USAGE ( .BOTH. , #5419 ) ;
#5471 = EDGE_LOOP ( 'NONE', ( #5472, #5465, #5467, #5089 ) ) ;
#5472 = ORIENTED_EDGE ( 'NONE', *, *, #5473, .F. ) ;
#5473 = EDGE_CURVE ( 'NONE', #5324, #5341, #7852, .T. ) ;
#5474 = VERTEX_POINT ( 'NONE', #7853 ) ;
#5475 = ORIENTED_EDGE ( 'NONE', *, *, #5473, .T. ) ;
#5476 = ORIENTED_EDGE ( 'NONE', *, *, #4685, .F. ) ;
#5477 = ORIENTED_EDGE ( 'NONE', *, *, #5213, .F. ) ;
#5478 = EDGE_LOOP ( 'NONE', ( #5404, #5405, #5406, #5408 ) ) ;
#5479 = ORIENTED_EDGE ( 'NONE', *, *, #5456, .F. ) ;
#5480 = ORIENTED_EDGE ( 'NONE', *, *, #5090, .F. ) ;
#5481 = ORIENTED_EDGE ( 'NONE', *, *, #5282, .T. ) ;
#5482 = AXIS2_PLACEMENT_3D ( 'NONE', #5401, #5388, #5387 ) ;
#5483 = ADVANCED_FACE ( 'NONE', ( #7826 ), #8025, .F. ) ;
#5484 = SURFACE_STYLE_FILL_AREA ( #5385 ) ;
#5485 = EDGE_LOOP ( 'NONE', ( #5486, #5409, #5410, #5411 ) ) ;
#5486 = ORIENTED_EDGE ( 'NONE', *, *, #4910, .F. ) ;
#5487 = LINE ( 'NONE', #5124, #5604 ) ;
#5488 = ORIENTED_EDGE ( 'NONE', *, *, #4842, .T. ) ;
#5489 = ORIENTED_EDGE ( 'NONE', *, *, #4697, .F. ) ;
#5490 = EDGE_LOOP ( 'NONE', ( #5398, #5400, #5522, #5356 ) ) ;
#5491 = ORIENTED_EDGE ( 'NONE', *, *, #5353, .T. ) ;
#5492 = ADVANCED_FACE ( 'NONE', ( #8027 ), #8013, .T. ) ;
#5493 = ORIENTED_EDGE ( 'NONE', *, *, #5029, .F. ) ;
#5494 = MECHANICAL_DESIGN_GEOMETRIC_PRESENTATION_REPRESENTATION (  '', ( #5422 ), #5420 ) ;
#5495 = ORIENTED_EDGE ( 'NONE', *, *, #5462, .T. ) ;
#5496 = ADVANCED_FACE ( 'NONE', ( #8031 ), #8002, .T. ) ;
#5497 = EDGE_LOOP ( 'NONE', ( #5375, #5370, #5371, #5383 ) ) ;
#5498 = EDGE_CURVE ( 'NONE', #5432, #4911, #7909, .T. ) ;
#5499 = EDGE_CURVE ( 'NONE', #5312, #4882, #7912, .T. ) ;
#5500 = ORIENTED_EDGE ( 'NONE', *, *, #5143, .T. ) ;
#5501 = EDGE_CURVE ( 'NONE', #4920, #4796, #7913, .T. ) ;
#5502 = ADVANCED_FACE ( 'NONE', ( #7914 ), #7896, .F. ) ;
#5503 = EDGE_LOOP ( 'NONE', ( #5504, #5505, #5506, #5607 ) ) ;
#5504 = ORIENTED_EDGE ( 'NONE', *, *, #5307, .F. ) ;
#5505 = ORIENTED_EDGE ( 'NONE', *, *, #5509, .F. ) ;
#5506 = ORIENTED_EDGE ( 'NONE', *, *, #5066, .F. ) ;
#5507 = ORIENTED_EDGE ( 'NONE', *, *, #5579, .T. ) ;
#5508 = EDGE_LOOP ( 'NONE', ( #5606, #5580, #5536, #5513 ) ) ;
#5509 = EDGE_CURVE ( 'NONE', #5334, #5174, #7963, .T. ) ;
#5510 = ORIENTED_EDGE ( 'NONE', *, *, #5011, .T. ) ;
#5511 = ORIENTED_EDGE ( 'NONE', *, *, #4898, .T. ) ;
#5512 = EDGE_LOOP ( 'NONE', ( #5532, #5533, #5537, #5581 ) ) ;
#5513 = ORIENTED_EDGE ( 'NONE', *, *, #5538, .F. ) ;
#5514 = ADVANCED_FACE ( 'NONE', ( #7957 ), #7974, .F. ) ;
#5515 = EDGE_LOOP ( 'NONE', ( #5597, #5602, #5531, #5534 ) ) ;
#5516 = ORIENTED_EDGE ( 'NONE', *, *, #4847, .F. ) ;
#5517 = ORIENTED_EDGE ( 'NONE', *, *, #5554, .T. ) ;
#5518 = ORIENTED_EDGE ( 'NONE', *, *, #5569, .F. ) ;
#5519 = ORIENTED_EDGE ( 'NONE', *, *, #5240, .F. ) ;
#5520 = ORIENTED_EDGE ( 'NONE', *, *, #5180, .F. ) ;
#5521 = ORIENTED_EDGE ( 'NONE', *, *, #5145, .F. ) ;
#5522 = ORIENTED_EDGE ( 'NONE', *, *, #5564, .T. ) ;
#5523 = ORIENTED_EDGE ( 'NONE', *, *, #4972, .F. ) ;
#5524 = ORIENTED_EDGE ( 'NONE', *, *, #4851, .F. ) ;
#5525 = ORIENTED_EDGE ( 'NONE', *, *, #4961, .T. ) ;
#5526 = EDGE_LOOP ( 'NONE', ( #5500, #5510, #5511, #5543, #5544, #5545 ) ) ;
#5527 = ADVANCED_FACE ( 'NONE', ( #7959 ), #7990, .T. ) ;
#5528 = EDGE_LOOP ( 'NONE', ( #5519, #5520, #5521, #5699 ) ) ;
#5529 = UNCERTAINTY_MEASURE_WITH_UNIT (LENGTH_MEASURE( 1.000000000000000100E-005 ), #6163, 'distance_accuracy_value', 'NONE');
#5530 = ORIENTED_EDGE ( 'NONE', *, *, #5501, .T. ) ;
#5531 = ORIENTED_EDGE ( 'NONE', *, *, #5313, .F. ) ;
#5532 = ORIENTED_EDGE ( 'NONE', *, *, #5577, .F. ) ;
#5533 = ORIENTED_EDGE ( 'NONE', *, *, #5239, .F. ) ;
#5534 = ORIENTED_EDGE ( 'NONE', *, *, #5577, .T. ) ;
#5535 = ADVANCED_FACE ( 'NONE', ( #7988 ), #7906, .F. ) ;
#5536 = ORIENTED_EDGE ( 'NONE', *, *, #5189, .T. ) ;
#5537 = ORIENTED_EDGE ( 'NONE', *, *, #5538, .T. ) ;
#5538 = EDGE_CURVE ( 'NONE', #5237, #5186, #7998, .T. ) ;
#5539 = EDGE_LOOP ( 'NONE', ( #5540, #5542, #5598, #5599 ) ) ;
#5540 = ORIENTED_EDGE ( 'NONE', *, *, #5541, .T. ) ;
#5541 = EDGE_CURVE ( 'NONE', #5222, #4830, #7992, .T. ) ;
#5542 = ORIENTED_EDGE ( 'NONE', *, *, #4829, .F. ) ;
#5543 = ORIENTED_EDGE ( 'NONE', *, *, #4981, .F. ) ;
#5544 = ORIENTED_EDGE ( 'NONE', *, *, #4795, .F. ) ;
#5545 = ORIENTED_EDGE ( 'NONE', *, *, #5501, .F. ) ;
#5546 = ADVANCED_FACE ( 'NONE', ( #8071 ), #8058, .F. ) ;
#5547 = ORIENTED_EDGE ( 'NONE', *, *, #5173, .F. ) ;
#5548 = ORIENTED_EDGE ( 'NONE', *, *, #5051, .T. ) ;
#5549 = ORIENTED_EDGE ( 'NONE', *, *, #5103, .T. ) ;
#5550 = ADVANCED_FACE ( 'NONE', ( #8068 ), #8091, .T. ) ;
#5551 = EDGE_LOOP ( 'NONE', ( #5552, #5553, #5568, #5570 ) ) ;
#5552 = ORIENTED_EDGE ( 'NONE', *, *, #4837, .F. ) ;
#5553 = ORIENTED_EDGE ( 'NONE', *, *, #4850, .F. ) ;
#5554 = EDGE_CURVE ( 'NONE', #4861, #4881, #8083, .T. ) ;
#5555 = ORIENTED_EDGE ( 'NONE', *, *, #5246, .T. ) ;
#5556 = ORIENTED_EDGE ( 'NONE', *, *, #4877, .F. ) ;
#5557 = ADVANCED_FACE ( 'NONE', ( #8100 ), #8115, .F. ) ;
#5558 = EDGE_LOOP ( 'NONE', ( #5562, #5573, #5563, #5530 ) ) ;
#5559 = ADVANCED_FACE ( 'NONE', ( #8096 ), #7908, .T. ) ;
#5560 = ORIENTED_EDGE ( 'NONE', *, *, #5269, .T. ) ;
#5561 = DIRECTION ( 'NONE',  ( 0.0000000000000000000, -0.4239800939173768400, 0.9056715077564337900 ) ) ;
#5562 = ORIENTED_EDGE ( 'NONE', *, *, #4939, .F. ) ;
#5563 = ORIENTED_EDGE ( 'NONE', *, *, #5161, .T. ) ;
#5564 = EDGE_CURVE ( 'NONE', #4886, #5211, #8161, .T. ) ;
#5565 = ORIENTED_EDGE ( 'NONE', *, *, #5021, .T. ) ;
#5566 = ORIENTED_EDGE ( 'NONE', *, *, #5554, .F. ) ;
#5567 = ORIENTED_EDGE ( 'NONE', *, *, #5362, .F. ) ;
#5568 = ORIENTED_EDGE ( 'NONE', *, *, #5569, .T. ) ;
#5569 = EDGE_CURVE ( 'NONE', #4848, #5142, #8141, .T. ) ;
#5570 = ORIENTED_EDGE ( 'NONE', *, *, #5116, .T. ) ;
#5571 = ADVANCED_FACE ( 'NONE', ( #8147 ), #8158, .T. ) ;
#5572 = EDGE_LOOP ( 'NONE', ( #5516, #5517, #5555, #5518 ) ) ;
#5573 = ORIENTED_EDGE ( 'NONE', *, *, #5574, .T. ) ;
#5574 = EDGE_CURVE ( 'NONE', #4966, #5162, #8172, .T. ) ;
#5575 = EDGE_LOOP ( 'NONE', ( #5524, #5525, #5565, #5566, #5523, #5556 ) ) ;
#5576 = ADVANCED_FACE ( 'NONE', ( #8131 ), #7857, .T. ) ;
#5577 = EDGE_CURVE ( 'NONE', #5266, #5187, #8180, .T. ) ;
#5578 = ORIENTED_EDGE ( 'NONE', *, *, #5509, .T. ) ;
#5579 = EDGE_CURVE ( 'NONE', #5279, #5336, #8188, .T. ) ;
#5580 = ORIENTED_EDGE ( 'NONE', *, *, #5138, .T. ) ;
#5581 = ORIENTED_EDGE ( 'NONE', *, *, #5275, .T. ) ;
#5582 =( NAMED_UNIT ( * ) SI_UNIT ( $, .STERADIAN. ) SOLID_ANGLE_UNIT ( ) );
#5583 = ORIENTED_EDGE ( 'NONE', *, *, #5686, .F. ) ;
#5584 = ORIENTED_EDGE ( 'NONE', *, *, #4733, .F. ) ;
#5585 = ORIENTED_EDGE ( 'NONE', *, *, #5586, .F. ) ;
#5586 = EDGE_CURVE ( 'NONE', #4954, #4734, #8183, .T. ) ;
#5587 = ADVANCED_FACE ( 'NONE', ( #8189 ), #8234, .F. ) ;
#5588 = EDGE_LOOP ( 'NONE', ( #5592, #5593, #5626, #5627, #5674, #5675, #5676, #5677 ) ) ;
#5589 = ORIENTED_EDGE ( 'NONE', *, *, #5119, .F. ) ;
#5590 = EDGE_CURVE ( 'NONE', #4767, #5673, #8226, .T. ) ;
#5591 = ORIENTED_EDGE ( 'NONE', *, *, #5660, .T. ) ;
#5592 = ORIENTED_EDGE ( 'NONE', *, *, #4717, .T. ) ;
#5593 = ORIENTED_EDGE ( 'NONE', *, *, #5594, .T. ) ;
#5594 = EDGE_CURVE ( 'NONE', #4715, #5690, #8227, .T. ) ;
#5595 = ORIENTED_EDGE ( 'NONE', *, *, #5579, .F. ) ;
#5596 = ORIENTED_EDGE ( 'NONE', *, *, #5177, .F. ) ;
#5597 = ORIENTED_EDGE ( 'NONE', *, *, #5321, .T. ) ;
#5598 = ORIENTED_EDGE ( 'NONE', *, *, #5603, .T. ) ;
#5599 = ORIENTED_EDGE ( 'NONE', *, *, #5221, .T. ) ;
#5600 = ADVANCED_FACE ( 'NONE', ( #8228 ), #8208, .F. ) ;
#5601 = EDGE_LOOP ( 'NONE', ( #5595, #5596, #5548, #5549 ) ) ;
#5602 = ORIENTED_EDGE ( 'NONE', *, *, #5603, .F. ) ;
#5603 = EDGE_CURVE ( 'NONE', #4817, #5215, #8215, .T. ) ;
#5604 = VECTOR ( 'NONE', #5561, 1000.000000000000100 ) ;
#5605 = ADVANCED_FACE ( 'NONE', ( #8293 ), #8279, .T. ) ;
#5606 = ORIENTED_EDGE ( 'NONE', *, *, #5236, .F. ) ;
#5607 = ORIENTED_EDGE ( 'NONE', *, *, #5126, .F. ) ;
#5608 = ORIENTED_EDGE ( 'NONE', *, *, #5039, .T. ) ;
#5609 = ORIENTED_EDGE ( 'NONE', *, *, #5648, .T. ) ;
#5610 = VERTEX_POINT ( 'NONE', #8262 ) ;
#5611 = ORIENTED_EDGE ( 'NONE', *, *, #5612, .T. ) ;
#5612 = EDGE_CURVE ( 'NONE', #4679, #5618, #8264, .T. ) ;
#5613 = ORIENTED_EDGE ( 'NONE', *, *, #5621, .T. ) ;
#5614 = ORIENTED_EDGE ( 'NONE', *, *, #5615, .T. ) ;
#5615 = EDGE_CURVE ( 'NONE', #5649, #5714, #8254, .T. ) ;
#5616 = EDGE_LOOP ( 'NONE', ( #5609, #5614, #5715, #5620, #5619 ) ) ;
#5617 = ORIENTED_EDGE ( 'NONE', *, *, #5654, .F. ) ;
#5618 = VERTEX_POINT ( 'NONE', #8334 ) ;
#5619 = ORIENTED_EDGE ( 'NONE', *, *, #5706, .T. ) ;
#5620 = ORIENTED_EDGE ( 'NONE', *, *, #5621, .F. ) ;
#5621 = EDGE_CURVE ( 'NONE', #5618, #5653, #8269, .T. ) ;
#5622 = VERTEX_POINT ( 'NONE', #8313 ) ;
#5623 = ORIENTED_EDGE ( 'NONE', *, *, #5692, .T. ) ;
#5624 = ADVANCED_FACE ( 'NONE', ( #8312 ), #8325, .T. ) ;
#5625 = EDGE_LOOP ( 'NONE', ( #5629, #5630, #5591, #5664 ) ) ;
#5626 = ORIENTED_EDGE ( 'NONE', *, *, #5689, .F. ) ;
#5627 = ORIENTED_EDGE ( 'NONE', *, *, #5692, .F. ) ;
#5628 = EDGE_LOOP ( 'NONE', ( #5589, #5665, #5733, #5680 ) ) ;
#5629 = ORIENTED_EDGE ( 'NONE', *, *, #4769, .F. ) ;
#5630 = ORIENTED_EDGE ( 'NONE', *, *, #5590, .T. ) ;
#5631 = EDGE_CURVE ( 'NONE', #5024, #5645, #8275, .T. ) ;
#5632 = ORIENTED_EDGE ( 'NONE', *, *, #5713, .T. ) ;
#5633 = ORIENTED_EDGE ( 'NONE', *, *, #5634, .F. ) ;
#5634 = EDGE_CURVE ( 'NONE', #5281, #5622, #8285, .T. ) ;
#5635 = ORIENTED_EDGE ( 'NONE', *, *, #5636, .F. ) ;
#5636 = EDGE_CURVE ( 'NONE', #5315, #5653, #8258, .T. ) ;
#5637 = ORIENTED_EDGE ( 'NONE', *, *, #5227, .F. ) ;
#5638 = ADVANCED_FACE ( 'NONE', ( #8259 ), #8347, .T. ) ;
#5639 = EDGE_LOOP ( 'NONE', ( #5640, #5746, #5748, #5749, #5750, #5751, #5752, #5753 ) ) ;
#5640 = ORIENTED_EDGE ( 'NONE', *, *, #5654, .T. ) ;
#5641 = ORIENTED_EDGE ( 'NONE', *, *, #5652, .T. ) ;
#5642 = ORIENTED_EDGE ( 'NONE', *, *, #5643, .T. ) ;
#5643 = EDGE_CURVE ( 'NONE', #5714, #5720, #8339, .T. ) ;
#5644 = ORIENTED_EDGE ( 'NONE', *, *, #5656, .F. ) ;
#5645 = VERTEX_POINT ( 'NONE', #8340 ) ;
#5646 = ORIENTED_EDGE ( 'NONE', *, *, #4873, .F. ) ;
#5647 = ORIENTED_EDGE ( 'NONE', *, *, #5631, .T. ) ;
#5648 = EDGE_CURVE ( 'NONE', #5610, #5649, #8337, .T. ) ;
#5649 = VERTEX_POINT ( 'NONE', #8359 ) ;
#5650 = VERTEX_POINT ( 'NONE', #8342 ) ;
#5651 = ORIENTED_EDGE ( 'NONE', *, *, #5656, .T. ) ;
#5652 = EDGE_CURVE ( 'NONE', #5653, #5714, #8366, .T. ) ;
#5653 = VERTEX_POINT ( 'NONE', #8362 ) ;
#5654 = EDGE_CURVE ( 'NONE', #5622, #5650, #8361, .T. ) ;
#5655 = EDGE_CURVE ( 'NONE', #5711, #5650, #8387, .T. ) ;
#5656 = EDGE_CURVE ( 'NONE', #5645, #5720, #8406, .T. ) ;
#5657 = ORIENTED_EDGE ( 'NONE', *, *, #4992, .T. ) ;
#5658 = EDGE_LOOP ( 'NONE', ( #5694, #5695, #5697, #5726, #5727 ) ) ;
#5659 = ORIENTED_EDGE ( 'NONE', *, *, #4927, .F. ) ;
#5660 = EDGE_CURVE ( 'NONE', #5673, #5670, #8403, .T. ) ;
#5661 = EDGE_CURVE ( 'NONE', #5690, #5662, #8369, .T. ) ;
#5662 = VERTEX_POINT ( 'NONE', #8408 ) ;
#5663 = ORIENTED_EDGE ( 'NONE', *, *, #5666, .T. ) ;
#5664 = ORIENTED_EDGE ( 'NONE', *, *, #5729, .T. ) ;
#5665 = ORIENTED_EDGE ( 'NONE', *, *, #5574, .F. ) ;
#5666 = EDGE_CURVE ( 'NONE', #5662, #4998, #8395, .T. ) ;
#5667 = EDGE_LOOP ( 'NONE', ( #5671, #5685, #5688, #5757, #5663 ) ) ;
#5668 = ORIENTED_EDGE ( 'NONE', *, *, #5696, .F. ) ;
#5669 = ADVANCED_FACE ( 'NONE', ( #8386 ), #8374, .F. ) ;
#5670 = VERTEX_POINT ( 'NONE', #8479 ) ;
#5671 = ORIENTED_EDGE ( 'NONE', *, *, #4803, .F. ) ;
#5672 = ADVANCED_FACE ( 'NONE', ( #8481 ), #8484, .T. ) ;
#5673 = VERTEX_POINT ( 'NONE', #8428 ) ;
#5674 = ORIENTED_EDGE ( 'NONE', *, *, #4950, .T. ) ;
#5675 = ORIENTED_EDGE ( 'NONE', *, *, #5007, .T. ) ;
#5676 = ORIENTED_EDGE ( 'NONE', *, *, #4994, .F. ) ;
#5677 = ORIENTED_EDGE ( 'NONE', *, *, #5728, .T. ) ;
#5678 = ADVANCED_FACE ( 'NONE', ( #8427 ), #8449, .F. ) ;
#5679 = ORIENTED_EDGE ( 'NONE', *, *, #4956, .F. ) ;
#5680 = ORIENTED_EDGE ( 'NONE', *, *, #4922, .F. ) ;
#5681 = ORIENTED_EDGE ( 'NONE', *, *, #4930, .F. ) ;
#5682 = ORIENTED_EDGE ( 'NONE', *, *, #5586, .T. ) ;
#5683 = ADVANCED_FACE ( 'NONE', ( #8448 ), #8454, .T. ) ;
#5684 = ADVANCED_FACE ( 'NONE', ( #8531 ), #8507, .F. ) ;
#5685 = ORIENTED_EDGE ( 'NONE', *, *, #5686, .T. ) ;
#5686 = EDGE_CURVE ( 'NONE', #4906, #5687, #8489, .T. ) ;
#5687 = VERTEX_POINT ( 'NONE', #8508 ) ;
#5688 = ORIENTED_EDGE ( 'NONE', *, *, #5689, .T. ) ;
#5689 = EDGE_CURVE ( 'NONE', #5687, #5690, #8530, .T. ) ;
#5690 = VERTEX_POINT ( 'NONE', #8521 ) ;
#5691 = ORIENTED_EDGE ( 'NONE', *, *, #5416, .F. ) ;
#5692 = EDGE_CURVE ( 'NONE', #4951, #5687, #8525, .T. ) ;
#5693 = EDGE_LOOP ( 'NONE', ( #5679, #5659, #5698, #5691 ) ) ;
#5694 = ORIENTED_EDGE ( 'NONE', *, *, #4991, .T. ) ;
#5695 = ORIENTED_EDGE ( 'NONE', *, *, #5696, .T. ) ;
#5696 = EDGE_CURVE ( 'NONE', #4979, #5673, #8495, .T. ) ;
#5697 = ORIENTED_EDGE ( 'NONE', *, *, #5590, .F. ) ;
#5698 = ORIENTED_EDGE ( 'NONE', *, *, #4934, .F. ) ;
#5699 = ORIENTED_EDGE ( 'NONE', *, *, #5440, .F. ) ;
#5700 = ADVANCED_FACE ( 'NONE', ( #8492 ), #8548, .F. ) ;
#5701 = EDGE_LOOP ( 'NONE', ( #5702, #5703, #5705, #5668, #5657, #5608, #5681, #5682 ) ) ;
#5702 = ORIENTED_EDGE ( 'NONE', *, *, #4761, .T. ) ;
#5703 = ORIENTED_EDGE ( 'NONE', *, *, #5704, .T. ) ;
#5704 = EDGE_CURVE ( 'NONE', #4759, #5670, #8516, .T. ) ;
#5705 = ORIENTED_EDGE ( 'NONE', *, *, #5660, .F. ) ;
#5706 = EDGE_CURVE ( 'NONE', #5618, #5610, #8643, .T. ) ;
#5707 = ADVANCED_FACE ( 'NONE', ( #8588 ), #8572, .T. ) ;
#5708 = EDGE_LOOP ( 'NONE', ( #5646, #5647, #5632, #5633, #5716 ) ) ;
#5709 = ORIENTED_EDGE ( 'NONE', *, *, #5710, .T. ) ;
#5710 = EDGE_CURVE ( 'NONE', #5720, #5711, #8566, .T. ) ;
#5711 = VERTEX_POINT ( 'NONE', #8606 ) ;
#5712 = ORIENTED_EDGE ( 'NONE', *, *, #5713, .F. ) ;
#5713 = EDGE_CURVE ( 'NONE', #5645, #5622, #8603, .T. ) ;
#5714 = VERTEX_POINT ( 'NONE', #8629 ) ;
#5715 = ORIENTED_EDGE ( 'NONE', *, *, #5652, .F. ) ;
#5716 = ORIENTED_EDGE ( 'NONE', *, *, #5280, .F. ) ;
#5717 = ADVANCED_FACE ( 'NONE', ( #8604 ), #8578, .F. ) ;
#5718 = EDGE_LOOP ( 'NONE', ( #5719, #5611, #5613, #5635, #5637 ) ) ;
#5719 = ORIENTED_EDGE ( 'NONE', *, *, #4678, .F. ) ;
#5720 = VERTEX_POINT ( 'NONE', #8568 ) ;
#5721 = ORIENTED_EDGE ( 'NONE', *, *, #5631, .F. ) ;
#5722 = ORIENTED_EDGE ( 'NONE', *, *, #5015, .T. ) ;
#5723 = ORIENTED_EDGE ( 'NONE', *, *, #5541, .F. ) ;
#5724 = VERTEX_POINT ( 'NONE', #8571 ) ;
#5725 = ADVANCED_FACE ( 'NONE', ( #8616 ), #8638, .F. ) ;
#5726 = ORIENTED_EDGE ( 'NONE', *, *, #4765, .F. ) ;
#5727 = ORIENTED_EDGE ( 'NONE', *, *, #5728, .F. ) ;
#5728 = EDGE_CURVE ( 'NONE', #4993, #4766, #8625, .T. ) ;
#5729 = EDGE_CURVE ( 'NONE', #5670, #4770, #8647, .T. ) ;
#5730 = ADVANCED_FACE ( 'NONE', ( #8698 ), #8697, .F. ) ;
#5731 = EDGE_LOOP ( 'NONE', ( #5732, #5623, #5583, #5584, #5585 ) ) ;
#5732 = ORIENTED_EDGE ( 'NONE', *, *, #4953, .T. ) ;
#5733 = ORIENTED_EDGE ( 'NONE', *, *, #4965, .F. ) ;
#5734 = EDGE_CURVE ( 'NONE', #4743, #4742, #8661, .T. ) ;
#5735 = ORIENTED_EDGE ( 'NONE', *, *, #4741, .T. ) ;
#5736 = ADVANCED_FACE ( 'NONE', ( #8662 ), #8726, .T. ) ;
#5737 = EDGE_LOOP ( 'NONE', ( #6018, #6019, #6020, #6021 ) ) ;
#5738 = ORIENTED_EDGE ( 'NONE', *, *, #5666, .F. ) ;
#5739 = MANIFOLD_SOLID_BREP ( 'NONE', #6235 ) ;
#5740 = ADVANCED_FACE ( 'NONE', ( #8714 ), #8737, .F. ) ;
#5741 = CLOSED_SHELL ( 'NONE', ( #4740, #4730, #4762, #4718, #4835, #4786, #4725, #4883, #5023, #4820, #4811, #5026, #5045, #4865, #4852, #4899, #4859, #4978, #4895, #4974, #4925, #4915, #4923, #5330, #5251, #4931, #5141, #5062, #5070, #5152, #5309, #5184, #5134, #5149, #5202, #5272, #5326, #5110, #5214, #5218, #5264, #5344, #5083, #5389, #5284, #5436, #5091, #5345, #5295, #5252, #5372, #5496, #5384, #5357, #5402, #5437, #5492, #5390, #5354, #5483, #5412, #5443, #5367, #5576, #5605, #5514, #5535, #5600, #5550, #5571, #5559, #5557, #5502, #5546, #5527, #5684, #5678, #5624, #5669, #5672, #5730, #5587, #5700, #5683, #5725, #5707, #5717, #5638, #5754, #6040, #6036, #6022, #5988, #6028, #5995, #5736 ) ) ;
#5742 = EDGE_LOOP ( 'NONE', ( #5743, #6035, #5986, #5993 ) ) ;
#5743 = ORIENTED_EDGE ( 'NONE', *, *, #5744, .F. ) ;
#5744 = EDGE_CURVE ( 'NONE', #6033, #6034, #8788, .T. ) ;
#5745 = ORIENTED_EDGE ( 'NONE', *, *, #5655, .T. ) ;
#5746 = ORIENTED_EDGE ( 'NONE', *, *, #5747, .T. ) ;
#5747 = EDGE_CURVE ( 'NONE', #5650, #5610, #8804, .T. ) ;
#5748 = ORIENTED_EDGE ( 'NONE', *, *, #5706, .F. ) ;
#5749 = ORIENTED_EDGE ( 'NONE', *, *, #5612, .F. ) ;
#5750 = ORIENTED_EDGE ( 'NONE', *, *, #5022, .T. ) ;
#5751 = ORIENTED_EDGE ( 'NONE', *, *, #4863, .F. ) ;
#5752 = ORIENTED_EDGE ( 'NONE', *, *, #5168, .F. ) ;
#5753 = ORIENTED_EDGE ( 'NONE', *, *, #5634, .T. ) ;
#5754 = ADVANCED_FACE ( 'NONE', ( #8762 ), #8789, .T. ) ;
#5755 = EDGE_LOOP ( 'NONE', ( #5641, #5642, #5644, #5721, #5722, #5723, #5096, #5842 ) ) ;
#5756 = EDGE_LOOP ( 'NONE', ( #5651, #5709, #5745, #5617, #5712 ) ) ;
#5757 = ORIENTED_EDGE ( 'NONE', *, *, #5661, .T. ) ;
#5758 = ORIENTED_EDGE ( 'NONE', *, *, #5981, .T. ) ;
#5759 = ORIENTED_EDGE ( 'NONE', *, *, #5760, .F. ) ;
#5760 = EDGE_CURVE ( 'NONE', #5770, #5794, #8790, .T. ) ;
#5761 = ADVANCED_FACE ( 'NONE', ( #8769 ), #8799, .T. ) ;
#5762 = EDGE_LOOP ( 'NONE', ( #5795, #5796, #6016, #5785 ) ) ;
#5763 = EDGE_LOOP ( 'NONE', ( #5768, #5767, #5758, #5781, #5764 ) ) ;
#5764 = ORIENTED_EDGE ( 'NONE', *, *, #5765, .F. ) ;
#5765 = EDGE_CURVE ( 'NONE', #5770, #5788, #8780, .T. ) ;
#5766 = EDGE_LOOP ( 'NONE', ( #5771, #5773, #5792, #5759 ) ) ;
#5767 = ORIENTED_EDGE ( 'NONE', *, *, #5769, .T. ) ;
#5768 = ORIENTED_EDGE ( 'NONE', *, *, #5790, .F. ) ;
#5769 = EDGE_CURVE ( 'NONE', #5780, #5982, #8741, .T. ) ;
#5770 = VERTEX_POINT ( 'NONE', #8773 ) ;
#5771 = ORIENTED_EDGE ( 'NONE', *, *, #5772, .T. ) ;
#5772 = EDGE_CURVE ( 'NONE', #5770, #5780, #8772, .T. ) ;
#5773 = ORIENTED_EDGE ( 'NONE', *, *, #5791, .T. ) ;
#5774 = VERTEX_POINT ( 'NONE', #8835 ) ;
#5775 = ADVANCED_FACE ( 'NONE', ( #8831 ), #8842, .T. ) ;
#5776 = ADVANCED_FACE ( 'NONE', ( #8844 ), #8846, .T. ) ;
#5777 = ORIENTED_EDGE ( 'NONE', *, *, #5783, .T. ) ;
#5778 = ORIENTED_EDGE ( 'NONE', *, *, #5779, .T. ) ;
#5779 = EDGE_CURVE ( 'NONE', #6015, #5115, #8924, .T. ) ;
#5780 = VERTEX_POINT ( 'NONE', #8913 ) ;
#5781 = ORIENTED_EDGE ( 'NONE', *, *, #5789, .T. ) ;
#5782 = EDGE_CURVE ( 'NONE', #6034, #5992, #8914, .T. ) ;
#5783 = EDGE_CURVE ( 'NONE', #5784, #6015, #8906, .T. ) ;
#5784 = VERTEX_POINT ( 'NONE', #8871 ) ;
#5785 = ORIENTED_EDGE ( 'NONE', *, *, #5786, .F. ) ;
#5786 = EDGE_CURVE ( 'NONE', #5794, #5784, #8925, .T. ) ;
#5787 = EDGE_LOOP ( 'NONE', ( #5777, #5778, #5974, #5961 ) ) ;
#5788 = VERTEX_POINT ( 'NONE', #8926 ) ;
#5789 = EDGE_CURVE ( 'NONE', #6017, #5788, #8865, .T. ) ;
#5790 = EDGE_CURVE ( 'NONE', #5780, #5770, #8885, .T. ) ;
#5791 = EDGE_CURVE ( 'NONE', #5780, #5774, #8911, .T. ) ;
#5792 = ORIENTED_EDGE ( 'NONE', *, *, #5793, .F. ) ;
#5793 = EDGE_CURVE ( 'NONE', #5794, #5774, #8896, .T. ) ;
#5794 = VERTEX_POINT ( 'NONE', #8857 ) ;
#5795 = ORIENTED_EDGE ( 'NONE', *, *, #5793, .T. ) ;
#5796 = ORIENTED_EDGE ( 'NONE', *, *, #6014, .T. ) ;
#5797 = ORIENTED_EDGE ( 'NONE', *, *, #5734, .T. ) ;
#5798 = ORIENTED_EDGE ( 'NONE', *, *, #5991, .F. ) ;
#5799 = ORIENTED_EDGE ( 'NONE', *, *, #5800, .T. ) ;
#5800 = EDGE_CURVE ( 'NONE', #5856, #5805, #8856, .T. ) ;
#5801 = ORIENTED_EDGE ( 'NONE', *, *, #6170, .F. ) ;
#5802 = EDGE_CURVE ( 'NONE', #5803, #6099, #8889, .T. ) ;
#5803 = VERTEX_POINT ( 'NONE', #8869 ) ;
#5804 = ORIENTED_EDGE ( 'NONE', *, *, #6170, .T. ) ;
#5805 = VERTEX_POINT ( 'NONE', #8868 ) ;
#5806 = EDGE_CURVE ( 'NONE', #5831, #5803, #8863, .T. ) ;
#5807 = ORIENTED_EDGE ( 'NONE', *, *, #5802, .T. ) ;
#5808 = ORIENTED_EDGE ( 'NONE', *, *, #5806, .F. ) ;
#5809 = ADVANCED_FACE ( 'NONE', ( #8864 ), #8767, .F. ) ;
#5810 = EDGE_LOOP ( 'NONE', ( #5811, #5812, #5813, #5814 ) ) ;
#5811 = ORIENTED_EDGE ( 'NONE', *, *, #5984, .F. ) ;
#5812 = ORIENTED_EDGE ( 'NONE', *, *, #5830, .F. ) ;
#5813 = ORIENTED_EDGE ( 'NONE', *, *, #5782, .T. ) ;
#5814 = ORIENTED_EDGE ( 'NONE', *, *, #5837, .T. ) ;
#5815 = ADVANCED_FACE ( 'NONE', ( #8997 ), #8980, .T. ) ;
#5816 = EDGE_LOOP ( 'NONE', ( #5817, #6079, #6158, #6098 ) ) ;
#5817 = ORIENTED_EDGE ( 'NONE', *, *, #5819, .F. ) ;
#5818 = ORIENTED_EDGE ( 'NONE', *, *, #5819, .T. ) ;
#5819 = EDGE_CURVE ( 'NONE', #5998, #6095, #8998, .T. ) ;
#5820 = ORIENTED_EDGE ( 'NONE', *, *, #6062, .F. ) ;
#5821 = ORIENTED_EDGE ( 'NONE', *, *, #5945, .F. ) ;
#5822 = EDGE_LOOP ( 'NONE', ( #5835, #6165, #6157, #5807 ) ) ;
#5823 = ORIENTED_EDGE ( 'NONE', *, *, #6096, .T. ) ;
#5824 = ORIENTED_EDGE ( 'NONE', *, *, #6080, .F. ) ;
#5825 = ORIENTED_EDGE ( 'NONE', *, *, #5832, .T. ) ;
#5826 = EDGE_CURVE ( 'NONE', #6095, #5847, #8999, .T. ) ;
#5827 = ADVANCED_FACE ( 'NONE', ( #8964, #8949 ), #8941, .F. ) ;
#5828 = EDGE_LOOP ( 'NONE', ( #5829, #6159 ) ) ;
#5829 = ORIENTED_EDGE ( 'NONE', *, *, #5830, .T. ) ;
#5830 = EDGE_CURVE ( 'NONE', #6034, #6033, #8944, .T. ) ;
#5831 = VERTEX_POINT ( 'NONE', #8974 ) ;
#5832 = EDGE_CURVE ( 'NONE', #5856, #5831, #8994, .T. ) ;
#5833 = ORIENTED_EDGE ( 'NONE', *, *, #5846, .T. ) ;
#5834 = ADVANCED_FACE ( 'NONE', ( #8990 ), #8836, .T. ) ;
#5835 = ORIENTED_EDGE ( 'NONE', *, *, #5884, .F. ) ;
#5836 = ORIENTED_EDGE ( 'NONE', *, *, #5837, .F. ) ;
#5837 = EDGE_CURVE ( 'NONE', #5992, #5985, #10594, .T. ) ;
#5838 = EDGE_LOOP ( 'NONE', ( #6025, #6026, #5989, #5990 ) ) ;
#5839 = ORIENTED_EDGE ( 'NONE', *, *, #5729, .F. ) ;
#5840 = ORIENTED_EDGE ( 'NONE', *, *, #5704, .F. ) ;
#5841 = ORIENTED_EDGE ( 'NONE', *, *, #4774, .F. ) ;
#5842 = ORIENTED_EDGE ( 'NONE', *, *, #5636, .T. ) ;
#5843 = ORIENTED_EDGE ( 'NONE', *, *, #4813, .F. ) ;
#5844 = EDGE_LOOP ( 'NONE', ( #5845, #5849, #5851, #5852, #5853, #5854, #5825, #5823 ) ) ;
#5845 = ORIENTED_EDGE ( 'NONE', *, *, #5846, .F. ) ;
#5846 = EDGE_CURVE ( 'NONE', #5847, #5848, #10595, .T. ) ;
#5847 = VERTEX_POINT ( 'NONE', #10598 ) ;
#5848 = VERTEX_POINT ( 'NONE', #10597 ) ;
#5849 = ORIENTED_EDGE ( 'NONE', *, *, #5850, .T. ) ;
#5850 = EDGE_CURVE ( 'NONE', #5847, #5996, #10596, .T. ) ;
#5851 = ORIENTED_EDGE ( 'NONE', *, *, #5955, .T. ) ;
#5852 = ORIENTED_EDGE ( 'NONE', *, *, #5872, .T. ) ;
#5853 = ORIENTED_EDGE ( 'NONE', *, *, #6068, .F. ) ;
#5854 = ORIENTED_EDGE ( 'NONE', *, *, #5855, .T. ) ;
#5855 = EDGE_CURVE ( 'NONE', #6066, #5856, #10581, .T. ) ;
#5856 = VERTEX_POINT ( 'NONE', #10577 ) ;
#5857 = VERTEX_POINT ( 'NONE', #10591 ) ;
#5858 = VERTEX_POINT ( 'NONE', #10590 ) ;
#5859 = EDGE_CURVE ( 'NONE', #5996, #5998, #10589, .T. ) ;
#5860 = ORIENTED_EDGE ( 'NONE', *, *, #5861, .F. ) ;
#5861 = EDGE_CURVE ( 'NONE', #5877, #5998, #9919, .T. ) ;
#5862 = ORIENTED_EDGE ( 'NONE', *, *, #5879, .F. ) ;
#5863 = EDGE_CURVE ( 'NONE', #6003, #5949, #9921, .T. ) ;
#5864 = ADVANCED_FACE ( 'NONE', ( #9922 ), #9929, .T. ) ;
#5865 = ORIENTED_EDGE ( 'NONE', *, *, #5870, .T. ) ;
#5866 = ORIENTED_EDGE ( 'NONE', *, *, #5867, .F. ) ;
#5867 = EDGE_CURVE ( 'NONE', #5857, #6002, #9942, .T. ) ;
#5868 = ORIENTED_EDGE ( 'NONE', *, *, #5872, .F. ) ;
#5869 = ORIENTED_EDGE ( 'NONE', *, *, #5870, .F. ) ;
#5870 = EDGE_CURVE ( 'NONE', #6003, #6002, #9952, .T. ) ;
#5871 = ORIENTED_EDGE ( 'NONE', *, *, #5863, .T. ) ;
#5872 = EDGE_CURVE ( 'NONE', #5999, #5857, #9945, .T. ) ;
#5873 = ADVANCED_FACE ( 'NONE', ( #9960 ), #9988, .T. ) ;
#5874 = EDGE_LOOP ( 'NONE', ( #5875, #5876, #5880, #5950 ) ) ;
#5875 = ORIENTED_EDGE ( 'NONE', *, *, #6005, .F. ) ;
#5876 = ORIENTED_EDGE ( 'NONE', *, *, #5879, .T. ) ;
#5877 = VERTEX_POINT ( 'NONE', #9996 ) ;
#5878 = EDGE_LOOP ( 'NONE', ( #5947, #5865, #5866, #5868 ) ) ;
#5879 = EDGE_CURVE ( 'NONE', #5949, #5877, #9965, .T. ) ;
#5880 = ORIENTED_EDGE ( 'NONE', *, *, #5945, .T. ) ;
#5881 = ORIENTED_EDGE ( 'NONE', *, *, #6080, .T. ) ;
#5882 = ORIENTED_EDGE ( 'NONE', *, *, #5802, .F. ) ;
#5883 = ORIENTED_EDGE ( 'NONE', *, *, #5884, .T. ) ;
#5884 = EDGE_CURVE ( 'NONE', #5848, #6099, #9957, .T. ) ;
#5885 = EDGE_LOOP ( 'NONE', ( #5836, #5798 ) ) ;
#5886 = ORIENTED_EDGE ( 'NONE', *, *, #5887, .T. ) ;
#5887 = EDGE_CURVE ( 'NONE', #6015, #5784, #9994, .T. ) ;
#5888 = ORIENTED_EDGE ( 'NONE', *, *, #6006, .T. ) ;
#5889 = ORIENTED_EDGE ( 'NONE', *, *, #5905, .F. ) ;
#5890 = EDGE_CURVE ( 'NONE', #5979, #5978, #9999, .T. ) ;
#5891 = ORIENTED_EDGE ( 'NONE', *, *, #5977, .T. ) ;
#5892 = ADVANCED_FACE ( 'NONE', ( #10000 ), #10012, .F. ) ;
#5893 = EDGE_LOOP ( 'NONE', ( #5894, #5895, #5910, #5911 ) ) ;
#5894 = ORIENTED_EDGE ( 'NONE', *, *, #5968, .F. ) ;
#5895 = ORIENTED_EDGE ( 'NONE', *, *, #5890, .F. ) ;
#5896 = ORIENTED_EDGE ( 'NONE', *, *, #5863, .F. ) ;
#5897 = ORIENTED_EDGE ( 'NONE', *, *, #5948, .F. ) ;
#5898 = ORIENTED_EDGE ( 'NONE', *, *, #5956, .F. ) ;
#5899 = ADVANCED_FACE ( 'NONE', ( #10007, #10006 ), #10045, .F. ) ;
#5900 = ORIENTED_EDGE ( 'NONE', *, *, #6008, .F. ) ;
#5901 = ORIENTED_EDGE ( 'NONE', *, *, #5916, .F. ) ;
#5902 = EDGE_LOOP ( 'NONE', ( #5903, #5904 ) ) ;
#5903 = ORIENTED_EDGE ( 'NONE', *, *, #6011, .T. ) ;
#5904 = ORIENTED_EDGE ( 'NONE', *, *, #5905, .T. ) ;
#5905 = EDGE_CURVE ( 'NONE', #5115, #6012, #10036, .T. ) ;
#5906 = ADVANCED_FACE ( 'NONE', ( #10037 ), #10084, .T. ) ;
#5907 = EDGE_LOOP ( 'NONE', ( #5908, #5886, #5888, #5889 ) ) ;
#5908 = ORIENTED_EDGE ( 'NONE', *, *, #5779, .F. ) ;
#5909 = EDGE_LOOP ( 'NONE', ( #5929, #5891 ) ) ;
#5910 = ORIENTED_EDGE ( 'NONE', *, *, #5958, .T. ) ;
#5911 = ORIENTED_EDGE ( 'NONE', *, *, #5971, .T. ) ;
#5912 = ADVANCED_FACE ( 'NONE', ( #10059 ), #10090, .T. ) ;
#5913 = EDGE_LOOP ( 'NONE', ( #5914, #5915, #5917, #5898 ) ) ;
#5914 = ORIENTED_EDGE ( 'NONE', *, *, #5966, .F. ) ;
#5915 = ORIENTED_EDGE ( 'NONE', *, *, #5916, .T. ) ;
#5916 = EDGE_CURVE ( 'NONE', #5973, #6010, #10079, .T. ) ;
#5917 = ORIENTED_EDGE ( 'NONE', *, *, #5963, .T. ) ;
#5918 = EDGE_LOOP ( 'NONE', ( #5900, #5901 ) ) ;
#5919 = EDGE_LOOP ( 'NONE', ( #5797, #5735 ) ) ;
#5920 = ADVANCED_FACE ( 'NONE', ( #10099 ), #10114, .T. ) ;
#5921 = EDGE_LOOP ( 'NONE', ( #5922, #5923, #5925, #5926 ) ) ;
#5922 = ORIENTED_EDGE ( 'NONE', *, *, #6014, .F. ) ;
#5923 = ORIENTED_EDGE ( 'NONE', *, *, #5924, .T. ) ;
#5924 = EDGE_CURVE ( 'NONE', #5774, #5794, #10102, .T. ) ;
#5925 = ORIENTED_EDGE ( 'NONE', *, *, #5786, .T. ) ;
#5926 = ORIENTED_EDGE ( 'NONE', *, *, #5887, .F. ) ;
#5927 = ADVANCED_FACE ( 'NONE', ( #10103 ), #10141, .T. ) ;
#5928 = EDGE_LOOP ( 'NONE', ( #5930, #5931, #5932, #5933 ) ) ;
#5929 = ORIENTED_EDGE ( 'NONE', *, *, #5890, .T. ) ;
#5930 = ORIENTED_EDGE ( 'NONE', *, *, #5791, .F. ) ;
#5931 = ORIENTED_EDGE ( 'NONE', *, *, #5790, .T. ) ;
#5932 = ORIENTED_EDGE ( 'NONE', *, *, #5760, .T. ) ;
#5933 = ORIENTED_EDGE ( 'NONE', *, *, #5924, .F. ) ;
#5934 = ADVANCED_FACE ( 'NONE', ( #10149 ), #10160, .F. ) ;
#5935 = EDGE_LOOP ( 'NONE', ( #5936, #5937, #5938, #5939, #5942 ) ) ;
#5936 = ORIENTED_EDGE ( 'NONE', *, *, #5769, .F. ) ;
#5937 = ORIENTED_EDGE ( 'NONE', *, *, #5772, .F. ) ;
#5938 = ORIENTED_EDGE ( 'NONE', *, *, #5765, .T. ) ;
#5939 = ORIENTED_EDGE ( 'NONE', *, *, #5940, .T. ) ;
#5940 = EDGE_CURVE ( 'NONE', #5788, #5941, #10167, .T. ) ;
#5941 = VERTEX_POINT ( 'NONE', #10182 ) ;
#5942 = ORIENTED_EDGE ( 'NONE', *, *, #5943, .T. ) ;
#5943 = EDGE_CURVE ( 'NONE', #5941, #5982, #10165, .T. ) ;
#5944 = ADVANCED_FACE ( 'NONE', ( #10154, #10166 ), #10216, .F. ) ;
#5945 = EDGE_CURVE ( 'NONE', #5877, #5946, #10188, .T. ) ;
#5946 = VERTEX_POINT ( 'NONE', #10218 ) ;
#5947 = ORIENTED_EDGE ( 'NONE', *, *, #5948, .T. ) ;
#5948 = EDGE_CURVE ( 'NONE', #5999, #6003, #10185, .T. ) ;
#5949 = VERTEX_POINT ( 'NONE', #10206 ) ;
#5950 = ORIENTED_EDGE ( 'NONE', *, *, #5951, .F. ) ;
#5951 = EDGE_CURVE ( 'NONE', #5858, #5946, #10212, .T. ) ;
#5952 = ADVANCED_FACE ( 'NONE', ( #10213, #10193 ), #10228, .F. ) ;
#5953 = EDGE_LOOP ( 'NONE', ( #5954, #5997, #5860, #5862, #5896, #5897 ) ) ;
#5954 = ORIENTED_EDGE ( 'NONE', *, *, #5955, .F. ) ;
#5955 = EDGE_CURVE ( 'NONE', #5996, #5999, #10224, .T. ) ;
#5956 = EDGE_CURVE ( 'NONE', #6013, #5972, #10238, .T. ) ;
#5957 = ORIENTED_EDGE ( 'NONE', *, *, #5958, .F. ) ;
#5958 = EDGE_CURVE ( 'NONE', #5979, #5972, #10236, .T. ) ;
#5959 = ADVANCED_FACE ( 'NONE', ( #10237 ), #10279, .T. ) ;
#5960 = EDGE_LOOP ( 'NONE', ( #5871, #6004, #6000, #5869 ) ) ;
#5961 = ORIENTED_EDGE ( 'NONE', *, *, #6006, .F. ) ;
#5962 = ORIENTED_EDGE ( 'NONE', *, *, #5963, .F. ) ;
#5963 = EDGE_CURVE ( 'NONE', #6010, #5972, #10266, .T. ) ;
#5964 = EDGE_LOOP ( 'NONE', ( #6007, #5965, #5970, #5962 ) ) ;
#5965 = ORIENTED_EDGE ( 'NONE', *, *, #5966, .T. ) ;
#5966 = EDGE_CURVE ( 'NONE', #5973, #6013, #10265, .T. ) ;
#5967 = ORIENTED_EDGE ( 'NONE', *, *, #5968, .T. ) ;
#5968 = EDGE_CURVE ( 'NONE', #5978, #6013, #10259, .T. ) ;
#5969 = ORIENTED_EDGE ( 'NONE', *, *, #5956, .T. ) ;
#5970 = ORIENTED_EDGE ( 'NONE', *, *, #5971, .F. ) ;
#5971 = EDGE_CURVE ( 'NONE', #5972, #6013, #10275, .T. ) ;
#5972 = VERTEX_POINT ( 'NONE', #10286 ) ;
#5973 = VERTEX_POINT ( 'NONE', #10296 ) ;
#5974 = ORIENTED_EDGE ( 'NONE', *, *, #6011, .F. ) ;
#5975 = ADVANCED_FACE ( 'NONE', ( #10284 ), #10290, .F. ) ;
#5976 = ORIENTED_EDGE ( 'NONE', *, *, #5977, .F. ) ;
#5977 = EDGE_CURVE ( 'NONE', #5978, #5979, #10339, .T. ) ;
#5978 = VERTEX_POINT ( 'NONE', #10308 ) ;
#5979 = VERTEX_POINT ( 'NONE', #10321 ) ;
#5980 = EDGE_LOOP ( 'NONE', ( #5976, #5967, #5969, #5957 ) ) ;
#5981 = EDGE_CURVE ( 'NONE', #5982, #6017, #10333, .T. ) ;
#5982 = VERTEX_POINT ( 'NONE', #10304 ) ;
#5983 = ADVANCED_FACE ( 'NONE', ( #10343 ), #10331, .F. ) ;
#5984 = EDGE_CURVE ( 'NONE', #6033, #5985, #10351, .T. ) ;
#5985 = VERTEX_POINT ( 'NONE', #10335 ) ;
#5986 = ORIENTED_EDGE ( 'NONE', *, *, #5991, .T. ) ;
#5987 = ORIENTED_EDGE ( 'NONE', *, *, #5655, .F. ) ;
#5988 = ADVANCED_FACE ( 'NONE', ( #10349 ), #10391, .T. ) ;
#5989 = ORIENTED_EDGE ( 'NONE', *, *, #4714, .F. ) ;
#5990 = ORIENTED_EDGE ( 'NONE', *, *, #6041, .T. ) ;
#5991 = EDGE_CURVE ( 'NONE', #5985, #5992, #10383, .T. ) ;
#5992 = VERTEX_POINT ( 'NONE', #10361 ) ;
#5993 = ORIENTED_EDGE ( 'NONE', *, *, #5782, .F. ) ;
#5994 = ORIENTED_EDGE ( 'NONE', *, *, #3681, .F. ) ;
#5995 = ADVANCED_FACE ( 'NONE', ( #10410 ), #10411, .T. ) ;
#5996 = VERTEX_POINT ( 'NONE', #10395 ) ;
#5997 = ORIENTED_EDGE ( 'NONE', *, *, #5859, .T. ) ;
#5998 = VERTEX_POINT ( 'NONE', #10394 ) ;
#5999 = VERTEX_POINT ( 'NONE', #10397 ) ;
#6000 = ORIENTED_EDGE ( 'NONE', *, *, #6001, .F. ) ;
#6001 = EDGE_CURVE ( 'NONE', #6002, #5858, #10399, .T. ) ;
#6002 = VERTEX_POINT ( 'NONE', #10401 ) ;
#6003 = VERTEX_POINT ( 'NONE', #10400 ) ;
#6004 = ORIENTED_EDGE ( 'NONE', *, *, #6005, .T. ) ;
#6005 = EDGE_CURVE ( 'NONE', #5949, #5858, #10369, .T. ) ;
#6006 = EDGE_CURVE ( 'NONE', #5784, #6012, #10371, .T. ) ;
#6007 = ORIENTED_EDGE ( 'NONE', *, *, #6008, .T. ) ;
#6008 = EDGE_CURVE ( 'NONE', #6010, #5973, #10381, .T. ) ;
#6009 = ADVANCED_FACE ( 'NONE', ( #10425 ), #10418, .T. ) ;
#6010 = VERTEX_POINT ( 'NONE', #10442 ) ;
#6011 = EDGE_CURVE ( 'NONE', #6012, #5115, #10460, .T. ) ;
#6012 = VERTEX_POINT ( 'NONE', #10461 ) ;
#6013 = VERTEX_POINT ( 'NONE', #10419 ) ;
#6014 = EDGE_CURVE ( 'NONE', #5774, #6015, #10458, .T. ) ;
#6015 = VERTEX_POINT ( 'NONE', #10459 ) ;
#6016 = ORIENTED_EDGE ( 'NONE', *, *, #5783, .F. ) ;
#6017 = VERTEX_POINT ( 'NONE', #10438 ) ;
#6018 = ORIENTED_EDGE ( 'NONE', *, *, #4745, .F. ) ;
#6019 = ORIENTED_EDGE ( 'NONE', *, *, #5734, .F. ) ;
#6020 = ORIENTED_EDGE ( 'NONE', *, *, #4729, .T. ) ;
#6021 = ORIENTED_EDGE ( 'NONE', *, *, #5292, .F. ) ;
#6022 = ADVANCED_FACE ( 'NONE', ( #10437 ), #10504, .T. ) ;
#6023 = EDGE_LOOP ( 'NONE', ( #6024, #6046, #6037, #5987 ) ) ;
#6024 = ORIENTED_EDGE ( 'NONE', *, *, #6045, .F. ) ;
#6025 = ORIENTED_EDGE ( 'NONE', *, *, #5661, .F. ) ;
#6026 = ORIENTED_EDGE ( 'NONE', *, *, #5594, .F. ) ;
#6027 = ORIENTED_EDGE ( 'NONE', *, *, #5643, .F. ) ;
#6028 = ADVANCED_FACE ( 'NONE', ( #10502 ), #10503, .T. ) ;
#6029 = EDGE_LOOP ( 'NONE', ( #6030, #6031 ) ) ;
#6030 = ORIENTED_EDGE ( 'NONE', *, *, #5328, .T. ) ;
#6031 = ORIENTED_EDGE ( 'NONE', *, *, #5109, .T. ) ;
#6032 = EDGE_LOOP ( 'NONE', ( #5840, #5843, #5738, #6039, #5841, #5839 ) ) ;
#6033 = VERTEX_POINT ( 'NONE', #10492 ) ;
#6034 = VERTEX_POINT ( 'NONE', #10491 ) ;
#6035 = ORIENTED_EDGE ( 'NONE', *, *, #5984, .T. ) ;
#6036 = ADVANCED_FACE ( 'NONE', ( #10490 ), #10518, .T. ) ;
#6037 = ORIENTED_EDGE ( 'NONE', *, *, #5747, .F. ) ;
#6038 = EDGE_LOOP ( 'NONE', ( #6042, #6043, #6044, #6027 ) ) ;
#6039 = ORIENTED_EDGE ( 'NONE', *, *, #6041, .F. ) ;
#6040 = ADVANCED_FACE ( 'NONE', ( #10524 ), #10527, .T. ) ;
#6041 = EDGE_CURVE ( 'NONE', #4712, #5662, #10536, .T. ) ;
#6042 = ORIENTED_EDGE ( 'NONE', *, *, #5615, .F. ) ;
#6043 = ORIENTED_EDGE ( 'NONE', *, *, #6045, .T. ) ;
#6044 = ORIENTED_EDGE ( 'NONE', *, *, #5710, .F. ) ;
#6045 = EDGE_CURVE ( 'NONE', #5649, #5711, #10531, .T. ) ;
#6046 = ORIENTED_EDGE ( 'NONE', *, *, #5648, .F. ) ;
#6047 = EDGE_LOOP ( 'NONE', ( #6048, #6052, #6055, #6058 ) ) ;
#6048 = ORIENTED_EDGE ( 'NONE', *, *, #6049, .T. ) ;
#6049 = EDGE_CURVE ( 'NONE', #6050, #6051, #10542, .T. ) ;
#6050 = VERTEX_POINT ( 'NONE', #10559 ) ;
#6051 = VERTEX_POINT ( 'NONE', #10550 ) ;
#6052 = ORIENTED_EDGE ( 'NONE', *, *, #6053, .T. ) ;
#6053 = EDGE_CURVE ( 'NONE', #6051, #6054, #10563, .T. ) ;
#6054 = VERTEX_POINT ( 'NONE', #10564 ) ;
#6055 = ORIENTED_EDGE ( 'NONE', *, *, #6056, .T. ) ;
#6056 = EDGE_CURVE ( 'NONE', #6054, #6057, #10569, .T. ) ;
#6057 = VERTEX_POINT ( 'NONE', #10570 ) ;
#6058 = ORIENTED_EDGE ( 'NONE', *, *, #6059, .T. ) ;
#6059 = EDGE_CURVE ( 'NONE', #6057, #6050, #10557, .T. ) ;
#6060 = EDGE_LOOP ( 'NONE', ( #6061, #6064, #6067, #6069, #6070, #6071 ) ) ;
#6061 = ORIENTED_EDGE ( 'NONE', *, *, #6062, .T. ) ;
#6062 = EDGE_CURVE ( 'NONE', #5946, #6063, #10553, .T. ) ;
#6063 = VERTEX_POINT ( 'NONE', #10546 ) ;
#6064 = ORIENTED_EDGE ( 'NONE', *, *, #6065, .T. ) ;
#6065 = EDGE_CURVE ( 'NONE', #6063, #6066, #10544, .T. ) ;
#6066 = VERTEX_POINT ( 'NONE', #10573 ) ;
#6067 = ORIENTED_EDGE ( 'NONE', *, *, #6068, .T. ) ;
#6068 = EDGE_CURVE ( 'NONE', #6066, #5857, #10576, .T. ) ;
#6069 = ORIENTED_EDGE ( 'NONE', *, *, #5867, .T. ) ;
#6070 = ORIENTED_EDGE ( 'NONE', *, *, #6001, .T. ) ;
#6071 = ORIENTED_EDGE ( 'NONE', *, *, #5951, .T. ) ;
#6072 = ADVANCED_FACE ( 'NONE', ( #10678 ), #10645, .T. ) ;
#6073 = ORIENTED_EDGE ( 'NONE', *, *, #5855, .F. ) ;
#6074 = ORIENTED_EDGE ( 'NONE', *, *, #6065, .F. ) ;
#6075 = ADVANCED_FACE ( 'NONE', ( #10629 ), #10688, .T. ) ;
#6076 = EDGE_LOOP ( 'NONE', ( #6077, #5818, #5881, #5882, #5804, #6155, #5820, #5821 ) ) ;
#6077 = ORIENTED_EDGE ( 'NONE', *, *, #5861, .T. ) ;
#6078 = EDGE_LOOP ( 'NONE', ( #5824, #6113, #5833, #5883 ) ) ;
#6079 = ORIENTED_EDGE ( 'NONE', *, *, #5859, .F. ) ;
#6080 = EDGE_CURVE ( 'NONE', #6095, #6099, #10636, .T. ) ;
#6081 = ORIENTED_EDGE ( 'NONE', *, *, #6059, .F. ) ;
#6082 = ORIENTED_EDGE ( 'NONE', *, *, #6110, .F. ) ;
#6083 = ORIENTED_EDGE ( 'NONE', *, *, #6084, .T. ) ;
#6084 = EDGE_CURVE ( 'NONE', #6196, #6085, #10665, .T. ) ;
#6085 = VERTEX_POINT ( 'NONE', #10611 ) ;
#6086 = ORIENTED_EDGE ( 'NONE', *, *, #6251, .F. ) ;
#6087 = VERTEX_POINT ( 'NONE', #10610 ) ;
#6088 = ORIENTED_EDGE ( 'NONE', *, *, #5789, .F. ) ;
#6089 = ADVANCED_FACE ( 'NONE', ( #10609 ), #10651, .F. ) ;
#6090 = ORIENTED_EDGE ( 'NONE', *, *, #5940, .F. ) ;
#6091 = ADVANCED_FACE ( 'NONE', ( #10650 ), #10695, .F. ) ;
#6092 = EDGE_LOOP ( 'NONE', ( #6093, #6222, #6234 ) ) ;
#6093 = ORIENTED_EDGE ( 'NONE', *, *, #6094, .T. ) ;
#6094 = EDGE_CURVE ( 'NONE', #5941, #6133, #10717, .T. ) ;
#6095 = VERTEX_POINT ( 'NONE', #10713 ) ;
#6096 = EDGE_CURVE ( 'NONE', #5831, #5848, #10711, .T. ) ;
#6097 = ADVANCED_FACE ( 'NONE', ( #10707, #10706 ), #10729, .T. ) ;
#6098 = ORIENTED_EDGE ( 'NONE', *, *, #5826, .F. ) ;
#6099 = VERTEX_POINT ( 'NONE', #10731 ) ;
#6100 = VERTEX_POINT ( 'NONE', #10730 ) ;
#6101 = ORIENTED_EDGE ( 'NONE', *, *, #6102, .T. ) ;
#6102 = EDGE_CURVE ( 'NONE', #6100, #6169, #10734, .T. ) ;
#6103 = ADVANCED_FACE ( 'NONE', ( #10747 ), #10760, .F. ) ;
#6104 = EDGE_LOOP ( 'NONE', ( #6105, #6106, #6107, #6108, #6109 ) ) ;
#6105 = ORIENTED_EDGE ( 'NONE', *, *, #6056, .F. ) ;
#6106 = ORIENTED_EDGE ( 'NONE', *, *, #6152, .F. ) ;
#6107 = ORIENTED_EDGE ( 'NONE', *, *, #6228, .F. ) ;
#6108 = ORIENTED_EDGE ( 'NONE', *, *, #6148, .F. ) ;
#6109 = ORIENTED_EDGE ( 'NONE', *, *, #6110, .T. ) ;
#6110 = EDGE_CURVE ( 'NONE', #6227, #6057, #10755, .T. ) ;
#6111 = ADVANCED_FACE ( 'NONE', ( #10770 ), #10775, .F. ) ;
#6112 = EDGE_LOOP ( 'NONE', ( #6081, #6082, #6247, #6248, #6249 ) ) ;
#6113 = ORIENTED_EDGE ( 'NONE', *, *, #5826, .T. ) ;
#6114 = CARTESIAN_POINT ( 'NONE',  ( -6.338434553880310000, 1.161939768064541100, 2.045783167578186600 ) ) ;
#6115 = AXIS2_PLACEMENT_3D ( 'NONE', #6114, #6143, #6141 ) ;
#6117 = EDGE_CURVE ( 'NONE', #6135, #6017, #10782, .T. ) ;
#6116 = CIRCLE ( 'NONE', #6115, 0.6858000000000003000 ) ;
#6118 = ORIENTED_EDGE ( 'NONE', *, *, #6049, .F. ) ;
#6119 = FILL_AREA_STYLE_COLOUR ( '', #6137 ) ;
#6120 = ORIENTED_EDGE ( 'NONE', *, *, #6281, .F. ) ;
#6121 = ORIENTED_EDGE ( 'NONE', *, *, #6239, .F. ) ;
#6122 = ORIENTED_EDGE ( 'NONE', *, *, #6223, .F. ) ;
#6123 = ORIENTED_EDGE ( 'NONE', *, *, #6231, .T. ) ;
#6124 = EDGE_LOOP ( 'NONE', ( #6125, #6245, #6090 ) ) ;
#6125 = ORIENTED_EDGE ( 'NONE', *, *, #6228, .T. ) ;
#6126 = DIRECTION ( 'NONE',  ( 0.0000000000000000000, -1.000000000000000000, 3.916066504679277800E-017 ) ) ;
#6127 = VECTOR ( 'NONE', #6126, 1000.000000000000000 ) ;
#6128 = CARTESIAN_POINT ( 'NONE',  ( -6.338434553880310000, 0.4761397680645408900, 2.045783167578186100 ) ) ;
#6129 = LINE ( 'NONE', #6128, #6127 ) ;
#6130 = PRESENTATION_STYLE_ASSIGNMENT (( #6131 ) ) ;
#6131 = SURFACE_STYLE_USAGE ( .BOTH. , #6132 ) ;
#6133 = VERTEX_POINT ( 'NONE', #10784 ) ;
#6132 = SURFACE_SIDE_STYLE ('',( #6134 ) ) ;
#6134 = SURFACE_STYLE_FILL_AREA ( #6136 ) ;
#6135 = VERTEX_POINT ( 'NONE', #10786 ) ;
#6136 = FILL_AREA_STYLE ('',( #6119 ) ) ;
#6137 = COLOUR_RGB ( '',0.8313725490196077800, 0.8392156862745098200, 0.8274509803921568100 ) ;
#6138 = EDGE_CURVE ( 'NONE', #6140, #6142, #1988, .T. ) ;
#6139 = FACE_OUTER_BOUND ( 'NONE', #3740, .T. ) ;
#6140 = VERTEX_POINT ( 'NONE', #1986 ) ;
#6141 = DIRECTION ( 'NONE',  ( 0.0000000000000000000, -3.478047214155889100E-015, 1.000000000000000000 ) ) ;
#6142 = VERTEX_POINT ( 'NONE', #1999 ) ;
#6143 = DIRECTION ( 'NONE',  ( 1.000000000000000000, -0.0000000000000000000, -0.0000000000000000000 ) ) ;
#6144 = ORIENTED_EDGE ( 'NONE', *, *, #6237, .T. ) ;
#6145 = VERTEX_POINT ( 'NONE', #1974 ) ;
#6146 = ORIENTED_EDGE ( 'NONE', *, *, #6117, .T. ) ;
#6147 = ORIENTED_EDGE ( 'NONE', *, *, #6148, .T. ) ;
#6148 = EDGE_CURVE ( 'NONE', #6227, #5788, #1993, .T. ) ;
#6149 = VERTEX_POINT ( 'NONE', #1981 ) ;
#6150 = ORIENTED_EDGE ( 'NONE', *, *, #6246, .F. ) ;
#6151 = ORIENTED_EDGE ( 'NONE', *, *, #6152, .T. ) ;
#6152 = EDGE_CURVE ( 'NONE', #6149, #6054, #1976, .T. ) ;
#6153 = ADVANCED_FACE ( 'NONE', ( #1997 ), #492, .F. ) ;
#6154 = EDGE_LOOP ( 'NONE', ( #6168, #6146, #6240 ) ) ;
#6155 = ORIENTED_EDGE ( 'NONE', *, *, #6156, .T. ) ;
#6156 = EDGE_CURVE ( 'NONE', #5805, #6063, #495, .T. ) ;
#6157 = ORIENTED_EDGE ( 'NONE', *, *, #5806, .T. ) ;
#6158 = ORIENTED_EDGE ( 'NONE', *, *, #5850, .F. ) ;
#6159 = ORIENTED_EDGE ( 'NONE', *, *, #5744, .T. ) ;
#6160 =( NAMED_UNIT ( * ) PLANE_ANGLE_UNIT ( ) SI_UNIT ( $, .RADIAN. ) );
#6161 = EDGE_LOOP ( 'NONE', ( #6162, #5799, #5801, #5808 ) ) ;
#6162 = ORIENTED_EDGE ( 'NONE', *, *, #5832, .F. ) ;
#6163 =( LENGTH_UNIT ( ) NAMED_UNIT ( * ) SI_UNIT ( .MILLI., .METRE. ) );
#6164 = MECHANICAL_DESIGN_GEOMETRIC_PRESENTATION_REPRESENTATION (  '', ( #6167 ), #6261 ) ;
#6165 = ORIENTED_EDGE ( 'NONE', *, *, #6096, .F. ) ;
#6166 = PRESENTATION_LAYER_ASSIGNMENT (  '', '', ( #6167 ) ) ;
#6167 = STYLED_ITEM ( 'NONE', ( #6130 ), #3739 ) ;
#6168 = ORIENTED_EDGE ( 'NONE', *, *, #6239, .T. ) ;
#6169 = VERTEX_POINT ( 'NONE', #491 ) ;
#6170 = EDGE_CURVE ( 'NONE', #5803, #5805, #559, .T. ) ;
#6171 = ADVANCED_FACE ( 'NONE', ( #508 ), #561, .T. ) ;
#6172 = EDGE_LOOP ( 'NONE', ( #6173, #6174, #6073, #6074 ) ) ;
#6173 = ORIENTED_EDGE ( 'NONE', *, *, #6156, .F. ) ;
#6174 = ORIENTED_EDGE ( 'NONE', *, *, #5800, .F. ) ;
#6175 = VERTEX_POINT ( 'NONE', #562 ) ;
#6176 = EDGE_LOOP ( 'NONE', ( #6224, #6293, #6253, #6256 ) ) ;
#6177 = VERTEX_POINT ( 'NONE', #569 ) ;
#6178 = VERTEX_POINT ( 'NONE', #587 ) ;
#6179 = ADVANCED_FACE ( 'NONE', ( #586 ), #564, .F. ) ;
#6180 = VERTEX_POINT ( 'NONE', #537 ) ;
#6181 = ORIENTED_EDGE ( 'NONE', *, *, #6182, .F. ) ;
#6182 = EDGE_CURVE ( 'NONE', #6183, #6180, #533, .T. ) ;
#6183 = VERTEX_POINT ( 'NONE', #661 ) ;
#6184 = ORIENTED_EDGE ( 'NONE', *, *, #3478, .T. ) ;
#6185 = EDGE_CURVE ( 'NONE', #6230, #6177, #645, .T. ) ;
#6186 = ORIENTED_EDGE ( 'NONE', *, *, #6185, .F. ) ;
#6187 = VERTEX_POINT ( 'NONE', #617 ) ;
#6188 = VERTEX_POINT ( 'NONE', #638 ) ;
#6189 = ORIENTED_EDGE ( 'NONE', *, *, #6190, .T. ) ;
#6190 = EDGE_CURVE ( 'NONE', #6188, #6364, #648, .T. ) ;
#6191 = ORIENTED_EDGE ( 'NONE', *, *, #6192, .F. ) ;
#6192 = EDGE_CURVE ( 'NONE', #6208, #6218, #614, .T. ) ;
#6193 = ADVANCED_FACE ( 'NONE', ( #618 ), #659, .F. ) ;
#6194 = EDGE_LOOP ( 'NONE', ( #6262, #6266, #6286, #6289, #6302, #6336 ) ) ;
#6195 = EDGE_CURVE ( 'NONE', #6196, #6279, #630, .T. ) ;
#6196 = VERTEX_POINT ( 'NONE', #705 ) ;
#6197 = ORIENTED_EDGE ( 'NONE', *, *, #6198, .T. ) ;
#6198 = EDGE_CURVE ( 'NONE', #6230, #6100, #709, .T. ) ;
#6199 = ORIENTED_EDGE ( 'NONE', *, *, #6094, .F. ) ;
#6200 = ADVANCED_FACE ( 'NONE', ( #697 ), #682, .F. ) ;
#6201 = ADVANCED_FACE ( 'NONE', ( #757 ), #806, .F. ) ;
#6202 = EDGE_LOOP ( 'NONE', ( #6280, #6147, #6088 ) ) ;
#6203 = EDGE_CURVE ( 'NONE', #6269, #6219, #812, .T. ) ;
#6204 = ADVANCED_FACE ( 'NONE', ( #810 ), #788, .T. ) ;
#6205 = EDGE_LOOP ( 'NONE', ( #6206, #6214, #6216, #6191 ) ) ;
#6206 = ORIENTED_EDGE ( 'NONE', *, *, #6207, .T. ) ;
#6207 = EDGE_CURVE ( 'NONE', #6208, #6209, #744, .T. ) ;
#6208 = VERTEX_POINT ( 'NONE', #792 ) ;
#6209 = VERTEX_POINT ( 'NONE', #739 ) ;
#6210 = EDGE_CURVE ( 'NONE', #6145, #6233, #808, .T. ) ;
#6211 = EDGE_CURVE ( 'NONE', #6212, #6269, #873, .T. ) ;
#6212 = VERTEX_POINT ( 'NONE', #884 ) ;
#6213 = VERTEX_POINT ( 'NONE', #843 ) ;
#6214 = ORIENTED_EDGE ( 'NONE', *, *, #6215, .T. ) ;
#6215 = EDGE_CURVE ( 'NONE', #6209, #6175, #895, .T. ) ;
#6216 = ORIENTED_EDGE ( 'NONE', *, *, #6217, .F. ) ;
#6217 = EDGE_CURVE ( 'NONE', #6218, #6175, #886, .T. ) ;
#6218 = VERTEX_POINT ( 'NONE', #930 ) ;
#6219 = VERTEX_POINT ( 'NONE', #912 ) ;
#6220 = ORIENTED_EDGE ( 'NONE', *, *, #6203, .F. ) ;
#6221 = ORIENTED_EDGE ( 'NONE', *, *, #6138, .T. ) ;
#6222 = ORIENTED_EDGE ( 'NONE', *, *, #6223, .T. ) ;
#6223 = EDGE_CURVE ( 'NONE', #6133, #5982, #856, .T. ) ;
#6224 = ORIENTED_EDGE ( 'NONE', *, *, #6225, .T. ) ;
#6225 = EDGE_CURVE ( 'NONE', #6178, #6284, #892, .T. ) ;
#6226 = EDGE_CURVE ( 'NONE', #6017, #6227, #906, .T. ) ;
#6227 = VERTEX_POINT ( 'NONE', #915 ) ;
#6228 = EDGE_CURVE ( 'NONE', #5788, #6149, #917, .T. ) ;
#6229 = EDGE_CURVE ( 'NONE', #6279, #6087, #935, .T. ) ;
#6230 = VERTEX_POINT ( 'NONE', #934 ) ;
#6231 = EDGE_CURVE ( 'NONE', #6133, #6051, #881, .T. ) ;
#6232 = EDGE_LOOP ( 'NONE', ( #6221, #6144, #6274, #6250 ) ) ;
#6233 = VERTEX_POINT ( 'NONE', #882 ) ;
#6234 = ORIENTED_EDGE ( 'NONE', *, *, #5943, .F. ) ;
#6235 = CLOSED_SHELL ( 'NONE', ( #5740, #5983, #5775, #5761, #5776, #6009, #5975, #5959, #5864, #5873, #5952, #5892, #5912, #5899, #5906, #5920, #5927, #5934, #5944, #6072, #6097, #6075, #5834, #5827, #5809, #5815, #6171, #6153, #6201, #6089, #6091, #6276, #6103, #6111, #6282 ) ) ;
#6236 = EDGE_CURVE ( 'NONE', #6140, #6233, #933, .T. ) ;
#6237 = EDGE_CURVE ( 'NONE', #6142, #6145, #853, .T. ) ;
#6238 = EDGE_LOOP ( 'NONE', ( #6118, #6120, #6121, #6122, #6123 ) ) ;
#6239 = EDGE_CURVE ( 'NONE', #5982, #6135, #866, .T. ) ;
#6240 = ORIENTED_EDGE ( 'NONE', *, *, #5981, .F. ) ;
#6241 = EDGE_LOOP ( 'NONE', ( #6242, #6083, #6086, #6252 ) ) ;
#6242 = ORIENTED_EDGE ( 'NONE', *, *, #6195, .F. ) ;
#6243 = EDGE_LOOP ( 'NONE', ( #6197, #6101, #6299, #6291, #6186 ) ) ;
#6244 = ADVANCED_FACE ( 'NONE', ( #862 ), #939, .T. ) ;
#6245 = ORIENTED_EDGE ( 'NONE', *, *, #6246, .T. ) ;
#6246 = EDGE_CURVE ( 'NONE', #6149, #5941, #975, .T. ) ;
#6247 = ORIENTED_EDGE ( 'NONE', *, *, #6226, .F. ) ;
#6248 = ORIENTED_EDGE ( 'NONE', *, *, #6117, .F. ) ;
#6249 = ORIENTED_EDGE ( 'NONE', *, *, #6281, .T. ) ;
#6250 = ORIENTED_EDGE ( 'NONE', *, *, #6236, .F. ) ;
#6251 = EDGE_CURVE ( 'NONE', #6087, #6085, #972, .T. ) ;
#6252 = ORIENTED_EDGE ( 'NONE', *, *, #6229, .F. ) ;
#6253 = ORIENTED_EDGE ( 'NONE', *, *, #6254, .F. ) ;
#6254 = EDGE_CURVE ( 'NONE', #6255, #6285, #1000, .T. ) ;
#6255 = VERTEX_POINT ( 'NONE', #991 ) ;
#6256 = ORIENTED_EDGE ( 'NONE', *, *, #6257, .F. ) ;
#6257 = EDGE_CURVE ( 'NONE', #6178, #6255, #994, .T. ) ;
#6258 = ADVANCED_FACE ( 'NONE', ( #943 ), #989, .F. ) ;
#6259 = EDGE_LOOP ( 'NONE', ( #6260, #6270, #6273, #6220 ) ) ;
#6260 = ORIENTED_EDGE ( 'NONE', *, *, #6211, .F. ) ;
#6261 =( GEOMETRIC_REPRESENTATION_CONTEXT ( 3 ) GLOBAL_UNCERTAINTY_ASSIGNED_CONTEXT ( ( #5529 ) ) GLOBAL_UNIT_ASSIGNED_CONTEXT ( ( #6163, #6160, #5582 ) ) REPRESENTATION_CONTEXT ( 'NONE', 'WORKASPACE' ) );
#6262 = ORIENTED_EDGE ( 'NONE', *, *, #6263, .T. ) ;
#6263 = EDGE_CURVE ( 'NONE', #6264, #6265, #984, .T. ) ;
#6264 = VERTEX_POINT ( 'NONE', #955 ) ;
#6265 = VERTEX_POINT ( 'NONE', #954 ) ;
#6266 = ORIENTED_EDGE ( 'NONE', *, *, #6267, .T. ) ;
#6267 = EDGE_CURVE ( 'NONE', #6265, #6268, #951, .T. ) ;
#6268 = VERTEX_POINT ( 'NONE', #1076 ) ;
#6269 = VERTEX_POINT ( 'NONE', #1077 ) ;
#6270 = ORIENTED_EDGE ( 'NONE', *, *, #6271, .T. ) ;
#6271 = EDGE_CURVE ( 'NONE', #6212, #6272, #1083, .T. ) ;
#6272 = VERTEX_POINT ( 'NONE', #1080 ) ;
#6273 = ORIENTED_EDGE ( 'NONE', *, *, #6283, .T. ) ;
#6274 = ORIENTED_EDGE ( 'NONE', *, *, #6210, .T. ) ;
#6275 = ORIENTED_EDGE ( 'NONE', *, *, #6231, .F. ) ;
#6276 = ADVANCED_FACE ( 'NONE', ( #1022 ), #1087, .F. ) ;
#6277 = EDGE_LOOP ( 'NONE', ( #6278, #6275, #6199, #6150, #6151 ) ) ;
#6278 = ORIENTED_EDGE ( 'NONE', *, *, #6053, .F. ) ;
#6279 = VERTEX_POINT ( 'NONE', #1097 ) ;
#6280 = ORIENTED_EDGE ( 'NONE', *, *, #6226, .T. ) ;
#6281 = EDGE_CURVE ( 'NONE', #6135, #6050, #1037, .T. ) ;
#6282 = ADVANCED_FACE ( 'NONE', ( #1042 ), #1049, .F. ) ;
#6283 = EDGE_CURVE ( 'NONE', #6272, #6219, #1070, .T. ) ;
#6284 = VERTEX_POINT ( 'NONE', #1061 ) ;
#6285 = VERTEX_POINT ( 'NONE', #1060 ) ;
#6286 = ORIENTED_EDGE ( 'NONE', *, *, #6287, .T. ) ;
#6287 = EDGE_CURVE ( 'NONE', #6268, #6288, #1114, .T. ) ;
#6288 = VERTEX_POINT ( 'NONE', #1109 ) ;
#6289 = ORIENTED_EDGE ( 'NONE', *, *, #6301, .F. ) ;
#6290 = VERTEX_POINT ( 'NONE', #1108 ) ;
#6291 = ORIENTED_EDGE ( 'NONE', *, *, #6292, .T. ) ;
#6292 = EDGE_CURVE ( 'NONE', #6213, #6177, #1105, .T. ) ;
#6293 = ORIENTED_EDGE ( 'NONE', *, *, #6294, .T. ) ;
#6294 = EDGE_CURVE ( 'NONE', #6284, #6285, #1199, .T. ) ;
#6295 = MANIFOLD_SOLID_BREP ( 'NONE', #4039 ) ;
#6296 = ADVANCED_FACE ( 'NONE', ( #1256 ), #1103, .T. ) ;
#6297 = EDGE_LOOP ( 'NONE', ( #3234, #3238, #3241, #3244 ) ) ;
#6298 = EDGE_CURVE ( 'NONE', #6180, #6364, #1483, .T. ) ;
#6299 = ORIENTED_EDGE ( 'NONE', *, *, #6304, .T. ) ;
#6300 = EDGE_CURVE ( 'NONE', #6187, #6188, #1482, .T. ) ;
#6301 = EDGE_CURVE ( 'NONE', #6290, #6288, #1477, .T. ) ;
#6302 = ORIENTED_EDGE ( 'NONE', *, *, #6393, .F. ) ;
#6303 = ADVANCED_FACE ( 'NONE', ( #1456 ), #1543, .T. ) ;
#6304 = EDGE_CURVE ( 'NONE', #6169, #6213, #1507, .T. ) ;
#6305 = EDGE_CURVE ( 'NONE', #6264, #6394, #1564, .T. ) ;
#6306 = ORIENTED_EDGE ( 'NONE', *, *, #6298, .F. ) ;
#6307 =( NAMED_UNIT ( * ) PLANE_ANGLE_UNIT ( ) SI_UNIT ( $, .RADIAN. ) );
#6308 = CARTESIAN_POINT ( 'NONE',  ( -13.45043455388031000, 8.273939768064542100, -3.502648656819619300 ) ) ;
#6309 = ORIENTED_EDGE ( 'NONE', *, *, #6310, .F. ) ;
#6310 = EDGE_CURVE ( 'NONE', #6312, #3230, #1577, .T. ) ;
#6312 = VERTEX_POINT ( 'NONE', #1562 ) ;
#6311 = DIRECTION ( 'NONE',  ( 1.000000000000000000, -0.0000000000000000000, 0.0000000000000000000 ) ) ;
#6313 = ORIENTED_EDGE ( 'NONE', *, *, #6338, .F. ) ;
#6314 = SURFACE_SIDE_STYLE ('',( #6315 ) ) ;
#6315 = SURFACE_STYLE_FILL_AREA ( #6316 ) ;
#6316 = FILL_AREA_STYLE ('',( #6331 ) ) ;
#6317 = COLOUR_RGB ( '',0.8313725490196077800, 0.8392156862745098200, 0.8274509803921568100 ) ;
#6318 = FACE_OUTER_BOUND ( 'NONE', #3233, .T. ) ;
#6319 = DIRECTION ( 'NONE',  ( 1.000000000000000000, -0.0000000000000000000, 0.0000000000000000000 ) ) ;
#6320 = VECTOR ( 'NONE', #6319, 1000.000000000000000 ) ;
#6321 = CARTESIAN_POINT ( 'NONE',  ( -13.57743455388030900, 5.911739768064540700, -3.494048876190103000 ) ) ;
#6323 =( NAMED_UNIT ( * ) PLANE_ANGLE_UNIT ( ) SI_UNIT ( $, .RADIAN. ) );
#6322 = CARTESIAN_POINT ( 'NONE',  ( -14.21243455388030900, -0.03186023193545931700, -3.491416832421813300 ) ) ;
#6324 =( LENGTH_UNIT ( ) NAMED_UNIT ( * ) SI_UNIT ( .MILLI., .METRE. ) );
#6325 = MECHANICAL_DESIGN_GEOMETRIC_PRESENTATION_REPRESENTATION (  '', ( #6327 ), #6332 ) ;
#6326 = PRESENTATION_LAYER_ASSIGNMENT (  '', '', ( #6327 ) ) ;
#6327 = STYLED_ITEM ( 'NONE', ( #6328 ), #3224 ) ;
#6328 = PRESENTATION_STYLE_ASSIGNMENT (( #6329 ) ) ;
#6329 = SURFACE_STYLE_USAGE ( .BOTH. , #6314 ) ;
#6330 = LINE ( 'NONE', #6321, #6320 ) ;
#6331 = FILL_AREA_STYLE_COLOUR ( '', #6317 ) ;
#6332 =( GEOMETRIC_REPRESENTATION_CONTEXT ( 3 ) GLOBAL_UNCERTAINTY_ASSIGNED_CONTEXT ( ( #6333 ) ) GLOBAL_UNIT_ASSIGNED_CONTEXT ( ( #6324, #6323, #6334 ) ) REPRESENTATION_CONTEXT ( 'NONE', 'WORKASPACE' ) );
#6333 = UNCERTAINTY_MEASURE_WITH_UNIT (LENGTH_MEASURE( 1.000000000000000100E-005 ), #6324, 'distance_accuracy_value', 'NONE');
#6334 =( NAMED_UNIT ( * ) SI_UNIT ( $, .STERADIAN. ) SOLID_ANGLE_UNIT ( ) );
#6335 = ORIENTED_EDGE ( 'NONE', *, *, #6300, .T. ) ;
#6336 = ORIENTED_EDGE ( 'NONE', *, *, #6305, .F. ) ;
#6337 = EDGE_LOOP ( 'NONE', ( #6335, #6189, #6306, #6181, #6184, #3232 ) ) ;
#6338 = EDGE_CURVE ( 'NONE', #3278, #6312, #1611, .T. ) ;
#6339 = ADVANCED_FACE ( 'NONE', ( #1568 ), #1628, .F. ) ;
#6340 = DIRECTION ( 'NONE',  ( 0.0000000000000000000, -3.916066504679277800E-017, -1.000000000000000000 ) ) ;
#6341 = CARTESIAN_POINT ( 'NONE',  ( -13.45043455388031000, 9.054763847188317200, 1.766383167578187400 ) ) ;
#6342 = DIRECTION ( 'NONE',  ( 0.0000000000000000000, 2.048885995248200100E-014, -1.000000000000000000 ) ) ;
#6343 = DIRECTION ( 'NONE',  ( -1.000000000000000000, 0.0000000000000000000, -0.0000000000000000000 ) ) ;
#6344 = CARTESIAN_POINT ( 'NONE',  ( -13.45043455388031000, 9.054763847188317200, 2.274383167578186700 ) ) ;
#6345 = AXIS2_PLACEMENT_3D ( 'NONE', #6344, #6343, #6342 ) ;
#6346 = CIRCLE ( 'NONE', #6345, 0.5079999999999993400 ) ;
#6347 = DIRECTION ( 'NONE',  ( 0.0000000000000000000, 0.0000000000000000000, -1.000000000000000000 ) ) ;
#6348 = DIRECTION ( 'NONE',  ( 1.000000000000000000, -0.0000000000000000000, 0.0000000000000000000 ) ) ;
#6349 = AXIS2_PLACEMENT_3D ( 'NONE', #6351, #6348, #6347 ) ;
#6350 = CYLINDRICAL_SURFACE ( 'NONE', #6349, 1.016000000000000000 ) ;
#6351 = CARTESIAN_POINT ( 'NONE',  ( -14.21243455388030900, 4.819539768064540700, 2.076907439440272500 ) ) ;
#6352 = DIRECTION ( 'NONE',  ( 0.0000000000000000000, 1.024442997624098600E-014, -1.000000000000000000 ) ) ;
#6353 = DIRECTION ( 'NONE',  ( -1.000000000000000000, 0.0000000000000000000, -0.0000000000000000000 ) ) ;
#6354 = CARTESIAN_POINT ( 'NONE',  ( -13.45043455388031000, 4.819539768064540700, 2.076907439440272500 ) ) ;
#6355 = AXIS2_PLACEMENT_3D ( 'NONE', #6354, #6353, #6352 ) ;
#6356 = CIRCLE ( 'NONE', #6355, 0.5080000000000000100 ) ;
#6357 = CARTESIAN_POINT ( 'NONE',  ( -13.45043455388031000, 5.096630677155448400, 1.651132113594383100 ) ) ;
#6358 = CARTESIAN_POINT ( 'NONE',  ( -6.338434553880310000, 4.819539768064540700, 1.060907439440272700 ) ) ;
#6359 = CARTESIAN_POINT ( 'NONE',  ( -6.338434553880310000, 9.054763847188317200, 1.766383167578187400 ) ) ;
#6360 = DIRECTION ( 'NONE',  ( 1.000000000000000000, -0.0000000000000000000, 0.0000000000000000000 ) ) ;
#6361 = VECTOR ( 'NONE', #6360, 1000.000000000000000 ) ;
#6362 = CARTESIAN_POINT ( 'NONE',  ( -14.21243455388030900, 9.054763847188317200, 1.766383167578187400 ) ) ;
#6363 = LINE ( 'NONE', #6362, #6361 ) ;
#6364 = VERTEX_POINT ( 'NONE', #1658 ) ;
#6365 = LINE ( 'NONE', #6423, #6422 ) ;
#6366 = PLANE ( 'NONE',  #6427 ) ;
#6367 =( GEOMETRIC_REPRESENTATION_CONTEXT ( 3 ) GLOBAL_UNCERTAINTY_ASSIGNED_CONTEXT ( ( #6368 ) ) GLOBAL_UNIT_ASSIGNED_CONTEXT ( ( #6371, #6370, #6369 ) ) REPRESENTATION_CONTEXT ( 'NONE', 'WORKASPACE' ) );
#6368 = UNCERTAINTY_MEASURE_WITH_UNIT (LENGTH_MEASURE( 1.000000000000000100E-005 ), #6371, 'distance_accuracy_value', 'NONE');
#6369 =( NAMED_UNIT ( * ) SI_UNIT ( $, .STERADIAN. ) SOLID_ANGLE_UNIT ( ) );
#6370 =( NAMED_UNIT ( * ) PLANE_ANGLE_UNIT ( ) SI_UNIT ( $, .RADIAN. ) );
#6371 =( LENGTH_UNIT ( ) NAMED_UNIT ( * ) SI_UNIT ( .MILLI., .METRE. ) );
#6372 = MECHANICAL_DESIGN_GEOMETRIC_PRESENTATION_REPRESENTATION (  '', ( #6374 ), #6367 ) ;
#6373 = PRESENTATION_LAYER_ASSIGNMENT (  '', '', ( #6374 ) ) ;
#6374 = STYLED_ITEM ( 'NONE', ( #6375 ), #3246 ) ;
#6375 = PRESENTATION_STYLE_ASSIGNMENT (( #6376 ) ) ;
#6376 = SURFACE_STYLE_USAGE ( .BOTH. , #6377 ) ;
#6377 = SURFACE_SIDE_STYLE ('',( #6378 ) ) ;
#6378 = SURFACE_STYLE_FILL_AREA ( #6379 ) ;
#6379 = FILL_AREA_STYLE ('',( #6386 ) ) ;
#6380 = COLOUR_RGB ( '',0.8313725490196077800, 0.8392156862745098200, 0.8274509803921568100 ) ;
#6381 = FACE_OUTER_BOUND ( 'NONE', #3247, .T. ) ;
#6382 = DIRECTION ( 'NONE',  ( 1.000000000000000000, -0.0000000000000000000, 0.0000000000000000000 ) ) ;
#6383 = VECTOR ( 'NONE', #6382, 1000.000000000000000 ) ;
#6384 = CARTESIAN_POINT ( 'NONE',  ( -14.21243455388030900, 5.096630677155448400, 1.651132113594383100 ) ) ;
#6385 = LINE ( 'NONE', #6384, #6383 ) ;
#6386 = FILL_AREA_STYLE_COLOUR ( '', #6380 ) ;
#6387 = CARTESIAN_POINT ( 'NONE',  ( -6.338434553880310000, 5.096630677155448400, 1.651132113594383100 ) ) ;
#6388 = DIRECTION ( 'NONE',  ( 0.0000000000000000000, 0.0000000000000000000, -1.000000000000000000 ) ) ;
#6389 = DIRECTION ( 'NONE',  ( -1.000000000000000000, 0.0000000000000000000, 0.0000000000000000000 ) ) ;
#6390 = CARTESIAN_POINT ( 'NONE',  ( -6.338434553880310000, 4.819539768064540700, 2.076907439440272500 ) ) ;
#6391 = AXIS2_PLACEMENT_3D ( 'NONE', #6390, #6389, #6388 ) ;
#6392 = CIRCLE ( 'NONE', #6391, 0.5080000000000000100 ) ;
#6393 = EDGE_CURVE ( 'NONE', #6394, #6290, #1635, .T. ) ;
#6394 = VERTEX_POINT ( 'NONE', #1670 ) ;
#6395 = CARTESIAN_POINT ( 'NONE',  ( -6.338434553880310000, 4.819539768064540700, 1.568907439440272700 ) ) ;
#6396 = DIRECTION ( 'NONE',  ( 1.000000000000000000, -0.0000000000000000000, 0.0000000000000000000 ) ) ;
#6397 = VECTOR ( 'NONE', #6396, 1000.000000000000000 ) ;
#6398 = CARTESIAN_POINT ( 'NONE',  ( -14.21243455388030900, 4.819539768064540700, 1.568907439440272700 ) ) ;
#6399 = LINE ( 'NONE', #6398, #6397 ) ;
#6400 = CARTESIAN_POINT ( 'NONE',  ( -13.45043455388031000, 4.819539768064540700, 1.568907439440272700 ) ) ;
#6401 =( NAMED_UNIT ( * ) SI_UNIT ( $, .STERADIAN. ) SOLID_ANGLE_UNIT ( ) );
#6402 =( NAMED_UNIT ( * ) PLANE_ANGLE_UNIT ( ) SI_UNIT ( $, .RADIAN. ) );
#6403 =( LENGTH_UNIT ( ) NAMED_UNIT ( * ) SI_UNIT ( .MILLI., .METRE. ) );
#6404 = MECHANICAL_DESIGN_GEOMETRIC_PRESENTATION_REPRESENTATION (  '', ( #6406 ), #6606 ) ;
#6405 = PRESENTATION_LAYER_ASSIGNMENT (  '', '', ( #6406 ) ) ;
#6406 = STYLED_ITEM ( 'NONE', ( #6407 ), #3252 ) ;
#6407 = PRESENTATION_STYLE_ASSIGNMENT (( #6409 ) ) ;
#6408 = DIRECTION ( 'NONE',  ( 0.0000000000000000000, -3.916066504679277800E-017, -1.000000000000000000 ) ) ;
#6409 = SURFACE_STYLE_USAGE ( .BOTH. , #6410 ) ;
#6410 = SURFACE_SIDE_STYLE ('',( #6411 ) ) ;
#6411 = SURFACE_STYLE_FILL_AREA ( #6412 ) ;
#6412 = FILL_AREA_STYLE ('',( #6420 ) ) ;
#6413 = COLOUR_RGB ( '',0.8313725490196077800, 0.8392156862745098200, 0.8274509803921568100 ) ;
#6414 = FACE_OUTER_BOUND ( 'NONE', #3253, .T. ) ;
#6415 = DIRECTION ( 'NONE',  ( 0.0000000000000000000, 0.0000000000000000000, 1.000000000000000000 ) ) ;
#6416 = DIRECTION ( 'NONE',  ( -1.000000000000000000, 0.0000000000000000000, 0.0000000000000000000 ) ) ;
#6417 = CARTESIAN_POINT ( 'NONE',  ( -6.338434553880310000, 9.054763847188317200, 2.274383167578186700 ) ) ;
#6418 = AXIS2_PLACEMENT_3D ( 'NONE', #6417, #6416, #6415 ) ;
#6419 = CIRCLE ( 'NONE', #6418, 1.015999999999999100 ) ;
#6420 = FILL_AREA_STYLE_COLOUR ( '', #6413 ) ;
#6421 = DIRECTION ( 'NONE',  ( -0.7071067811865476800, 0.6404064646620188900, -0.2997991994970867200 ) ) ;
#6422 = VECTOR ( 'NONE', #6421, 1000.000000000000100 ) ;
#6423 = CARTESIAN_POINT ( 'NONE',  ( -6.338434553880310000, 10.40533100981494000, -3.230450357435523700 ) ) ;
#6424 = DIRECTION ( 'NONE',  ( -1.250846150945177000E-016, 1.000000000000000000, -3.916066504679277800E-017 ) ) ;
#6425 = DIRECTION ( 'NONE',  ( 1.000000000000000000, 1.250846150945177000E-016, -4.898396714223407500E-033 ) ) ;
#6426 = CARTESIAN_POINT ( 'NONE',  ( -13.45043455388031000, 7.105539768064542000, -0.009894666055310932800 ) ) ;
#6427 = AXIS2_PLACEMENT_3D ( 'NONE', #6426, #6425, #6424 ) ;
#6428 = UNCERTAINTY_MEASURE_WITH_UNIT (LENGTH_MEASURE( 1.000000000000000100E-005 ), #6403, 'distance_accuracy_value', 'NONE');
#6429 = UNCERTAINTY_MEASURE_WITH_UNIT (LENGTH_MEASURE( 1.000000000000000100E-005 ), #6432, 'distance_accuracy_value', 'NONE');
#6430 =( NAMED_UNIT ( * ) SI_UNIT ( $, .STERADIAN. ) SOLID_ANGLE_UNIT ( ) );
#6431 =( NAMED_UNIT ( * ) PLANE_ANGLE_UNIT ( ) SI_UNIT ( $, .RADIAN. ) );
#6432 =( LENGTH_UNIT ( ) NAMED_UNIT ( * ) SI_UNIT ( .MILLI., .METRE. ) );
#6433 = MECHANICAL_DESIGN_GEOMETRIC_PRESENTATION_REPRESENTATION (  '', ( #6477 ), #6525 ) ;
#6434 = CARTESIAN_POINT ( 'NONE',  ( -6.338434553880310000, 5.373721586246357900, 1.225356787748492500 ) ) ;
#6435 = DIRECTION ( 'NONE',  ( 0.0000000000000000000, 0.0000000000000000000, 1.000000000000000000 ) ) ;
#6436 = DIRECTION ( 'NONE',  ( 1.000000000000000000, -0.0000000000000000000, -0.0000000000000000000 ) ) ;
#6437 = CARTESIAN_POINT ( 'NONE',  ( -6.338434553880310000, 7.105539768064542000, -1.435738998788316200 ) ) ;
#6438 = UNCERTAINTY_MEASURE_WITH_UNIT (LENGTH_MEASURE( 1.000000000000000100E-005 ), #6532, 'distance_accuracy_value', 'NONE');
#6439 =( NAMED_UNIT ( * ) SI_UNIT ( $, .STERADIAN. ) SOLID_ANGLE_UNIT ( ) );
#6440 = STYLED_ITEM ( 'NONE', ( #6441 ), #3265 ) ;
#6441 = PRESENTATION_STYLE_ASSIGNMENT (( #6442 ) ) ;
#6442 = SURFACE_STYLE_USAGE ( .BOTH. , #6443 ) ;
#6443 = SURFACE_SIDE_STYLE ('',( #6444 ) ) ;
#6444 = SURFACE_STYLE_FILL_AREA ( #6445 ) ;
#6445 = FILL_AREA_STYLE ('',( #6609 ) ) ;
#6446 = COLOUR_RGB ( '',0.8313725490196077800, 0.8392156862745098200, 0.8274509803921568100 ) ;
#6447 = FACE_OUTER_BOUND ( 'NONE', #3266, .T. ) ;
#6448 = DIRECTION ( 'NONE',  ( 0.0000000000000000000, 0.0000000000000000000, 1.000000000000000000 ) ) ;
#6449 = DIRECTION ( 'NONE',  ( -1.000000000000000000, 0.0000000000000000000, 0.0000000000000000000 ) ) ;
#6450 = AXIS2_PLACEMENT_3D ( 'NONE', #6607, #6449, #6448 ) ;
#6451 =( NAMED_UNIT ( * ) PLANE_ANGLE_UNIT ( ) SI_UNIT ( $, .RADIAN. ) );
#6452 =( LENGTH_UNIT ( ) NAMED_UNIT ( * ) SI_UNIT ( .MILLI., .METRE. ) );
#6453 = MECHANICAL_DESIGN_GEOMETRIC_PRESENTATION_REPRESENTATION (  '', ( #6455 ), #6501 ) ;
#6454 = PRESENTATION_LAYER_ASSIGNMENT (  '', '', ( #6455 ) ) ;
#6455 = STYLED_ITEM ( 'NONE', ( #6456 ), #3292 ) ;
#6456 = PRESENTATION_STYLE_ASSIGNMENT (( #6457 ) ) ;
#6457 = SURFACE_STYLE_USAGE ( .BOTH. , #6458 ) ;
#6458 = SURFACE_SIDE_STYLE ('',( #6459 ) ) ;
#6459 = SURFACE_STYLE_FILL_AREA ( #6460 ) ;
#6460 = FILL_AREA_STYLE ('',( #6461 ) ) ;
#6461 = FILL_AREA_STYLE_COLOUR ( '', #6462 ) ;
#6462 = COLOUR_RGB ( '',0.8313725490196077800, 0.8392156862745098200, 0.8274509803921568100 ) ;
#6463 = DIRECTION ( 'NONE',  ( 0.0000000000000000000, 0.0000000000000000000, 1.000000000000000000 ) ) ;
#6464 = DIRECTION ( 'NONE',  ( 1.000000000000000000, -0.0000000000000000000, 0.0000000000000000000 ) ) ;
#6465 = CARTESIAN_POINT ( 'NONE',  ( -6.338434553880310000, 7.105539768064542000, -1.435738998788316200 ) ) ;
#6466 = AXIS2_PLACEMENT_3D ( 'NONE', #6465, #6464, #6463 ) ;
#6467 = CIRCLE ( 'NONE', #6466, 3.682999999999999800 ) ;
#6468 = FACE_OUTER_BOUND ( 'NONE', #3293, .T. ) ;
#6469 = CARTESIAN_POINT ( 'NONE',  ( -14.21243455388030900, 1.708356347983653000, 3.107191364828188800 ) ) ;
#6470 = DIRECTION ( 'NONE',  ( 0.0000000000000000000, -0.8891005170464086900, 0.4577119952413404300 ) ) ;
#6471 = VECTOR ( 'NONE', #6470, 1000.000000000000000 ) ;
#6472 = CARTESIAN_POINT ( 'NONE',  ( -14.21243455388030900, 1.708356347983653000, 3.107191364828188800 ) ) ;
#6473 = LINE ( 'NONE', #6472, #6471 ) ;
#6474 = CARTESIAN_POINT ( 'NONE',  ( -14.21243455388030900, 3.557803962191970400, 1.583725421862233400 ) ) ;
#6475 = VECTOR ( 'NONE', #6510, 1000.000000000000100 ) ;
#6476 = PRESENTATION_LAYER_ASSIGNMENT (  '', '', ( #6477 ) ) ;
#6477 = STYLED_ITEM ( 'NONE', ( #6478 ), #3280 ) ;
#6478 = PRESENTATION_STYLE_ASSIGNMENT (( #6479 ) ) ;
#6479 = SURFACE_STYLE_USAGE ( .BOTH. , #6480 ) ;
#6480 = SURFACE_SIDE_STYLE ('',( #6481 ) ) ;
#6481 = SURFACE_STYLE_FILL_AREA ( #6482 ) ;
#6482 = FILL_AREA_STYLE ('',( #6489 ) ) ;
#6483 = COLOUR_RGB ( '',0.8313725490196077800, 0.8392156862745098200, 0.8274509803921568100 ) ;
#6484 = FACE_OUTER_BOUND ( 'NONE', #3475, .T. ) ;
#6485 = DIRECTION ( 'NONE',  ( -0.0000000000000000000, -0.5454545454545446400, 0.8381404052084447900 ) ) ;
#6486 = VECTOR ( 'NONE', #6485, 1000.000000000000100 ) ;
#6487 = CARTESIAN_POINT ( 'NONE',  ( -13.45043455388031000, 5.373721586246357900, 1.225356787748492500 ) ) ;
#6488 = LINE ( 'NONE', #6487, #6486 ) ;
#6489 = FILL_AREA_STYLE_COLOUR ( '', #6483 ) ;
#6490 = CARTESIAN_POINT ( 'NONE',  ( -13.45043455388031000, 8.818494261839980200, 1.824671389836793400 ) ) ;
#6491 = DIRECTION ( 'NONE',  ( 0.0000000000000000000, 0.0000000000000000000, -1.000000000000000000 ) ) ;
#6492 = DIRECTION ( 'NONE',  ( -1.000000000000000000, 0.0000000000000000000, -0.0000000000000000000 ) ) ;
#6493 = CARTESIAN_POINT ( 'NONE',  ( -13.45043455388031000, 9.054763847188317200, 2.274383167578186700 ) ) ;
#6494 = AXIS2_PLACEMENT_3D ( 'NONE', #6493, #6492, #6491 ) ;
#6495 = DIRECTION ( 'NONE',  ( 0.0000000000000000000, 0.0000000000000000000, -1.000000000000000000 ) ) ;
#6496 = DIRECTION ( 'NONE',  ( 1.000000000000000000, -0.0000000000000000000, 0.0000000000000000000 ) ) ;
#6497 = AXIS2_PLACEMENT_3D ( 'NONE', #6500, #6496, #6495 ) ;
#6498 = CYLINDRICAL_SURFACE ( 'NONE', #6497, 0.5079999999999993400 ) ;
#6499 = CIRCLE ( 'NONE', #6494, 0.5079999999999993400 ) ;
#6500 = CARTESIAN_POINT ( 'NONE',  ( -14.21243455388030900, 9.054763847188317200, 2.274383167578186700 ) ) ;
#6501 =( GEOMETRIC_REPRESENTATION_CONTEXT ( 3 ) GLOBAL_UNCERTAINTY_ASSIGNED_CONTEXT ( ( #6502 ) ) GLOBAL_UNIT_ASSIGNED_CONTEXT ( ( #6452, #6451, #6503 ) ) REPRESENTATION_CONTEXT ( 'NONE', 'WORKASPACE' ) );
#6502 = UNCERTAINTY_MEASURE_WITH_UNIT (LENGTH_MEASURE( 1.000000000000000100E-005 ), #6452, 'distance_accuracy_value', 'NONE');
#6503 =( NAMED_UNIT ( * ) SI_UNIT ( $, .STERADIAN. ) SOLID_ANGLE_UNIT ( ) );
#6504 = CARTESIAN_POINT ( 'NONE',  ( -13.45043455388031000, 9.270145734898338900, 1.814302041637917900 ) ) ;
#6505 = CARTESIAN_POINT ( 'NONE',  ( -6.338434553880310000, 1.475838654401052200, 2.655528302168613600 ) ) ;
#6506 = DIRECTION ( 'NONE',  ( -0.0000000000000000000, -0.8891005170464085800, 0.4577119952413404300 ) ) ;
#6507 = VECTOR ( 'NONE', #6506, 1000.000000000000100 ) ;
#6508 = CARTESIAN_POINT ( 'NONE',  ( -13.45043455388031000, 1.475838654401052200, 2.655528302168613600 ) ) ;
#6509 = LINE ( 'NONE', #6508, #6507 ) ;
#6510 = DIRECTION ( 'NONE',  ( -0.0000000000000000000, -0.4577119952413404300, -0.8891005170464085800 ) ) ;
#6511 = CARTESIAN_POINT ( 'NONE',  ( -14.21243455388030900, 3.790321655774571100, 2.035388484521810000 ) ) ;
#6512 = LINE ( 'NONE', #6511, #6475 ) ;
#6513 = CARTESIAN_POINT ( 'NONE',  ( -13.45043455388031000, 4.354504380899337300, 1.173581314121120900 ) ) ;
#6514 = CARTESIAN_POINT ( 'NONE',  ( -13.45043455388030800, 8.273939768064542100, 1.516457884890006500 ) ) ;
#6515 = DIRECTION ( 'NONE',  ( 0.0000000000000000000, -1.000000000000000000, -8.810209779567249100E-015 ) ) ;
#6516 = DIRECTION ( 'NONE',  ( 1.000000000000000000, 1.250846150945177000E-016, -4.898396714223407500E-033 ) ) ;
#6517 = AXIS2_PLACEMENT_3D ( 'NONE', #6523, #6516, #6515 ) ;
#6518 = CIRCLE ( 'NONE', #6517, 3.174999999999999800 ) ;
#6519 = DIRECTION ( 'NONE',  ( -1.250846150945177000E-016, 1.000000000000000000, -3.916066504679277800E-017 ) ) ;
#6520 = DIRECTION ( 'NONE',  ( 1.000000000000000000, 1.250846150945177000E-016, -4.898396714223407500E-033 ) ) ;
#6521 = CARTESIAN_POINT ( 'NONE',  ( -13.45043455388031000, 7.105539768064542000, -1.435738998788316200 ) ) ;
#6522 = AXIS2_PLACEMENT_3D ( 'NONE', #6521, #6520, #6519 ) ;
#6523 = CARTESIAN_POINT ( 'NONE',  ( -13.45043455388031000, 7.105539768064542000, -1.435738998788316200 ) ) ;
#6524 = PLANE ( 'NONE',  #6522 ) ;
#6525 =( GEOMETRIC_REPRESENTATION_CONTEXT ( 3 ) GLOBAL_UNCERTAINTY_ASSIGNED_CONTEXT ( ( #6429 ) ) GLOBAL_UNIT_ASSIGNED_CONTEXT ( ( #6432, #6431, #6430 ) ) REPRESENTATION_CONTEXT ( 'NONE', 'WORKASPACE' ) );
#6526 = AXIS2_PLACEMENT_3D ( 'NONE', #6437, #6436, #6435 ) ;
#6527 = CIRCLE ( 'NONE', #6526, 3.174999999999999800 ) ;
#6528 = AXIS2_PLACEMENT_3D ( 'NONE', #6605, #6604, #6603 ) ;
#6529 = PLANE ( 'NONE',  #6528 ) ;
#6530 =( GEOMETRIC_REPRESENTATION_CONTEXT ( 3 ) GLOBAL_UNCERTAINTY_ASSIGNED_CONTEXT ( ( #6438 ) ) GLOBAL_UNIT_ASSIGNED_CONTEXT ( ( #6532, #6531, #6439 ) ) REPRESENTATION_CONTEXT ( 'NONE', 'WORKASPACE' ) );
#6531 =( NAMED_UNIT ( * ) PLANE_ANGLE_UNIT ( ) SI_UNIT ( $, .RADIAN. ) );
#6532 =( LENGTH_UNIT ( ) NAMED_UNIT ( * ) SI_UNIT ( .MILLI., .METRE. ) );
#6533 = MECHANICAL_DESIGN_GEOMETRIC_PRESENTATION_REPRESENTATION (  '', ( #6440 ), #6530 ) ;
#6534 = PRESENTATION_LAYER_ASSIGNMENT (  '', '', ( #6440 ) ) ;
#6535 = AXIS2_PLACEMENT_3D ( 'NONE', #6612, #6611, #6610 ) ;
#6536 = CIRCLE ( 'NONE', #6535, 1.016000000000000000 ) ;
#6537 = CARTESIAN_POINT ( 'NONE',  ( -14.21243455388030900, 1.475838654401052200, 2.655528302168613600 ) ) ;
#6538 = DIRECTION ( 'NONE',  ( 0.0000000000000000000, -0.8891005170464086900, 0.4577119952413404300 ) ) ;
#6539 = VECTOR ( 'NONE', #6538, 1000.000000000000000 ) ;
#6540 = CARTESIAN_POINT ( 'NONE',  ( -14.21243455388030900, 1.475838654401052200, 2.655528302168613600 ) ) ;
#6541 = DIRECTION ( 'NONE',  ( 0.0000000000000000000, 0.8891005170464085800, -0.4577119952413404300 ) ) ;
#6542 = DIRECTION ( 'NONE',  ( 0.0000000000000000000, 0.4577119952413404900, 0.8891005170464086900 ) ) ;
#6543 = CARTESIAN_POINT ( 'NONE',  ( -14.21243455388030900, 1.708356347983653000, 3.107191364828188800 ) ) ;
#6544 = AXIS2_PLACEMENT_3D ( 'NONE', #6543, #6542, #6541 ) ;
#6545 = LINE ( 'NONE', #6540, #6539 ) ;
#6546 = PLANE ( 'NONE',  #6544 ) ;
#6547 =( GEOMETRIC_REPRESENTATION_CONTEXT ( 3 ) GLOBAL_UNCERTAINTY_ASSIGNED_CONTEXT ( ( #6579 ) ) GLOBAL_UNIT_ASSIGNED_CONTEXT ( ( #6582, #6581, #6580 ) ) REPRESENTATION_CONTEXT ( 'NONE', 'WORKASPACE' ) );
#6548 = DIRECTION ( 'NONE',  ( 0.0000000000000000000, -3.916066504679277800E-017, -1.000000000000000000 ) ) ;
#6549 = CARTESIAN_POINT ( 'NONE',  ( -13.45043455388030800, 8.273939768064542100, 1.516457884890006500 ) ) ;
#6550 = LINE ( 'NONE', #6549, #6628 ) ;
#6551 = CARTESIAN_POINT ( 'NONE',  ( -13.57743455388030900, 8.273939768064542100, 2.057014991975992100 ) ) ;
#6552 = DIRECTION ( 'NONE',  ( 1.000000000000000000, -0.0000000000000000000, 0.0000000000000000000 ) ) ;
#6553 = VECTOR ( 'NONE', #6552, 1000.000000000000000 ) ;
#6554 = CARTESIAN_POINT ( 'NONE',  ( -13.57743455388030900, 8.273939768064542100, 2.057014991975992100 ) ) ;
#6555 = LINE ( 'NONE', #6554, #6553 ) ;
#6556 = CARTESIAN_POINT ( 'NONE',  ( -6.338434553880310000, 8.818494261839980200, 1.824671389836793400 ) ) ;
#6557 = DIRECTION ( 'NONE',  ( 1.000000000000000000, -0.0000000000000000000, 0.0000000000000000000 ) ) ;
#6558 = VECTOR ( 'NONE', #6557, 1000.000000000000000 ) ;
#6559 = CARTESIAN_POINT ( 'NONE',  ( -14.21243455388030900, 8.818494261839980200, 1.824671389836793400 ) ) ;
#6560 = LINE ( 'NONE', #6559, #6558 ) ;
#6561 = CARTESIAN_POINT ( 'NONE',  ( -13.45043455388031000, 8.273939768064542100, 2.057014991975991700 ) ) ;
#6562 = CARTESIAN_POINT ( 'NONE',  ( -14.21243455388030900, 3.790321655774571100, 2.035388484521810000 ) ) ;
#6563 = DIRECTION ( 'NONE',  ( 0.0000000000000000000, 0.0000000000000000000, -1.000000000000000000 ) ) ;
#6564 = DIRECTION ( 'NONE',  ( 1.000000000000000000, -0.0000000000000000000, 0.0000000000000000000 ) ) ;
#6565 = CARTESIAN_POINT ( 'NONE',  ( -13.45043455388031000, 7.105539768064542000, -1.435738998788316200 ) ) ;
#6566 = AXIS2_PLACEMENT_3D ( 'NONE', #6565, #6564, #6563 ) ;
#6567 = CIRCLE ( 'NONE', #6566, 3.682999999999999400 ) ;
#6568 = DIRECTION ( 'NONE',  ( 1.000000000000000000, -0.0000000000000000000, 0.0000000000000000000 ) ) ;
#6569 = VECTOR ( 'NONE', #6568, 1000.000000000000000 ) ;
#6570 = CARTESIAN_POINT ( 'NONE',  ( -13.57743455388030900, 5.911739768064540700, 2.048415211346475800 ) ) ;
#6571 = LINE ( 'NONE', #6570, #6569 ) ;
#6572 = CARTESIAN_POINT ( 'NONE',  ( -13.57743455388030900, 5.911739768064540700, 2.048415211346475800 ) ) ;
#6573 = CARTESIAN_POINT ( 'NONE',  ( -13.45043455388031000, 4.552321655774579600, 1.643108271332258200 ) ) ;
#6574 = CARTESIAN_POINT ( 'NONE',  ( -13.45043455388031000, 4.587022074481939000, 1.625244376780697000 ) ) ;
#6575 = DIRECTION ( 'NONE',  ( 1.112127959550866700E-016, -0.8891005170464085800, 0.4577119952413404300 ) ) ;
#6576 = VECTOR ( 'NONE', #6575, 1000.000000000000100 ) ;
#6577 = CARTESIAN_POINT ( 'NONE',  ( -13.45043455388031000, 1.708356347983653000, 3.107191364828188800 ) ) ;
#6578 = LINE ( 'NONE', #6577, #6576 ) ;
#6579 = UNCERTAINTY_MEASURE_WITH_UNIT (LENGTH_MEASURE( 1.000000000000000100E-005 ), #6582, 'distance_accuracy_value', 'NONE');
#6580 =( NAMED_UNIT ( * ) SI_UNIT ( $, .STERADIAN. ) SOLID_ANGLE_UNIT ( ) );
#6581 =( NAMED_UNIT ( * ) PLANE_ANGLE_UNIT ( ) SI_UNIT ( $, .RADIAN. ) );
#6582 =( LENGTH_UNIT ( ) NAMED_UNIT ( * ) SI_UNIT ( .MILLI., .METRE. ) );
#6583 = MECHANICAL_DESIGN_GEOMETRIC_PRESENTATION_REPRESENTATION (  '', ( #6585 ), #6547 ) ;
#6584 = PRESENTATION_LAYER_ASSIGNMENT (  '', '', ( #6585 ) ) ;
#6585 = STYLED_ITEM ( 'NONE', ( #6586 ), #3299 ) ;
#6586 = PRESENTATION_STYLE_ASSIGNMENT (( #6587 ) ) ;
#6587 = SURFACE_STYLE_USAGE ( .BOTH. , #6588 ) ;
#6588 = SURFACE_SIDE_STYLE ('',( #6589 ) ) ;
#6589 = SURFACE_STYLE_FILL_AREA ( #6590 ) ;
#6590 = FILL_AREA_STYLE ('',( #6597 ) ) ;
#6591 = COLOUR_RGB ( '',0.8313725490196077800, 0.8392156862745098200, 0.8274509803921568100 ) ;
#6592 = FACE_OUTER_BOUND ( 'NONE', #3300, .T. ) ;
#6593 = DIRECTION ( 'NONE',  ( 0.0000000000000000000, 0.4577119952413403700, 0.8891005170464086900 ) ) ;
#6594 = VECTOR ( 'NONE', #6593, 1000.000000000000000 ) ;
#6595 = CARTESIAN_POINT ( 'NONE',  ( -14.21243455388030900, 1.475838654401052200, 2.655528302168613600 ) ) ;
#6596 = LINE ( 'NONE', #6595, #6594 ) ;
#6597 = FILL_AREA_STYLE_COLOUR ( '', #6591 ) ;
#6598 = CARTESIAN_POINT ( 'NONE',  ( -13.45043455388031000, 4.319803962191978800, 1.191445208672681900 ) ) ;
#6599 = DIRECTION ( 'NONE',  ( -0.6644521835340654300, -0.6644521835340729800, 0.3420622627441022300 ) ) ;
#6600 = VECTOR ( 'NONE', #6599, 1000.000000000000100 ) ;
#6601 = CARTESIAN_POINT ( 'NONE',  ( -15.37521904001615000, 2.395019476056117200, 2.182330862957863300 ) ) ;
#6602 = LINE ( 'NONE', #6601, #6600 ) ;
#6603 = DIRECTION ( 'NONE',  ( 0.0000000000000000000, 0.8891005170464085800, -0.4577119952413404300 ) ) ;
#6604 = DIRECTION ( 'NONE',  ( 0.0000000000000000000, 0.4577119952413404900, 0.8891005170464086900 ) ) ;
#6605 = CARTESIAN_POINT ( 'NONE',  ( -14.21243455388030900, 1.475838654401052200, 2.655528302168613600 ) ) ;
#6606 =( GEOMETRIC_REPRESENTATION_CONTEXT ( 3 ) GLOBAL_UNCERTAINTY_ASSIGNED_CONTEXT ( ( #6428 ) ) GLOBAL_UNIT_ASSIGNED_CONTEXT ( ( #6403, #6402, #6401 ) ) REPRESENTATION_CONTEXT ( 'NONE', 'WORKASPACE' ) );
#6607 = CARTESIAN_POINT ( 'NONE',  ( -6.338434553880310000, 4.819539768064540700, 2.076907439440272500 ) ) ;
#6608 = CIRCLE ( 'NONE', #6450, 1.016000000000000000 ) ;
#6609 = FILL_AREA_STYLE_COLOUR ( '', #6446 ) ;
#6610 = DIRECTION ( 'NONE',  ( 0.0000000000000000000, -1.000000000000000000, 0.0000000000000000000 ) ) ;
#6611 = DIRECTION ( 'NONE',  ( -1.000000000000000000, -1.250846150945177000E-016, 4.898396714223407500E-033 ) ) ;
#6612 = CARTESIAN_POINT ( 'NONE',  ( -13.45043455388031000, 4.819539768064540700, 2.076907439440272500 ) ) ;
#6613 = AXIS2_PLACEMENT_3D ( 'NONE', #6631, #6630, #6629 ) ;
#6614 = CYLINDRICAL_SURFACE ( 'NONE', #6613, 3.174999999999999400 ) ;
#6615 = CARTESIAN_POINT ( 'NONE',  ( -13.45043455388030800, 5.911739768064540700, 1.506278431479560100 ) ) ;
#6616 = DIRECTION ( 'NONE',  ( 0.0000000000000000000, 3.916066504679277800E-017, 1.000000000000000000 ) ) ;
#6617 = VECTOR ( 'NONE', #6616, 1000.000000000000000 ) ;
#6618 = CARTESIAN_POINT ( 'NONE',  ( -13.45043455388030800, 5.911739768064540700, 1.506278431479560100 ) ) ;
#6619 = LINE ( 'NONE', #6618, #6617 ) ;
#6620 = DIRECTION ( 'NONE',  ( -0.0000000000000000000, -0.4650976089534180100, 0.8852594050027445800 ) ) ;
#6621 = VECTOR ( 'NONE', #6620, 1000.000000000000200 ) ;
#6622 = CARTESIAN_POINT ( 'NONE',  ( -13.45043455388031000, 8.818494261839982000, -3.270305054680419800 ) ) ;
#6623 = LINE ( 'NONE', #6622, #6621 ) ;
#6624 = DIRECTION ( 'NONE',  ( 0.0000000000000000000, 3.916066504679277800E-017, 1.000000000000000000 ) ) ;
#6625 = VECTOR ( 'NONE', #6624, 1000.000000000000000 ) ;
#6626 = CARTESIAN_POINT ( 'NONE',  ( -13.45043455388030800, 8.273939768064542100, -2.962091549733633800 ) ) ;
#6627 = LINE ( 'NONE', #6626, #6625 ) ;
#6628 = VECTOR ( 'NONE', #6548, 1000.000000000000000 ) ;
#6629 = DIRECTION ( 'NONE',  ( 0.0000000000000000000, 0.0000000000000000000, -1.000000000000000000 ) ) ;
#6630 = DIRECTION ( 'NONE',  ( 1.000000000000000000, -0.0000000000000000000, 0.0000000000000000000 ) ) ;
#6631 = CARTESIAN_POINT ( 'NONE',  ( -14.21243455388030900, 7.105539768064542000, -1.435738998788316200 ) ) ;
#6632 = FILL_AREA_STYLE_COLOUR ( '', #6664 ) ;
#6633 = FACE_OUTER_BOUND ( 'NONE', #3343, .T. ) ;
#6634 = VECTOR ( 'NONE', #6656, 1000.000000000000000 ) ;
#6635 = DIRECTION ( 'NONE',  ( 0.0000000000000000000, -1.000000000000000000, -2.485981674234479700E-014 ) ) ;
#6636 = AXIS2_PLACEMENT_3D ( 'NONE', #6709, #6638, #6643 ) ;
#6637 = LINE ( 'NONE', #6657, #6634 ) ;
#6638 = DIRECTION ( 'NONE',  ( 1.000000000000000000, -0.0000000000000000000, 0.0000000000000000000 ) ) ;
#6639 = UNCERTAINTY_MEASURE_WITH_UNIT (LENGTH_MEASURE( 1.000000000000000100E-005 ), #6670, 'distance_accuracy_value', 'NONE');
#6640 =( NAMED_UNIT ( * ) SI_UNIT ( $, .STERADIAN. ) SOLID_ANGLE_UNIT ( ) );
#6641 =( NAMED_UNIT ( * ) PLANE_ANGLE_UNIT ( ) SI_UNIT ( $, .RADIAN. ) );
#6642 = CARTESIAN_POINT ( 'NONE',  ( -13.45043455388031000, 7.105539768064542000, -1.435738998788316200 ) ) ;
#6643 = DIRECTION ( 'NONE',  ( 0.0000000000000000000, 0.0000000000000000000, -1.000000000000000000 ) ) ;
#6644 = CARTESIAN_POINT ( 'NONE',  ( -13.45043455388031000, 5.373721586246357900, 1.225356787748492500 ) ) ;
#6645 = AXIS2_PLACEMENT_3D ( 'NONE', #6642, #6666, #6635 ) ;
#6646 = CARTESIAN_POINT ( 'NONE',  ( -14.21243455388030900, 4.819539768064540700, 2.076907439440272500 ) ) ;
#6647 =( GEOMETRIC_REPRESENTATION_CONTEXT ( 3 ) GLOBAL_UNCERTAINTY_ASSIGNED_CONTEXT ( ( #6653 ) ) GLOBAL_UNIT_ASSIGNED_CONTEXT ( ( #6659, #6722, #6654 ) ) REPRESENTATION_CONTEXT ( 'NONE', 'WORKASPACE' ) );
#6648 = LINE ( 'NONE', #6683, #6682 ) ;
#6649 = DIRECTION ( 'NONE',  ( 0.0000000000000000000, 0.0000000000000000000, -1.000000000000000000 ) ) ;
#6650 = DIRECTION ( 'NONE',  ( 1.000000000000000000, -0.0000000000000000000, 0.0000000000000000000 ) ) ;
#6651 = AXIS2_PLACEMENT_3D ( 'NONE', #6646, #6650, #6649 ) ;
#6652 = CYLINDRICAL_SURFACE ( 'NONE', #6651, 1.016000000000000000 ) ;
#6653 = UNCERTAINTY_MEASURE_WITH_UNIT (LENGTH_MEASURE( 1.000000000000000100E-005 ), #6659, 'distance_accuracy_value', 'NONE');
#6654 =( NAMED_UNIT ( * ) SI_UNIT ( $, .STERADIAN. ) SOLID_ANGLE_UNIT ( ) );
#6655 = CIRCLE ( 'NONE', #6636, 3.175000000000060200 ) ;
#6656 = DIRECTION ( 'NONE',  ( 1.000000000000000000, -0.0000000000000000000, 0.0000000000000000000 ) ) ;
#6657 = CARTESIAN_POINT ( 'NONE',  ( -13.57743455388030900, 8.273939768064542100, 1.516457884890006500 ) ) ;
#6658 = FILL_AREA_STYLE ('',( #6632 ) ) ;
#6659 =( LENGTH_UNIT ( ) NAMED_UNIT ( * ) SI_UNIT ( .MILLI., .METRE. ) );
#6660 = MECHANICAL_DESIGN_GEOMETRIC_PRESENTATION_REPRESENTATION (  '', ( #6668 ), #6647 ) ;
#6661 = SURFACE_STYLE_USAGE ( .BOTH. , #6662 ) ;
#6662 = SURFACE_SIDE_STYLE ('',( #6663 ) ) ;
#6663 = SURFACE_STYLE_FILL_AREA ( #6658 ) ;
#6664 = COLOUR_RGB ( '',0.8313725490196077800, 0.8392156862745098200, 0.8274509803921568100 ) ;
#6665 = CIRCLE ( 'NONE', #6645, 3.174999999999999800 ) ;
#6666 = DIRECTION ( 'NONE',  ( 1.000000000000000000, 1.250846150945177000E-016, -4.898396714223407500E-033 ) ) ;
#6667 = PRESENTATION_LAYER_ASSIGNMENT (  '', '', ( #6668 ) ) ;
#6668 = STYLED_ITEM ( 'NONE', ( #6669 ), #3342 ) ;
#6669 = PRESENTATION_STYLE_ASSIGNMENT (( #6661 ) ) ;
#6670 =( LENGTH_UNIT ( ) NAMED_UNIT ( * ) SI_UNIT ( .MILLI., .METRE. ) );
#6671 = MECHANICAL_DESIGN_GEOMETRIC_PRESENTATION_REPRESENTATION (  '', ( #6673 ), #6730 ) ;
#6672 = PRESENTATION_LAYER_ASSIGNMENT (  '', '', ( #6673 ) ) ;
#6673 = STYLED_ITEM ( 'NONE', ( #6674 ), #3347 ) ;
#6674 = PRESENTATION_STYLE_ASSIGNMENT (( #6677 ) ) ;
#6675 = COLOUR_RGB ( '',0.8313725490196077800, 0.8392156862745098200, 0.8274509803921568100 ) ;
#6676 = FACE_OUTER_BOUND ( 'NONE', #3348, .T. ) ;
#6677 = SURFACE_STYLE_USAGE ( .BOTH. , #6678 ) ;
#6678 = SURFACE_SIDE_STYLE ('',( #6679 ) ) ;
#6679 = SURFACE_STYLE_FILL_AREA ( #6680 ) ;
#6680 = FILL_AREA_STYLE ('',( #6684 ) ) ;
#6681 = DIRECTION ( 'NONE',  ( -0.0000000000000000000, -0.9056715077564336800, -0.4239800939173772900 ) ) ;
#6682 = VECTOR ( 'NONE', #6681, 1000.000000000000100 ) ;
#6683 = CARTESIAN_POINT ( 'NONE',  ( -13.45043455388031000, 9.270145734898340700, 1.814302041637918700 ) ) ;
#6684 = FILL_AREA_STYLE_COLOUR ( '', #6675 ) ;
#6685 = CARTESIAN_POINT ( 'NONE',  ( -13.45043455388031000, 4.587022074481939000, -3.070878041624323500 ) ) ;
#6686 = DIRECTION ( 'NONE',  ( 1.000000000000000000, -0.0000000000000000000, 0.0000000000000000000 ) ) ;
#6687 = VECTOR ( 'NONE', #6686, 1000.000000000000000 ) ;
#6688 = CARTESIAN_POINT ( 'NONE',  ( -14.21243455388030900, 4.587022074481939000, -3.070878041624323100 ) ) ;
#6689 = LINE ( 'NONE', #6688, #6687 ) ;
#6690 = DIRECTION ( 'NONE',  ( 0.0000000000000000000, 0.0000000000000000000, -1.000000000000000000 ) ) ;
#6691 = DIRECTION ( 'NONE',  ( 1.000000000000000000, -0.0000000000000000000, 0.0000000000000000000 ) ) ;
#6692 = CARTESIAN_POINT ( 'NONE',  ( -14.21243455388030900, 4.819539768064540700, -3.522541104283898800 ) ) ;
#6693 = AXIS2_PLACEMENT_3D ( 'NONE', #6692, #6691, #6690 ) ;
#6694 = CYLINDRICAL_SURFACE ( 'NONE', #6693, 0.5079999999999997900 ) ;
#6695 =( GEOMETRIC_REPRESENTATION_CONTEXT ( 3 ) GLOBAL_UNCERTAINTY_ASSIGNED_CONTEXT ( ( #6696 ) ) GLOBAL_UNIT_ASSIGNED_CONTEXT ( ( #6699, #6698, #6697 ) ) REPRESENTATION_CONTEXT ( 'NONE', 'WORKASPACE' ) );
#6696 = UNCERTAINTY_MEASURE_WITH_UNIT (LENGTH_MEASURE( 1.000000000000000100E-005 ), #6699, 'distance_accuracy_value', 'NONE');
#6697 =( NAMED_UNIT ( * ) SI_UNIT ( $, .STERADIAN. ) SOLID_ANGLE_UNIT ( ) );
#6698 =( NAMED_UNIT ( * ) PLANE_ANGLE_UNIT ( ) SI_UNIT ( $, .RADIAN. ) );
#6699 =( LENGTH_UNIT ( ) NAMED_UNIT ( * ) SI_UNIT ( .MILLI., .METRE. ) );
#6700 = MECHANICAL_DESIGN_GEOMETRIC_PRESENTATION_REPRESENTATION (  '', ( #6702 ), #6695 ) ;
#6701 = PRESENTATION_LAYER_ASSIGNMENT (  '', '', ( #6702 ) ) ;
#6702 = STYLED_ITEM ( 'NONE', ( #6703 ), #3350 ) ;
#6703 = PRESENTATION_STYLE_ASSIGNMENT (( #6704 ) ) ;
#6704 = SURFACE_STYLE_USAGE ( .BOTH. , #6705 ) ;
#6705 = SURFACE_SIDE_STYLE ('',( #6706 ) ) ;
#6706 = SURFACE_STYLE_FILL_AREA ( #6707 ) ;
#6707 = FILL_AREA_STYLE ('',( #6723 ) ) ;
#6708 = COLOUR_RGB ( '',0.8313725490196077800, 0.8392156862745098200, 0.8274509803921568100 ) ;
#6709 = CARTESIAN_POINT ( 'NONE',  ( -13.57743455388030900, 7.105539768064541100, -1.435738998788380400 ) ) ;
#6710 = CARTESIAN_POINT ( 'NONE',  ( -13.57743455388030900, 8.273939768064542100, 1.516457884890006500 ) ) ;
#6711 = CARTESIAN_POINT ( 'NONE',  ( -6.338434553880310000, 9.270145734898340700, -3.259935706481545700 ) ) ;
#6712 = LINE ( 'NONE', #6711, #6738 ) ;
#6713 = CARTESIAN_POINT ( 'NONE',  ( -6.338434553880309100, 10.18994912210491300, -3.690531483375790500 ) ) ;
#6714 = DIRECTION ( 'NONE',  ( 0.7071067811865476800, -0.6404064646620188900, 0.2997991994970867200 ) ) ;
#6715 = VECTOR ( 'NONE', #6714, 1000.000000000000100 ) ;
#6716 = CARTESIAN_POINT ( 'NONE',  ( -9.767632674650862200, 13.29567615453870700, -5.144443224681383600 ) ) ;
#6717 = LINE ( 'NONE', #6716, #6715 ) ;
#6718 = DIRECTION ( 'NONE',  ( -0.7071067811865475700, -0.6404064646620191100, 0.2997991994970867800 ) ) ;
#6719 = VECTOR ( 'NONE', #6718, 1000.000000000000000 ) ;
#6720 = CARTESIAN_POINT ( 'NONE',  ( -12.25663455388031100, 11.48652165577457200, -3.736597793554088400 ) ) ;
#6721 = LINE ( 'NONE', #6720, #6719 ) ;
#6722 =( NAMED_UNIT ( * ) PLANE_ANGLE_UNIT ( ) SI_UNIT ( $, .RADIAN. ) );
#6723 = FILL_AREA_STYLE_COLOUR ( '', #6708 ) ;
#6724 = DIRECTION ( 'NONE',  ( 0.0000000000000000000, 0.4239800939173767900, -0.9056715077564337900 ) ) ;
#6725 = DIRECTION ( 'NONE',  ( 0.0000000000000000000, 0.9056715077564339000, 0.4239800939173768400 ) ) ;
#6726 = CARTESIAN_POINT ( 'NONE',  ( -14.21243455388030900, 11.48652165577457200, 2.290964128710460700 ) ) ;
#6727 = AXIS2_PLACEMENT_3D ( 'NONE', #6726, #6725, #6724 ) ;
#6728 = FACE_OUTER_BOUND ( 'NONE', #3351, .T. ) ;
#6729 = PLANE ( 'NONE',  #6727 ) ;
#6730 =( GEOMETRIC_REPRESENTATION_CONTEXT ( 3 ) GLOBAL_UNCERTAINTY_ASSIGNED_CONTEXT ( ( #6639 ) ) GLOBAL_UNIT_ASSIGNED_CONTEXT ( ( #6670, #6641, #6640 ) ) REPRESENTATION_CONTEXT ( 'NONE', 'WORKASPACE' ) );
#6731 = CARTESIAN_POINT ( 'NONE',  ( -13.45043455388031000, 9.270145734898340700, -3.259935706481545700 ) ) ;
#6732 = DIRECTION ( 'NONE',  ( 1.000000000000000000, -0.0000000000000000000, 0.0000000000000000000 ) ) ;
#6733 = VECTOR ( 'NONE', #6732, 1000.000000000000000 ) ;
#6734 = CARTESIAN_POINT ( 'NONE',  ( -14.21243455388030900, 9.270145734898340700, -3.259935706481544400 ) ) ;
#6735 = LINE ( 'NONE', #6734, #6733 ) ;
#6736 = CARTESIAN_POINT ( 'NONE',  ( -6.338434553880310000, 9.270145734898340700, -3.259935706481544400 ) ) ;
#6737 = DIRECTION ( 'NONE',  ( 0.0000000000000000000, 0.9056715077564335700, -0.4239800939173774000 ) ) ;
#6738 = VECTOR ( 'NONE', #6737, 1000.000000000000200 ) ;
#6739 =( GEOMETRIC_REPRESENTATION_CONTEXT ( 3 ) GLOBAL_UNCERTAINTY_ASSIGNED_CONTEXT ( ( #6740 ) ) GLOBAL_UNIT_ASSIGNED_CONTEXT ( ( #6743, #6742, #6741 ) ) REPRESENTATION_CONTEXT ( 'NONE', 'WORKASPACE' ) );
#6740 = UNCERTAINTY_MEASURE_WITH_UNIT (LENGTH_MEASURE( 1.000000000000000100E-005 ), #6743, 'distance_accuracy_value', 'NONE');
#6741 =( NAMED_UNIT ( * ) SI_UNIT ( $, .STERADIAN. ) SOLID_ANGLE_UNIT ( ) );
#6742 =( NAMED_UNIT ( * ) PLANE_ANGLE_UNIT ( ) SI_UNIT ( $, .RADIAN. ) );
#6743 =( LENGTH_UNIT ( ) NAMED_UNIT ( * ) SI_UNIT ( .MILLI., .METRE. ) );
#6744 = MECHANICAL_DESIGN_GEOMETRIC_PRESENTATION_REPRESENTATION (  '', ( #6746 ), #6739 ) ;
#6745 = PRESENTATION_LAYER_ASSIGNMENT (  '', '', ( #6746 ) ) ;
#6746 = STYLED_ITEM ( 'NONE', ( #6747 ), #3385 ) ;
#6747 = PRESENTATION_STYLE_ASSIGNMENT (( #6748 ) ) ;
#6748 = SURFACE_STYLE_USAGE ( .BOTH. , #6749 ) ;
#6749 = SURFACE_SIDE_STYLE ('',( #6750 ) ) ;
#6750 = SURFACE_STYLE_FILL_AREA ( #6751 ) ;
#6751 = FILL_AREA_STYLE ('',( #6758 ) ) ;
#6752 = COLOUR_RGB ( '',0.8313725490196077800, 0.8392156862745098200, 0.8274509803921568100 ) ;
#6753 = FACE_OUTER_BOUND ( 'NONE', #3402, .T. ) ;
#6754 = DIRECTION ( 'NONE',  ( 1.000000000000000000, -0.0000000000000000000, 0.0000000000000000000 ) ) ;
#6755 = VECTOR ( 'NONE', #6754, 1000.000000000000000 ) ;
#6756 = CARTESIAN_POINT ( 'NONE',  ( -14.21243455388030900, 4.587022074481939000, 1.625244376780697000 ) ) ;
#6757 = LINE ( 'NONE', #6756, #6755 ) ;
#6758 = FILL_AREA_STYLE_COLOUR ( '', #6752 ) ;
#6759 = CARTESIAN_POINT ( 'NONE',  ( -6.338434553880310000, 4.587022074481939000, 1.625244376780697000 ) ) ;
#6760 = DIRECTION ( 'NONE',  ( 0.0000000000000000000, -0.8891005170464086900, 0.4577119952413404300 ) ) ;
#6761 = VECTOR ( 'NONE', #6760, 1000.000000000000000 ) ;
#6762 = CARTESIAN_POINT ( 'NONE',  ( -6.338434553880310000, 1.708356347983653000, 3.107191364828188800 ) ) ;
#6763 = LINE ( 'NONE', #6762, #6761 ) ;
#6764 = CARTESIAN_POINT ( 'NONE',  ( -6.338434553880310000, 1.708356347983653000, 3.107191364828188800 ) ) ;
#6765 = DIRECTION ( 'NONE',  ( 1.000000000000000000, -0.0000000000000000000, 0.0000000000000000000 ) ) ;
#6766 = VECTOR ( 'NONE', #6765, 1000.000000000000000 ) ;
#6767 = CARTESIAN_POINT ( 'NONE',  ( -14.21243455388030900, 1.708356347983653000, 3.107191364828188800 ) ) ;
#6768 = LINE ( 'NONE', #6767, #6766 ) ;
#6769 = DIRECTION ( 'NONE',  ( -0.6644521835340654300, -0.6644521835340729800, 0.3420622627441022300 ) ) ;
#6770 = VECTOR ( 'NONE', #6769, 1000.000000000000100 ) ;
#6771 = CARTESIAN_POINT ( 'NONE',  ( -15.37521904001615000, 2.627537169638718000, 2.633993925617438900 ) ) ;
#6772 = LINE ( 'NONE', #6771, #6770 ) ;
#6773 = DIRECTION ( 'NONE',  ( -0.0000000000000000000, 0.4650976089534176200, 0.8852594050027448000 ) ) ;
#6774 = VECTOR ( 'NONE', #6773, 999.9999999999998900 ) ;
#6775 = CARTESIAN_POINT ( 'NONE',  ( -13.45043455388031000, 8.582224676491643200, 1.374959612095398400 ) ) ;
#6776 = LINE ( 'NONE', #6775, #6774 ) ;
#6777 = DIRECTION ( 'NONE',  ( 0.0000000000000000000, -0.9056715077564336800, -0.4239800939173772900 ) ) ;
#6778 = VECTOR ( 'NONE', #6777, 1000.000000000000100 ) ;
#6779 = CARTESIAN_POINT ( 'NONE',  ( -6.338434553880310000, 9.270145734898340700, 1.814302041637918700 ) ) ;
#6780 = LINE ( 'NONE', #6779, #6778 ) ;
#6781 = CARTESIAN_POINT ( 'NONE',  ( -13.45043455388031000, 10.18994912210491300, -3.690531483375791400 ) ) ;
#6782 = DIRECTION ( 'NONE',  ( -1.132855719497850000E-016, 0.9056715077564335700, -0.4239800939173774000 ) ) ;
#6783 = VECTOR ( 'NONE', #6782, 1000.000000000000200 ) ;
#6784 = CARTESIAN_POINT ( 'NONE',  ( -13.45043455388031000, 9.270145734898340700, -3.259935706481545700 ) ) ;
#6785 = LINE ( 'NONE', #6784, #6783 ) ;
#6786 = SURFACE_STYLE_FILL_AREA ( #6787 ) ;
#6787 = FILL_AREA_STYLE ('',( #6794 ) ) ;
#6788 = COLOUR_RGB ( '',0.8313725490196077800, 0.8392156862745098200, 0.8274509803921568100 ) ;
#6789 = FACE_OUTER_BOUND ( 'NONE', #3277, .T. ) ;
#6790 = DIRECTION ( 'NONE',  ( 1.000000000000000000, -0.0000000000000000000, 0.0000000000000000000 ) ) ;
#6791 = VECTOR ( 'NONE', #6790, 1000.000000000000000 ) ;
#6792 = CARTESIAN_POINT ( 'NONE',  ( -14.21243455388030900, 8.582224676491643200, 1.374959612095398400 ) ) ;
#6793 = LINE ( 'NONE', #6792, #6791 ) ;
#6794 = FILL_AREA_STYLE_COLOUR ( '', #6788 ) ;
#6795 = CARTESIAN_POINT ( 'NONE',  ( -6.338434553880310000, 8.582224676491643200, 1.374959612095398400 ) ) ;
#6796 = DIRECTION ( 'NONE',  ( 0.0000000000000000000, 0.0000000000000000000, 1.000000000000000000 ) ) ;
#6797 = DIRECTION ( 'NONE',  ( -1.000000000000000000, 0.0000000000000000000, 0.0000000000000000000 ) ) ;
#6798 = CARTESIAN_POINT ( 'NONE',  ( -6.338434553880310000, 9.054763847188317200, 2.274383167578186700 ) ) ;
#6799 = AXIS2_PLACEMENT_3D ( 'NONE', #6798, #6797, #6796 ) ;
#6800 = CIRCLE ( 'NONE', #6799, 1.015999999999999100 ) ;
#6801 = CARTESIAN_POINT ( 'NONE',  ( -6.338434553880310000, 9.054763847188317200, 1.258383167578187400 ) ) ;
#6802 = DIRECTION ( 'NONE',  ( 1.000000000000000000, -0.0000000000000000000, 0.0000000000000000000 ) ) ;
#6803 = VECTOR ( 'NONE', #6802, 1000.000000000000000 ) ;
#6804 = CARTESIAN_POINT ( 'NONE',  ( -14.21243455388030900, 9.054763847188317200, 1.258383167578187400 ) ) ;
#6805 = LINE ( 'NONE', #6804, #6803 ) ;
#6806 = CARTESIAN_POINT ( 'NONE',  ( -13.45043455388031000, 8.582224676491643200, 1.374959612095398400 ) ) ;
#6807 = CARTESIAN_POINT ( 'NONE',  ( -13.45043455388031000, 9.054763847188317200, 1.258383167578187400 ) ) ;
#6808 = DIRECTION ( 'NONE',  ( 1.000000000000000000, -0.0000000000000000000, 0.0000000000000000000 ) ) ;
#6809 = VECTOR ( 'NONE', #6808, 1000.000000000000000 ) ;
#6810 = CARTESIAN_POINT ( 'NONE',  ( -14.21243455388030900, 4.819539768064540700, 1.060907439440272700 ) ) ;
#6811 = LINE ( 'NONE', #6810, #6809 ) ;
#6812 = DIRECTION ( 'NONE',  ( 0.0000000000000000000, -1.000000000000000000, 0.0000000000000000000 ) ) ;
#6813 = DIRECTION ( 'NONE',  ( -1.000000000000000000, -1.250846150945177000E-016, 4.898396714223407500E-033 ) ) ;
#6814 = CARTESIAN_POINT ( 'NONE',  ( -13.45043455388031000, 9.054763847188317200, 2.274383167578186700 ) ) ;
#6815 = AXIS2_PLACEMENT_3D ( 'NONE', #6814, #6813, #6812 ) ;
#6816 = CIRCLE ( 'NONE', #6815, 1.015999999999999600 ) ;
#6817 = DIRECTION ( 'NONE',  ( 0.0000000000000000000, 0.0000000000000000000, -1.000000000000000000 ) ) ;
#6818 = DIRECTION ( 'NONE',  ( 1.000000000000000000, -0.0000000000000000000, 0.0000000000000000000 ) ) ;
#6819 = AXIS2_PLACEMENT_3D ( 'NONE', #6930, #6818, #6817 ) ;
#6820 = CYLINDRICAL_SURFACE ( 'NONE', #6819, 1.015999999999999300 ) ;
#6821 =( NAMED_UNIT ( * ) SI_UNIT ( $, .STERADIAN. ) SOLID_ANGLE_UNIT ( ) );
#6822 =( NAMED_UNIT ( * ) PLANE_ANGLE_UNIT ( ) SI_UNIT ( $, .RADIAN. ) );
#6823 =( LENGTH_UNIT ( ) NAMED_UNIT ( * ) SI_UNIT ( .MILLI., .METRE. ) );
#6824 = MECHANICAL_DESIGN_GEOMETRIC_PRESENTATION_REPRESENTATION (  '', ( #6826 ), #6878 ) ;
#6825 = PRESENTATION_LAYER_ASSIGNMENT (  '', '', ( #6826 ) ) ;
#6826 = STYLED_ITEM ( 'NONE', ( #6827 ), #3405 ) ;
#6827 = PRESENTATION_STYLE_ASSIGNMENT (( #6828 ) ) ;
#6828 = SURFACE_STYLE_USAGE ( .BOTH. , #6829 ) ;
#6829 = SURFACE_SIDE_STYLE ('',( #6830 ) ) ;
#6830 = SURFACE_STYLE_FILL_AREA ( #6831 ) ;
#6831 = FILL_AREA_STYLE ('',( #6839 ) ) ;
#6832 = COLOUR_RGB ( '',0.8313725490196077800, 0.8392156862745098200, 0.8274509803921568100 ) ;
#6833 = FACE_OUTER_BOUND ( 'NONE', #3401, .T. ) ;
#6834 = DIRECTION ( 'NONE',  ( 0.0000000000000000000, 0.0000000000000000000, -1.000000000000000000 ) ) ;
#6835 = DIRECTION ( 'NONE',  ( -1.000000000000000000, 0.0000000000000000000, 0.0000000000000000000 ) ) ;
#6836 = CARTESIAN_POINT ( 'NONE',  ( -6.338434553880310000, 4.819539768064540700, 2.076907439440272500 ) ) ;
#6837 = AXIS2_PLACEMENT_3D ( 'NONE', #6836, #6835, #6834 ) ;
#6838 = CIRCLE ( 'NONE', #6837, 0.5080000000000000100 ) ;
#6839 = FILL_AREA_STYLE_COLOUR ( '', #6832 ) ;
#6840 = DIRECTION ( 'NONE',  ( 0.0000000000000000000, 0.0000000000000000000, -1.000000000000000000 ) ) ;
#6841 = DIRECTION ( 'NONE',  ( -1.000000000000000000, 0.0000000000000000000, -0.0000000000000000000 ) ) ;
#6842 = CARTESIAN_POINT ( 'NONE',  ( -13.45043455388031000, 4.819539768064540700, 2.076907439440272500 ) ) ;
#6843 = AXIS2_PLACEMENT_3D ( 'NONE', #6842, #6841, #6840 ) ;
#6844 = DIRECTION ( 'NONE',  ( 0.0000000000000000000, 0.0000000000000000000, -1.000000000000000000 ) ) ;
#6845 = DIRECTION ( 'NONE',  ( 1.000000000000000000, -0.0000000000000000000, 0.0000000000000000000 ) ) ;
#6846 = AXIS2_PLACEMENT_3D ( 'NONE', #6849, #6845, #6844 ) ;
#6847 = CYLINDRICAL_SURFACE ( 'NONE', #6846, 0.5080000000000000100 ) ;
#6848 = CIRCLE ( 'NONE', #6843, 0.5080000000000000100 ) ;
#6849 = CARTESIAN_POINT ( 'NONE',  ( -14.21243455388030900, 4.819539768064540700, 2.076907439440272500 ) ) ;
#6850 =( GEOMETRIC_REPRESENTATION_CONTEXT ( 3 ) GLOBAL_UNCERTAINTY_ASSIGNED_CONTEXT ( ( #6985 ) ) GLOBAL_UNIT_ASSIGNED_CONTEXT ( ( #6988, #6987, #6986 ) ) REPRESENTATION_CONTEXT ( 'NONE', 'WORKASPACE' ) );
#6851 =( NAMED_UNIT ( * ) PLANE_ANGLE_UNIT ( ) SI_UNIT ( $, .RADIAN. ) );
#6852 =( LENGTH_UNIT ( ) NAMED_UNIT ( * ) SI_UNIT ( .MILLI., .METRE. ) );
#6853 = MECHANICAL_DESIGN_GEOMETRIC_PRESENTATION_REPRESENTATION (  '', ( #6855 ), #6905 ) ;
#6854 = PRESENTATION_LAYER_ASSIGNMENT (  '', '', ( #6855 ) ) ;
#6855 = STYLED_ITEM ( 'NONE', ( #6856 ), #3413 ) ;
#6856 = PRESENTATION_STYLE_ASSIGNMENT (( #6857 ) ) ;
#6857 = SURFACE_STYLE_USAGE ( .BOTH. , #6858 ) ;
#6858 = SURFACE_SIDE_STYLE ('',( #6859 ) ) ;
#6859 = SURFACE_STYLE_FILL_AREA ( #6860 ) ;
#6860 = FILL_AREA_STYLE ('',( #6867 ) ) ;
#6861 = COLOUR_RGB ( '',0.8313725490196077800, 0.8392156862745098200, 0.8274509803921568100 ) ;
#6862 = FACE_OUTER_BOUND ( 'NONE', #3414, .T. ) ;
#6863 = DIRECTION ( 'NONE',  ( 0.0000000000000000000, -0.4577119952413403200, 0.8891005170464086900 ) ) ;
#6864 = VECTOR ( 'NONE', #6863, 999.9999999999998900 ) ;
#6865 = CARTESIAN_POINT ( 'NONE',  ( -14.21243455388030900, 1.708356347983652500, -4.552825029671815600 ) ) ;
#6866 = LINE ( 'NONE', #6865, #6864 ) ;
#6867 = FILL_AREA_STYLE_COLOUR ( '', #6861 ) ;
#6868 = CARTESIAN_POINT ( 'NONE',  ( -14.21243455388030900, 1.708356347983652500, -4.552825029671815600 ) ) ;
#6869 = DIRECTION ( 'NONE',  ( 0.0000000000000000000, 0.8891005170464086900, 0.4577119952413403200 ) ) ;
#6870 = VECTOR ( 'NONE', #6869, 1000.000000000000000 ) ;
#6871 = CARTESIAN_POINT ( 'NONE',  ( -14.21243455388030900, 1.708356347983652500, -4.552825029671815600 ) ) ;
#6872 = LINE ( 'NONE', #6871, #6870 ) ;
#6873 = DIRECTION ( 'NONE',  ( 0.0000000000000000000, 0.0000000000000000000, -1.000000000000000000 ) ) ;
#6874 = DIRECTION ( 'NONE',  ( 1.000000000000000000, -0.0000000000000000000, 0.0000000000000000000 ) ) ;
#6875 = AXIS2_PLACEMENT_3D ( 'NONE', #6877, #6874, #6873 ) ;
#6876 = CYLINDRICAL_SURFACE ( 'NONE', #6875, 3.682999999999999400 ) ;
#6877 = CARTESIAN_POINT ( 'NONE',  ( -14.21243455388030900, 7.105539768064542000, -1.435738998788316200 ) ) ;
#6878 =( GEOMETRIC_REPRESENTATION_CONTEXT ( 3 ) GLOBAL_UNCERTAINTY_ASSIGNED_CONTEXT ( ( #6879 ) ) GLOBAL_UNIT_ASSIGNED_CONTEXT ( ( #6823, #6822, #6821 ) ) REPRESENTATION_CONTEXT ( 'NONE', 'WORKASPACE' ) );
#6879 = UNCERTAINTY_MEASURE_WITH_UNIT (LENGTH_MEASURE( 1.000000000000000100E-005 ), #6823, 'distance_accuracy_value', 'NONE');
#6880 = SURFACE_STYLE_USAGE ( .BOTH. , #6881 ) ;
#6881 = SURFACE_SIDE_STYLE ('',( #6882 ) ) ;
#6882 = SURFACE_STYLE_FILL_AREA ( #6883 ) ;
#6883 = FILL_AREA_STYLE ('',( #6891 ) ) ;
#6884 = COLOUR_RGB ( '',0.8313725490196077800, 0.8392156862745098200, 0.8274509803921568100 ) ;
#6885 = FACE_OUTER_BOUND ( 'NONE', #3425, .T. ) ;
#6886 = DIRECTION ( 'NONE',  ( 0.0000000000000000000, -1.000000000000000000, 3.909736655803178400E-017 ) ) ;
#6887 = DIRECTION ( 'NONE',  ( 1.000000000000000000, 1.250846150945177000E-016, -4.898396714223407500E-033 ) ) ;
#6888 = CARTESIAN_POINT ( 'NONE',  ( -13.45043455388031000, 7.105539768064542000, -0.009894666055310932800 ) ) ;
#6889 = AXIS2_PLACEMENT_3D ( 'NONE', #6888, #6887, #6886 ) ;
#6890 = CIRCLE ( 'NONE', #6889, 3.682999999999999800 ) ;
#6891 = FILL_AREA_STYLE_COLOUR ( '', #6884 ) ;
#6892 = CARTESIAN_POINT ( 'NONE',  ( -13.45043455388031000, 8.818494261839982000, -3.270305054680419800 ) ) ;
#6893 = CARTESIAN_POINT ( 'NONE',  ( -7.532234553880310400, 11.48652165577457200, -3.736597793554087900 ) ) ;
#6894 = CARTESIAN_POINT ( 'NONE',  ( -6.338434553880310000, 10.40533100981494000, -3.230450357435523200 ) ) ;
#6895 = CARTESIAN_POINT ( 'NONE',  ( -6.338434553880310000, 9.485527622608367800, -2.799854580541277100 ) ) ;
#6896 = DIRECTION ( 'NONE',  ( 0.0000000000000000000, 0.9056715077564335700, -0.4239800939173774000 ) ) ;
#6897 = VECTOR ( 'NONE', #6896, 1000.000000000000200 ) ;
#6898 = CARTESIAN_POINT ( 'NONE',  ( -6.338434553880310000, 9.485527622608367800, -2.799854580541277600 ) ) ;
#6899 = DIRECTION ( 'NONE',  ( 0.0000000000000000000, -0.9056715077564336800, 0.4239800939173774000 ) ) ;
#6900 = DIRECTION ( 'NONE',  ( -0.0000000000000000000, -0.4239800939173774000, -0.9056715077564336800 ) ) ;
#6901 = CARTESIAN_POINT ( 'NONE',  ( -14.21243455388030900, 9.485527622608367800, -2.799854580541277600 ) ) ;
#6902 = AXIS2_PLACEMENT_3D ( 'NONE', #6901, #6900, #6899 ) ;
#6903 = LINE ( 'NONE', #6898, #6897 ) ;
#6904 = PLANE ( 'NONE',  #6902 ) ;
#6905 =( GEOMETRIC_REPRESENTATION_CONTEXT ( 3 ) GLOBAL_UNCERTAINTY_ASSIGNED_CONTEXT ( ( #6906 ) ) GLOBAL_UNIT_ASSIGNED_CONTEXT ( ( #6852, #6851, #6907 ) ) REPRESENTATION_CONTEXT ( 'NONE', 'WORKASPACE' ) );
#6906 = UNCERTAINTY_MEASURE_WITH_UNIT (LENGTH_MEASURE( 1.000000000000000100E-005 ), #6852, 'distance_accuracy_value', 'NONE');
#6907 =( NAMED_UNIT ( * ) SI_UNIT ( $, .STERADIAN. ) SOLID_ANGLE_UNIT ( ) );
#6908 = CARTESIAN_POINT ( 'NONE',  ( -6.338434553880310000, 4.587022074481939000, -3.070878041624323100 ) ) ;
#6909 = DIRECTION ( 'NONE',  ( 1.000000000000000000, -0.0000000000000000000, 0.0000000000000000000 ) ) ;
#6910 = VECTOR ( 'NONE', #6909, 1000.000000000000000 ) ;
#6911 = CARTESIAN_POINT ( 'NONE',  ( -14.21243455388030900, 4.354504380899337300, 1.173581314121120900 ) ) ;
#6912 = LINE ( 'NONE', #6911, #6910 ) ;
#6913 = DIRECTION ( 'NONE',  ( 0.0000000000000000000, 0.0000000000000000000, -1.000000000000000000 ) ) ;
#6914 = DIRECTION ( 'NONE',  ( 1.000000000000000000, -0.0000000000000000000, 0.0000000000000000000 ) ) ;
#6915 = AXIS2_PLACEMENT_3D ( 'NONE', #6918, #6914, #6913 ) ;
#6916 = CYLINDRICAL_SURFACE ( 'NONE', #6915, 0.5079999999999993400 ) ;
#6917 = CARTESIAN_POINT ( 'NONE',  ( -6.338434553880310000, 4.354504380899337300, 1.173581314121120900 ) ) ;
#6918 = CARTESIAN_POINT ( 'NONE',  ( -14.21243455388030900, 9.054763847188317200, 2.274383167578186700 ) ) ;
#6919 =( GEOMETRIC_REPRESENTATION_CONTEXT ( 3 ) GLOBAL_UNCERTAINTY_ASSIGNED_CONTEXT ( ( #6920 ) ) GLOBAL_UNIT_ASSIGNED_CONTEXT ( ( #6923, #6922, #6921 ) ) REPRESENTATION_CONTEXT ( 'NONE', 'WORKASPACE' ) );
#6920 = UNCERTAINTY_MEASURE_WITH_UNIT (LENGTH_MEASURE( 1.000000000000000100E-005 ), #6923, 'distance_accuracy_value', 'NONE');
#6921 =( NAMED_UNIT ( * ) SI_UNIT ( $, .STERADIAN. ) SOLID_ANGLE_UNIT ( ) );
#6922 =( NAMED_UNIT ( * ) PLANE_ANGLE_UNIT ( ) SI_UNIT ( $, .RADIAN. ) );
#6923 =( LENGTH_UNIT ( ) NAMED_UNIT ( * ) SI_UNIT ( .MILLI., .METRE. ) );
#6924 = MECHANICAL_DESIGN_GEOMETRIC_PRESENTATION_REPRESENTATION (  '', ( #6926 ), #6919 ) ;
#6925 = PRESENTATION_LAYER_ASSIGNMENT (  '', '', ( #6926 ) ) ;
#6926 = STYLED_ITEM ( 'NONE', ( #6927 ), #3445 ) ;
#6927 = PRESENTATION_STYLE_ASSIGNMENT (( #6928 ) ) ;
#6928 = SURFACE_STYLE_USAGE ( .BOTH. , #6929 ) ;
#6929 = SURFACE_SIDE_STYLE ('',( #6786 ) ) ;
#6930 = CARTESIAN_POINT ( 'NONE',  ( -14.21243455388030900, 9.054763847188317200, 2.274383167578186700 ) ) ;
#6931 =( GEOMETRIC_REPRESENTATION_CONTEXT ( 3 ) GLOBAL_UNCERTAINTY_ASSIGNED_CONTEXT ( ( #6932 ) ) GLOBAL_UNIT_ASSIGNED_CONTEXT ( ( #6935, #6934, #6933 ) ) REPRESENTATION_CONTEXT ( 'NONE', 'WORKASPACE' ) );
#6932 = UNCERTAINTY_MEASURE_WITH_UNIT (LENGTH_MEASURE( 1.000000000000000100E-005 ), #6935, 'distance_accuracy_value', 'NONE');
#6933 =( NAMED_UNIT ( * ) SI_UNIT ( $, .STERADIAN. ) SOLID_ANGLE_UNIT ( ) );
#6934 =( NAMED_UNIT ( * ) PLANE_ANGLE_UNIT ( ) SI_UNIT ( $, .RADIAN. ) );
#6935 =( LENGTH_UNIT ( ) NAMED_UNIT ( * ) SI_UNIT ( .MILLI., .METRE. ) );
#6936 = MECHANICAL_DESIGN_GEOMETRIC_PRESENTATION_REPRESENTATION (  '', ( #6938 ), #6931 ) ;
#6937 = PRESENTATION_LAYER_ASSIGNMENT (  '', '', ( #6938 ) ) ;
#6938 = STYLED_ITEM ( 'NONE', ( #6939 ), #3430 ) ;
#6939 = PRESENTATION_STYLE_ASSIGNMENT (( #6940 ) ) ;
#6940 = SURFACE_STYLE_USAGE ( .BOTH. , #6941 ) ;
#6941 = SURFACE_SIDE_STYLE ('',( #6942 ) ) ;
#6942 = SURFACE_STYLE_FILL_AREA ( #6943 ) ;
#6943 = FILL_AREA_STYLE ('',( #6944 ) ) ;
#6944 = FILL_AREA_STYLE_COLOUR ( '', #6945 ) ;
#6945 = COLOUR_RGB ( '',0.8313725490196077800, 0.8392156862745098200, 0.8274509803921568100 ) ;
#6946 = FACE_OUTER_BOUND ( 'NONE', #3431, .T. ) ;
#6947 = CARTESIAN_POINT ( 'NONE',  ( -13.45043455388030800, 5.911739768064540700, 2.048415211346475800 ) ) ;
#6948 = DIRECTION ( 'NONE',  ( 0.0000000000000000000, 0.0000000000000000000, -1.000000000000000000 ) ) ;
#6949 = DIRECTION ( 'NONE',  ( 1.000000000000000000, -0.0000000000000000000, 0.0000000000000000000 ) ) ;
#6950 = AXIS2_PLACEMENT_3D ( 'NONE', #6956, #6949, #6948 ) ;
#6951 = CIRCLE ( 'NONE', #6950, 3.682999999999999400 ) ;
#6952 = DIRECTION ( 'NONE',  ( -1.250846150945177000E-016, 1.000000000000000000, -3.916066504679277800E-017 ) ) ;
#6953 = DIRECTION ( 'NONE',  ( 1.000000000000000000, 1.250846150945177000E-016, -4.898396714223407500E-033 ) ) ;
#6954 = CARTESIAN_POINT ( 'NONE',  ( -13.45043455388031000, 7.105539768064542000, -1.435738998788316200 ) ) ;
#6955 = AXIS2_PLACEMENT_3D ( 'NONE', #6954, #6953, #6952 ) ;
#6956 = CARTESIAN_POINT ( 'NONE',  ( -13.45043455388031000, 7.105539768064542000, -1.435738998788316200 ) ) ;
#6957 = AXIS2_PLACEMENT_3D ( 'NONE', #7001, #7000, #6999 ) ;
#6958 = CIRCLE ( 'NONE', #6957, 1.016000000000000000 ) ;
#6959 = FILL_AREA_STYLE_COLOUR ( '', #6997 ) ;
#6960 = DIRECTION ( 'NONE',  ( 1.000000000000000000, -0.0000000000000000000, 0.0000000000000000000 ) ) ;
#6961 = VECTOR ( 'NONE', #6960, 1000.000000000000000 ) ;
#6962 = CARTESIAN_POINT ( 'NONE',  ( -14.21243455388030900, 11.27113976806454300, 2.751045254650729400 ) ) ;
#6963 = LINE ( 'NONE', #6962, #6961 ) ;
#6964 = CARTESIAN_POINT ( 'NONE',  ( -7.532234553880310400, 11.27113976806454300, 2.751045254650729400 ) ) ;
#6965 = DIRECTION ( 'NONE',  ( -0.7071067811865476800, 0.6404064646620188900, 0.2997991994970867800 ) ) ;
#6966 = PLANE ( 'NONE',  #6955 ) ;
#6967 =( GEOMETRIC_REPRESENTATION_CONTEXT ( 3 ) GLOBAL_UNCERTAINTY_ASSIGNED_CONTEXT ( ( #6968 ) ) GLOBAL_UNIT_ASSIGNED_CONTEXT ( ( #6971, #6970, #6969 ) ) REPRESENTATION_CONTEXT ( 'NONE', 'WORKASPACE' ) );
#6968 = UNCERTAINTY_MEASURE_WITH_UNIT (LENGTH_MEASURE( 1.000000000000000100E-005 ), #6971, 'distance_accuracy_value', 'NONE');
#6969 =( NAMED_UNIT ( * ) SI_UNIT ( $, .STERADIAN. ) SOLID_ANGLE_UNIT ( ) );
#6970 =( NAMED_UNIT ( * ) PLANE_ANGLE_UNIT ( ) SI_UNIT ( $, .RADIAN. ) );
#6971 =( LENGTH_UNIT ( ) NAMED_UNIT ( * ) SI_UNIT ( .MILLI., .METRE. ) );
#6972 = MECHANICAL_DESIGN_GEOMETRIC_PRESENTATION_REPRESENTATION (  '', ( #6974 ), #6967 ) ;
#6973 = PRESENTATION_LAYER_ASSIGNMENT (  '', '', ( #6974 ) ) ;
#6974 = STYLED_ITEM ( 'NONE', ( #6975 ), #3424 ) ;
#6975 = PRESENTATION_STYLE_ASSIGNMENT (( #6880 ) ) ;
#6976 = VECTOR ( 'NONE', #6965, 1000.000000000000000 ) ;
#6977 = CARTESIAN_POINT ( 'NONE',  ( -9.767632674650862200, 13.29567615453870700, 3.698809559837755900 ) ) ;
#6978 = LINE ( 'NONE', #6977, #6976 ) ;
#6979 = CARTESIAN_POINT ( 'NONE',  ( -6.338434553880309100, 10.18994912210491300, 2.244897818532164200 ) ) ;
#6980 = DIRECTION ( 'NONE',  ( 0.0000000000000000000, 3.916066504679277800E-017, 1.000000000000000000 ) ) ;
#6981 = DIRECTION ( 'NONE',  ( -1.000000000000000000, 0.0000000000000000000, 0.0000000000000000000 ) ) ;
#6982 = CARTESIAN_POINT ( 'NONE',  ( -14.21243455388030900, 5.373721586246357900, 1.225356787748492500 ) ) ;
#6983 = AXIS2_PLACEMENT_3D ( 'NONE', #6982, #6981, #6980 ) ;
#6984 = PLANE ( 'NONE',  #6983 ) ;
#6985 = UNCERTAINTY_MEASURE_WITH_UNIT (LENGTH_MEASURE( 1.000000000000000100E-005 ), #6988, 'distance_accuracy_value', 'NONE');
#6986 =( NAMED_UNIT ( * ) SI_UNIT ( $, .STERADIAN. ) SOLID_ANGLE_UNIT ( ) );
#6987 =( NAMED_UNIT ( * ) PLANE_ANGLE_UNIT ( ) SI_UNIT ( $, .RADIAN. ) );
#6988 =( LENGTH_UNIT ( ) NAMED_UNIT ( * ) SI_UNIT ( .MILLI., .METRE. ) );
#6989 = MECHANICAL_DESIGN_GEOMETRIC_PRESENTATION_REPRESENTATION (  '', ( #6991 ), #6850 ) ;
#6990 = PRESENTATION_LAYER_ASSIGNMENT (  '', '', ( #6991 ) ) ;
#6991 = STYLED_ITEM ( 'NONE', ( #6992 ), #3395 ) ;
#6992 = PRESENTATION_STYLE_ASSIGNMENT (( #6993 ) ) ;
#6993 = SURFACE_STYLE_USAGE ( .BOTH. , #6994 ) ;
#6994 = SURFACE_SIDE_STYLE ('',( #6995 ) ) ;
#6995 = SURFACE_STYLE_FILL_AREA ( #6996 ) ;
#6996 = FILL_AREA_STYLE ('',( #6959 ) ) ;
#6997 = COLOUR_RGB ( '',0.8313725490196077800, 0.8392156862745098200, 0.8274509803921568100 ) ;
#6998 = FACE_OUTER_BOUND ( 'NONE', #3396, .T. ) ;
#6999 = DIRECTION ( 'NONE',  ( 0.0000000000000000000, -1.000000000000000000, 0.0000000000000000000 ) ) ;
#7000 = DIRECTION ( 'NONE',  ( -1.000000000000000000, -1.250846150945177000E-016, 4.898396714223407500E-033 ) ) ;
#7001 = CARTESIAN_POINT ( 'NONE',  ( -13.45043455388031000, 4.819539768064540700, 2.076907439440272500 ) ) ;
#7002 = CARTESIAN_POINT ( 'NONE',  ( -13.45043455388031000, 4.819539768064540700, 1.060907439440272700 ) ) ;
#7003 = CARTESIAN_POINT ( 'NONE',  ( -13.45043455388031000, 5.911739768064540700, -3.494048876190102500 ) ) ;
#7004 = DIRECTION ( 'NONE',  ( 0.0000000000000000000, -0.9056715077564336800, 0.4239800939173774000 ) ) ;
#7005 = DIRECTION ( 'NONE',  ( -0.0000000000000000000, -0.4239800939173774000, -0.9056715077564336800 ) ) ;
#7006 = CARTESIAN_POINT ( 'NONE',  ( -14.21243455388030900, 9.270145734898340700, -3.259935706481545700 ) ) ;
#7007 = AXIS2_PLACEMENT_3D ( 'NONE', #7006, #7005, #7004 ) ;
#7008 = PLANE ( 'NONE',  #7007 ) ;
#7009 =( GEOMETRIC_REPRESENTATION_CONTEXT ( 3 ) GLOBAL_UNCERTAINTY_ASSIGNED_CONTEXT ( ( #7010 ) ) GLOBAL_UNIT_ASSIGNED_CONTEXT ( ( #7013, #7012, #7011 ) ) REPRESENTATION_CONTEXT ( 'NONE', 'WORKASPACE' ) );
#7010 = UNCERTAINTY_MEASURE_WITH_UNIT (LENGTH_MEASURE( 1.000000000000000100E-005 ), #7013, 'distance_accuracy_value', 'NONE');
#7011 =( NAMED_UNIT ( * ) SI_UNIT ( $, .STERADIAN. ) SOLID_ANGLE_UNIT ( ) );
#7012 =( NAMED_UNIT ( * ) PLANE_ANGLE_UNIT ( ) SI_UNIT ( $, .RADIAN. ) );
#7013 =( LENGTH_UNIT ( ) NAMED_UNIT ( * ) SI_UNIT ( .MILLI., .METRE. ) );
#7014 = MECHANICAL_DESIGN_GEOMETRIC_PRESENTATION_REPRESENTATION (  '', ( #7059 ), #7009 ) ;
#7015 = PRESENTATION_LAYER_ASSIGNMENT (  '', '', ( #7059 ) ) ;
#7016 = CARTESIAN_POINT ( 'NONE',  ( -13.57743455388030900, 8.273939768064542100, -3.502648656819619300 ) ) ;
#7017 = DIRECTION ( 'NONE',  ( 0.0000000000000000000, 0.0000000000000000000, 1.000000000000000000 ) ) ;
#7018 = DIRECTION ( 'NONE',  ( 1.000000000000000000, -0.0000000000000000000, 0.0000000000000000000 ) ) ;
#7019 = AXIS2_PLACEMENT_3D ( 'NONE', #7095, #7018, #7017 ) ;
#7020 = CIRCLE ( 'NONE', #7019, 3.683000000000084700 ) ;
#7021 = SURFACE_STYLE_FILL_AREA ( #7022 ) ;
#7022 = FILL_AREA_STYLE ('',( #7023 ) ) ;
#7023 = FILL_AREA_STYLE_COLOUR ( '', #7024 ) ;
#7024 = COLOUR_RGB ( '',0.8313725490196077800, 0.8392156862745098200, 0.8274509803921568100 ) ;
#7025 = DIRECTION ( 'NONE',  ( 0.0000000000000000000, 0.0000000000000000000, -1.000000000000000000 ) ) ;
#7026 = DIRECTION ( 'NONE',  ( -1.000000000000000000, 0.0000000000000000000, 0.0000000000000000000 ) ) ;
#7027 = CARTESIAN_POINT ( 'NONE',  ( -6.338434553880310000, 9.054763847188317200, 2.274383167578186700 ) ) ;
#7028 = AXIS2_PLACEMENT_3D ( 'NONE', #7027, #7026, #7025 ) ;
#7029 = CIRCLE ( 'NONE', #7028, 0.5079999999999993400 ) ;
#7030 = FACE_OUTER_BOUND ( 'NONE', #3492, .T. ) ;
#7031 = DIRECTION ( 'NONE',  ( 0.0000000000000000000, 0.0000000000000000000, -1.000000000000000000 ) ) ;
#7032 = DIRECTION ( 'NONE',  ( -1.000000000000000000, 0.0000000000000000000, 0.0000000000000000000 ) ) ;
#7033 = CARTESIAN_POINT ( 'NONE',  ( -13.57743455388030900, 7.105539768064542000, -1.435738998788405500 ) ) ;
#7034 = AXIS2_PLACEMENT_3D ( 'NONE', #7033, #7032, #7031 ) ;
#7035 = CIRCLE ( 'NONE', #7034, 3.683000000000085100 ) ;
#7036 = DIRECTION ( 'NONE',  ( 1.000000000000000000, -0.0000000000000000000, 0.0000000000000000000 ) ) ;
#7037 = VECTOR ( 'NONE', #7036, 1000.000000000000000 ) ;
#7038 = CARTESIAN_POINT ( 'NONE',  ( -14.21243455388030900, 9.485527622608366000, 1.354220915697648100 ) ) ;
#7039 = LINE ( 'NONE', #7038, #7037 ) ;
#7040 = DIRECTION ( 'NONE',  ( 1.000000000000000000, -0.0000000000000000000, 0.0000000000000000000 ) ) ;
#7041 = VECTOR ( 'NONE', #7040, 1000.000000000000000 ) ;
#7042 = CARTESIAN_POINT ( 'NONE',  ( -14.21243455388030900, 11.48652165577457200, -3.736597793554087900 ) ) ;
#7043 = LINE ( 'NONE', #7042, #7041 ) ;
#7044 = CARTESIAN_POINT ( 'NONE',  ( -6.338434553880310000, 9.485527622608366000, 1.354220915697648100 ) ) ;
#7045 = DIRECTION ( 'NONE',  ( -0.0000000000000000000, -0.9056715077564336800, -0.4239800939173772900 ) ) ;
#7046 = VECTOR ( 'NONE', #7045, 1000.000000000000100 ) ;
#7047 = CARTESIAN_POINT ( 'NONE',  ( -6.338434553880310000, 9.485527622608367800, 1.354220915697650400 ) ) ;
#7048 = LINE ( 'NONE', #7047, #7046 ) ;
#7049 = DIRECTION ( 'NONE',  ( 0.0000000000000000000, 0.0000000000000000000, 1.000000000000000000 ) ) ;
#7050 = DIRECTION ( 'NONE',  ( -1.000000000000000000, 0.0000000000000000000, 0.0000000000000000000 ) ) ;
#7051 = AXIS2_PLACEMENT_3D ( 'NONE', #7058, #7050, #7049 ) ;
#7052 = CIRCLE ( 'NONE', #7051, 1.016000000000000000 ) ;
#7053 = DIRECTION ( 'NONE',  ( 0.0000000000000000000, -1.000000000000000000, 9.272975409528480800E-016 ) ) ;
#7054 = DIRECTION ( 'NONE',  ( 1.000000000000000000, 1.250846150945177000E-016, -4.898396714223407500E-033 ) ) ;
#7055 = CARTESIAN_POINT ( 'NONE',  ( -13.45043455388031000, 7.105539768064542000, -0.009894666055310932800 ) ) ;
#7056 = AXIS2_PLACEMENT_3D ( 'NONE', #7055, #7054, #7053 ) ;
#7057 = CIRCLE ( 'NONE', #7056, 3.682999999999999800 ) ;
#7058 = CARTESIAN_POINT ( 'NONE',  ( -6.338434553880310000, 4.819539768064540700, 2.076907439440272500 ) ) ;
#7059 = STYLED_ITEM ( 'NONE', ( #7060 ), #3473 ) ;
#7060 = PRESENTATION_STYLE_ASSIGNMENT (( #7061 ) ) ;
#7061 = SURFACE_STYLE_USAGE ( .BOTH. , #7062 ) ;
#7062 = SURFACE_SIDE_STYLE ('',( #7063 ) ) ;
#7063 = SURFACE_STYLE_FILL_AREA ( #7064 ) ;
#7064 = FILL_AREA_STYLE ('',( #7071 ) ) ;
#7065 = COLOUR_RGB ( '',0.8313725490196077800, 0.8392156862745098200, 0.8274509803921568100 ) ;
#7066 = FACE_OUTER_BOUND ( 'NONE', #3474, .T. ) ;
#7067 = DIRECTION ( 'NONE',  ( 5.546678239835238200E-032, 0.4239800939173769000, 0.9056715077564337900 ) ) ;
#7068 = VECTOR ( 'NONE', #7067, 1000.000000000000100 ) ;
#7069 = CARTESIAN_POINT ( 'NONE',  ( -12.25663455388031100, 11.27113976806454300, -4.196678919494356600 ) ) ;
#7070 = LINE ( 'NONE', #7069, #7068 ) ;
#7071 = FILL_AREA_STYLE_COLOUR ( '', #7065 ) ;
#7072 = CARTESIAN_POINT ( 'NONE',  ( -12.25663455388030900, 11.27113976806454300, -4.196678919494356600 ) ) ;
#7073 = DIRECTION ( 'NONE',  ( 1.000000000000000000, -0.0000000000000000000, 0.0000000000000000000 ) ) ;
#7074 = VECTOR ( 'NONE', #7073, 1000.000000000000000 ) ;
#7075 = CARTESIAN_POINT ( 'NONE',  ( -14.21243455388030900, 11.27113976806454300, -4.196678919494356600 ) ) ;
#7076 = LINE ( 'NONE', #7075, #7074 ) ;
#7077 = DIRECTION ( 'NONE',  ( -0.0000000000000000000, -0.4239800939173769000, -0.9056715077564337900 ) ) ;
#7078 = VECTOR ( 'NONE', #7077, 1000.000000000000100 ) ;
#7079 = CARTESIAN_POINT ( 'NONE',  ( -7.532234553880310400, 11.27113976806454300, -4.196678919494356600 ) ) ;
#7080 = LINE ( 'NONE', #7079, #7078 ) ;
#7081 = CARTESIAN_POINT ( 'NONE',  ( -6.338434553880310000, 7.105539768064542000, -0.009894666055310932800 ) ) ;
#7082 = AXIS2_PLACEMENT_3D ( 'NONE', #7081, #7115, #7114 ) ;
#7083 = CIRCLE ( 'NONE', #7082, 3.682999999999999800 ) ;
#7084 = DIRECTION ( 'NONE',  ( 1.000000000000000000, -0.0000000000000000000, 0.0000000000000000000 ) ) ;
#7085 = CIRCLE ( 'NONE', #7092, 0.5079999999999997900 ) ;
#7086 = DIRECTION ( 'NONE',  ( 0.0000000000000000000, 0.0000000000000000000, 1.000000000000000000 ) ) ;
#7087 = DIRECTION ( 'NONE',  ( -1.000000000000000000, 0.0000000000000000000, 0.0000000000000000000 ) ) ;
#7088 = AXIS2_PLACEMENT_3D ( 'NONE', #7093, #7087, #7086 ) ;
#7089 = VECTOR ( 'NONE', #7084, 1000.000000000000000 ) ;
#7090 = CARTESIAN_POINT ( 'NONE',  ( -13.57743455388030900, 8.273939768064542100, -3.502648656819619300 ) ) ;
#7091 = LINE ( 'NONE', #7090, #7089 ) ;
#7092 = AXIS2_PLACEMENT_3D ( 'NONE', #7108, #7107, #7106 ) ;
#7093 = CARTESIAN_POINT ( 'NONE',  ( -6.338434553880310000, 4.819539768064540700, -3.522541104283898800 ) ) ;
#7094 = CIRCLE ( 'NONE', #7088, 0.5079999999999997900 ) ;
#7095 = CARTESIAN_POINT ( 'NONE',  ( -13.57743455388030900, 7.105539768064542000, -0.009894666055221594500 ) ) ;
#7096 = UNCERTAINTY_MEASURE_WITH_UNIT (LENGTH_MEASURE( 1.000000000000000100E-005 ), #7099, 'distance_accuracy_value', 'NONE');
#7097 =( NAMED_UNIT ( * ) SI_UNIT ( $, .STERADIAN. ) SOLID_ANGLE_UNIT ( ) );
#7098 =( NAMED_UNIT ( * ) PLANE_ANGLE_UNIT ( ) SI_UNIT ( $, .RADIAN. ) );
#7099 =( LENGTH_UNIT ( ) NAMED_UNIT ( * ) SI_UNIT ( .MILLI., .METRE. ) );
#7100 = MECHANICAL_DESIGN_GEOMETRIC_PRESENTATION_REPRESENTATION (  '', ( #7102 ), #7192 ) ;
#7101 = PRESENTATION_LAYER_ASSIGNMENT (  '', '', ( #7102 ) ) ;
#7102 = STYLED_ITEM ( 'NONE', ( #7103 ), #3491 ) ;
#7103 = PRESENTATION_STYLE_ASSIGNMENT (( #7104 ) ) ;
#7104 = SURFACE_STYLE_USAGE ( .BOTH. , #7105 ) ;
#7105 = SURFACE_SIDE_STYLE ('',( #7021 ) ) ;
#7106 = DIRECTION ( 'NONE',  ( 0.0000000000000000000, -1.000000000000000000, 0.0000000000000000000 ) ) ;
#7107 = DIRECTION ( 'NONE',  ( -1.000000000000000000, -1.250846150945177000E-016, 4.898396714223407500E-033 ) ) ;
#7108 = CARTESIAN_POINT ( 'NONE',  ( -13.45043455388031000, 4.819539768064540700, -3.522541104283898800 ) ) ;
#7109 = CARTESIAN_POINT ( 'NONE',  ( -13.45043455388031000, 4.552321655774579600, -3.088741936175883200 ) ) ;
#7110 = DIRECTION ( 'NONE',  ( 0.6644521835340654300, 0.6644521835340729800, 0.3420622627441022300 ) ) ;
#7111 = VECTOR ( 'NONE', #7110, 1000.000000000000100 ) ;
#7112 = CARTESIAN_POINT ( 'NONE',  ( -15.37521904001615000, 2.627537169638718000, -4.079627590461065300 ) ) ;
#7113 = LINE ( 'NONE', #7112, #7111 ) ;
#7114 = DIRECTION ( 'NONE',  ( 0.0000000000000000000, 0.0000000000000000000, -1.000000000000000000 ) ) ;
#7115 = DIRECTION ( 'NONE',  ( 1.000000000000000000, -0.0000000000000000000, 0.0000000000000000000 ) ) ;
#7116 = CARTESIAN_POINT ( 'NONE',  ( -14.21243455388030900, 3.557803962191971300, -3.029359086705859300 ) ) ;
#7117 = DIRECTION ( 'NONE',  ( 0.0000000000000000000, 0.8891005170464086900, 0.4577119952413403200 ) ) ;
#7118 = VECTOR ( 'NONE', #7117, 1000.000000000000000 ) ;
#7119 = CARTESIAN_POINT ( 'NONE',  ( -14.21243455388030900, 1.475838654401051800, -4.101161967012240300 ) ) ;
#7120 = DIRECTION ( 'NONE',  ( 0.0000000000000000000, 3.916066504679277800E-017, 1.000000000000000000 ) ) ;
#7121 = DIRECTION ( 'NONE',  ( -1.000000000000000000, 0.0000000000000000000, 0.0000000000000000000 ) ) ;
#7122 = CARTESIAN_POINT ( 'NONE',  ( -14.21243455388030900, 0.4761397680645406700, -3.491416832421812900 ) ) ;
#7123 = AXIS2_PLACEMENT_3D ( 'NONE', #7122, #7121, #7120 ) ;
#7124 = LINE ( 'NONE', #7119, #7118 ) ;
#7125 = PLANE ( 'NONE',  #7123 ) ;
#7126 =( GEOMETRIC_REPRESENTATION_CONTEXT ( 3 ) GLOBAL_UNCERTAINTY_ASSIGNED_CONTEXT ( ( #7127 ) ) GLOBAL_UNIT_ASSIGNED_CONTEXT ( ( #7130, #7129, #7128 ) ) REPRESENTATION_CONTEXT ( 'NONE', 'WORKASPACE' ) );
#7127 = UNCERTAINTY_MEASURE_WITH_UNIT (LENGTH_MEASURE( 1.000000000000000100E-005 ), #7130, 'distance_accuracy_value', 'NONE');
#7128 =( NAMED_UNIT ( * ) SI_UNIT ( $, .STERADIAN. ) SOLID_ANGLE_UNIT ( ) );
#7129 =( NAMED_UNIT ( * ) PLANE_ANGLE_UNIT ( ) SI_UNIT ( $, .RADIAN. ) );
#7130 =( LENGTH_UNIT ( ) NAMED_UNIT ( * ) SI_UNIT ( .MILLI., .METRE. ) );
#7131 = MECHANICAL_DESIGN_GEOMETRIC_PRESENTATION_REPRESENTATION (  '', ( #7140 ), #7126 ) ;
#7132 = LINE ( 'NONE', #7136, #7135 ) ;
#7133 = CARTESIAN_POINT ( 'NONE',  ( -6.338434553880310000, 1.708356347983652500, -4.552825029671815600 ) ) ;
#7134 = DIRECTION ( 'NONE',  ( -1.112127959550866900E-016, 0.8891005170464086900, 0.4577119952413403700 ) ) ;
#7135 = VECTOR ( 'NONE', #7134, 1000.000000000000000 ) ;
#7136 = CARTESIAN_POINT ( 'NONE',  ( -13.45043455388031000, 1.708356347983652500, -4.552825029671815600 ) ) ;
#7137 = AXIS2_PLACEMENT_3D ( 'NONE', #7138, #7191, #7172 ) ;
#7138 = CARTESIAN_POINT ( 'NONE',  ( -14.21243455388030900, 9.270145734898340700, 1.814302041637918700 ) ) ;
#7139 = PRESENTATION_LAYER_ASSIGNMENT (  '', '', ( #7140 ) ) ;
#7140 = STYLED_ITEM ( 'NONE', ( #7141 ), #3532 ) ;
#7141 = PRESENTATION_STYLE_ASSIGNMENT (( #7142 ) ) ;
#7142 = SURFACE_STYLE_USAGE ( .BOTH. , #7143 ) ;
#7143 = SURFACE_SIDE_STYLE ('',( #7144 ) ) ;
#7144 = SURFACE_STYLE_FILL_AREA ( #7145 ) ;
#7145 = FILL_AREA_STYLE ('',( #7152 ) ) ;
#7146 = COLOUR_RGB ( '',0.8313725490196077800, 0.8392156862745098200, 0.8274509803921568100 ) ;
#7147 = FACE_OUTER_BOUND ( 'NONE', #3533, .T. ) ;
#7148 = DIRECTION ( 'NONE',  ( 1.000000000000000000, -0.0000000000000000000, 0.0000000000000000000 ) ) ;
#7149 = VECTOR ( 'NONE', #7148, 1000.000000000000000 ) ;
#7150 = CARTESIAN_POINT ( 'NONE',  ( -14.21243455388030900, 1.475838654401052200, 2.655528302168613600 ) ) ;
#7151 = LINE ( 'NONE', #7150, #7149 ) ;
#7152 = FILL_AREA_STYLE_COLOUR ( '', #7146 ) ;
#7153 = DIRECTION ( 'NONE',  ( 0.0000000000000000000, -0.8891005170464086900, 0.4577119952413404300 ) ) ;
#7154 = VECTOR ( 'NONE', #7153, 1000.000000000000000 ) ;
#7155 = CARTESIAN_POINT ( 'NONE',  ( -6.338434553880310000, 1.475838654401052200, 2.655528302168613600 ) ) ;
#7156 = LINE ( 'NONE', #7155, #7154 ) ;
#7157 = CARTESIAN_POINT ( 'NONE',  ( -6.338434553880310000, 10.40533100981494000, 1.784816692591895600 ) ) ;
#7158 = DIRECTION ( 'NONE',  ( 0.7071067811865476800, -0.6404064646620188900, -0.2997991994970867800 ) ) ;
#7159 = UNCERTAINTY_MEASURE_WITH_UNIT (LENGTH_MEASURE( 1.000000000000000100E-005 ), #7162, 'distance_accuracy_value', 'NONE');
#7160 =( NAMED_UNIT ( * ) SI_UNIT ( $, .STERADIAN. ) SOLID_ANGLE_UNIT ( ) );
#7161 =( NAMED_UNIT ( * ) PLANE_ANGLE_UNIT ( ) SI_UNIT ( $, .RADIAN. ) );
#7162 =( LENGTH_UNIT ( ) NAMED_UNIT ( * ) SI_UNIT ( .MILLI., .METRE. ) );
#7163 = MECHANICAL_DESIGN_GEOMETRIC_PRESENTATION_REPRESENTATION (  '', ( #7165 ), #7231 ) ;
#7164 = PRESENTATION_LAYER_ASSIGNMENT (  '', '', ( #7165 ) ) ;
#7165 = STYLED_ITEM ( 'NONE', ( #7166 ), #3498 ) ;
#7166 = PRESENTATION_STYLE_ASSIGNMENT (( #7167 ) ) ;
#7167 = SURFACE_STYLE_USAGE ( .BOTH. , #7168 ) ;
#7168 = SURFACE_SIDE_STYLE ('',( #7169 ) ) ;
#7169 = SURFACE_STYLE_FILL_AREA ( #7170 ) ;
#7170 = FILL_AREA_STYLE ('',( #7237 ) ) ;
#7171 = COLOUR_RGB ( '',0.8313725490196077800, 0.8392156862745098200, 0.8274509803921568100 ) ;
#7172 = DIRECTION ( 'NONE',  ( 0.0000000000000000000, 0.9056715077564336800, 0.4239800939173772900 ) ) ;
#7173 = CARTESIAN_POINT ( 'NONE',  ( -14.21243455388030900, 9.054763847188317200, -3.720016832421813900 ) ) ;
#7174 =( GEOMETRIC_REPRESENTATION_CONTEXT ( 3 ) GLOBAL_UNCERTAINTY_ASSIGNED_CONTEXT ( ( #7175 ) ) GLOBAL_UNIT_ASSIGNED_CONTEXT ( ( #7178, #7177, #7176 ) ) REPRESENTATION_CONTEXT ( 'NONE', 'WORKASPACE' ) );
#7175 = UNCERTAINTY_MEASURE_WITH_UNIT (LENGTH_MEASURE( 1.000000000000000100E-005 ), #7178, 'distance_accuracy_value', 'NONE');
#7176 =( NAMED_UNIT ( * ) SI_UNIT ( $, .STERADIAN. ) SOLID_ANGLE_UNIT ( ) );
#7177 =( NAMED_UNIT ( * ) PLANE_ANGLE_UNIT ( ) SI_UNIT ( $, .RADIAN. ) );
#7178 =( LENGTH_UNIT ( ) NAMED_UNIT ( * ) SI_UNIT ( .MILLI., .METRE. ) );
#7179 = MECHANICAL_DESIGN_GEOMETRIC_PRESENTATION_REPRESENTATION (  '', ( #7181 ), #7174 ) ;
#7180 = PRESENTATION_LAYER_ASSIGNMENT (  '', '', ( #7181 ) ) ;
#7181 = STYLED_ITEM ( 'NONE', ( #7182 ), #3507 ) ;
#7182 = PRESENTATION_STYLE_ASSIGNMENT (( #7183 ) ) ;
#7183 = SURFACE_STYLE_USAGE ( .BOTH. , #7184 ) ;
#7184 = SURFACE_SIDE_STYLE ('',( #7185 ) ) ;
#7185 = SURFACE_STYLE_FILL_AREA ( #7186 ) ;
#7186 = FILL_AREA_STYLE ('',( #7222 ) ) ;
#7187 = COLOUR_RGB ( '',0.8313725490196077800, 0.8392156862745098200, 0.8274509803921568100 ) ;
#7188 = FACE_OUTER_BOUND ( 'NONE', #3508, .T. ) ;
#7189 = DIRECTION ( 'NONE',  ( 0.7071067811865475700, 0.6404064646620191100, -0.2997991994970867800 ) ) ;
#7190 = PLANE ( 'NONE',  #7137 ) ;
#7191 = DIRECTION ( 'NONE',  ( 0.0000000000000000000, -0.4239800939173772900, 0.9056715077564336800 ) ) ;
#7192 =( GEOMETRIC_REPRESENTATION_CONTEXT ( 3 ) GLOBAL_UNCERTAINTY_ASSIGNED_CONTEXT ( ( #7096 ) ) GLOBAL_UNIT_ASSIGNED_CONTEXT ( ( #7099, #7098, #7097 ) ) REPRESENTATION_CONTEXT ( 'NONE', 'WORKASPACE' ) );
#7193 = VECTOR ( 'NONE', #7158, 1000.000000000000000 ) ;
#7194 = CARTESIAN_POINT ( 'NONE',  ( -6.338434553880310900, 10.40533100981494000, 1.784816692591896000 ) ) ;
#7195 = DIRECTION ( 'NONE',  ( 0.0000000000000000000, 0.9056715077564336800, 0.4239800939173772900 ) ) ;
#7196 = DIRECTION ( 'NONE',  ( 0.0000000000000000000, -0.4239800939173772900, 0.9056715077564336800 ) ) ;
#7197 = CARTESIAN_POINT ( 'NONE',  ( -14.21243455388030900, 9.485527622608367800, 1.354220915697650400 ) ) ;
#7198 = AXIS2_PLACEMENT_3D ( 'NONE', #7197, #7196, #7195 ) ;
#7199 = LINE ( 'NONE', #7194, #7193 ) ;
#7200 = PLANE ( 'NONE',  #7198 ) ;
#7201 =( GEOMETRIC_REPRESENTATION_CONTEXT ( 3 ) GLOBAL_UNCERTAINTY_ASSIGNED_CONTEXT ( ( #7238 ) ) GLOBAL_UNIT_ASSIGNED_CONTEXT ( ( #7241, #7240, #7239 ) ) REPRESENTATION_CONTEXT ( 'NONE', 'WORKASPACE' ) );
#7202 = VECTOR ( 'NONE', #7263, 1000.000000000000100 ) ;
#7203 = CARTESIAN_POINT ( 'NONE',  ( -7.532234553880310400, 11.48652165577457200, 2.290964128710460700 ) ) ;
#7204 = LINE ( 'NONE', #7203, #7202 ) ;
#7205 = CARTESIAN_POINT ( 'NONE',  ( -14.21243455388030900, 3.790321655774572000, -3.481022149365434500 ) ) ;
#7206 = DIRECTION ( 'NONE',  ( -0.0000000000000000000, -0.4577119952413403700, 0.8891005170464086900 ) ) ;
#7207 = VECTOR ( 'NONE', #7206, 1000.000000000000000 ) ;
#7208 = CARTESIAN_POINT ( 'NONE',  ( -14.21243455388030900, 3.790321655774572000, -3.481022149365434500 ) ) ;
#7209 = LINE ( 'NONE', #7208, #7207 ) ;
#7210 = CARTESIAN_POINT ( 'NONE',  ( -6.338434553880310000, 8.818494261839982000, -3.270305054680419300 ) ) ;
#7211 = DIRECTION ( 'NONE',  ( 1.000000000000000000, -0.0000000000000000000, 0.0000000000000000000 ) ) ;
#7212 = VECTOR ( 'NONE', #7211, 1000.000000000000000 ) ;
#7213 = CARTESIAN_POINT ( 'NONE',  ( -14.21243455388030900, 8.818494261839982000, -3.270305054680419300 ) ) ;
#7214 = LINE ( 'NONE', #7213, #7212 ) ;
#7215 = DIRECTION ( 'NONE',  ( 0.0000000000000000000, 0.0000000000000000000, -1.000000000000000000 ) ) ;
#7216 = DIRECTION ( 'NONE',  ( 1.000000000000000000, -0.0000000000000000000, 0.0000000000000000000 ) ) ;
#7217 = AXIS2_PLACEMENT_3D ( 'NONE', #7173, #7216, #7215 ) ;
#7218 = CYLINDRICAL_SURFACE ( 'NONE', #7217, 0.5079999999999993400 ) ;
#7219 = VECTOR ( 'NONE', #7189, 1000.000000000000000 ) ;
#7220 = CARTESIAN_POINT ( 'NONE',  ( -14.33923643310975900, 9.384986584046425100, -3.313697179146148000 ) ) ;
#7221 = LINE ( 'NONE', #7220, #7219 ) ;
#7222 = FILL_AREA_STYLE_COLOUR ( '', #7187 ) ;
#7223 = CARTESIAN_POINT ( 'NONE',  ( -12.25663455388031100, 11.48652165577457200, -3.736597793554087900 ) ) ;
#7224 = CARTESIAN_POINT ( 'NONE',  ( -13.45043455388031000, 10.40533100981494000, -3.230450357435523200 ) ) ;
#7225 = CARTESIAN_POINT ( 'NONE',  ( -7.532234553880310400, 11.27113976806454300, -4.196678919494356600 ) ) ;
#7226 = DIRECTION ( 'NONE',  ( -0.0000000000000000000, -0.4239800939173769000, -0.9056715077564337900 ) ) ;
#7227 = DIRECTION ( 'NONE',  ( 0.0000000000000000000, 0.9056715077564339000, -0.4239800939173769500 ) ) ;
#7228 = CARTESIAN_POINT ( 'NONE',  ( -14.21243455388030900, 11.27113976806454300, -4.196678919494356600 ) ) ;
#7229 = AXIS2_PLACEMENT_3D ( 'NONE', #7228, #7227, #7226 ) ;
#7230 = PLANE ( 'NONE',  #7229 ) ;
#7231 =( GEOMETRIC_REPRESENTATION_CONTEXT ( 3 ) GLOBAL_UNCERTAINTY_ASSIGNED_CONTEXT ( ( #7159 ) ) GLOBAL_UNIT_ASSIGNED_CONTEXT ( ( #7162, #7161, #7160 ) ) REPRESENTATION_CONTEXT ( 'NONE', 'WORKASPACE' ) );
#7232 = FACE_OUTER_BOUND ( 'NONE', #3499, .T. ) ;
#7233 = DIRECTION ( 'NONE',  ( 1.000000000000000000, -0.0000000000000000000, 0.0000000000000000000 ) ) ;
#7234 = VECTOR ( 'NONE', #7233, 1000.000000000000000 ) ;
#7235 = CARTESIAN_POINT ( 'NONE',  ( -14.21243455388030900, 9.485527622608367800, -2.799854580541277100 ) ) ;
#7236 = LINE ( 'NONE', #7235, #7234 ) ;
#7237 = FILL_AREA_STYLE_COLOUR ( '', #7171 ) ;
#7238 = UNCERTAINTY_MEASURE_WITH_UNIT (LENGTH_MEASURE( 1.000000000000000100E-005 ), #7241, 'distance_accuracy_value', 'NONE');
#7239 =( NAMED_UNIT ( * ) SI_UNIT ( $, .STERADIAN. ) SOLID_ANGLE_UNIT ( ) );
#7240 =( NAMED_UNIT ( * ) PLANE_ANGLE_UNIT ( ) SI_UNIT ( $, .RADIAN. ) );
#7241 =( LENGTH_UNIT ( ) NAMED_UNIT ( * ) SI_UNIT ( .MILLI., .METRE. ) );
#7242 = MECHANICAL_DESIGN_GEOMETRIC_PRESENTATION_REPRESENTATION (  '', ( #7244 ), #7201 ) ;
#7243 = PRESENTATION_LAYER_ASSIGNMENT (  '', '', ( #7244 ) ) ;
#7244 = STYLED_ITEM ( 'NONE', ( #7245 ), #3522 ) ;
#7245 = PRESENTATION_STYLE_ASSIGNMENT (( #7246 ) ) ;
#7246 = SURFACE_STYLE_USAGE ( .BOTH. , #7247 ) ;
#7247 = SURFACE_SIDE_STYLE ('',( #7248 ) ) ;
#7248 = SURFACE_STYLE_FILL_AREA ( #7249 ) ;
#7249 = FILL_AREA_STYLE ('',( #7256 ) ) ;
#7250 = COLOUR_RGB ( '',0.8313725490196077800, 0.8392156862745098200, 0.8274509803921568100 ) ;
#7251 = FACE_OUTER_BOUND ( 'NONE', #3523, .T. ) ;
#7252 = DIRECTION ( 'NONE',  ( -5.546678239835238200E-032, -0.4239800939173767900, 0.9056715077564337900 ) ) ;
#7253 = VECTOR ( 'NONE', #7252, 1000.000000000000100 ) ;
#7254 = CARTESIAN_POINT ( 'NONE',  ( -12.25663455388031100, 11.48652165577457200, 2.290964128710460700 ) ) ;
#7255 = LINE ( 'NONE', #7254, #7253 ) ;
#7256 = FILL_AREA_STYLE_COLOUR ( '', #7250 ) ;
#7257 = CARTESIAN_POINT ( 'NONE',  ( -12.25663455388031100, 11.48652165577457200, 2.290964128710460700 ) ) ;
#7258 = DIRECTION ( 'NONE',  ( 1.000000000000000000, -0.0000000000000000000, 0.0000000000000000000 ) ) ;
#7259 = VECTOR ( 'NONE', #7258, 1000.000000000000000 ) ;
#7260 = CARTESIAN_POINT ( 'NONE',  ( -14.21243455388030900, 11.48652165577457200, 2.290964128710460700 ) ) ;
#7261 = LINE ( 'NONE', #7260, #7259 ) ;
#7262 = CARTESIAN_POINT ( 'NONE',  ( -7.532234553880311300, 11.48652165577457200, 2.290964128710460700 ) ) ;
#7263 = DIRECTION ( 'NONE',  ( 0.0000000000000000000, 0.4239800939173767900, -0.9056715077564337900 ) ) ;
#7264 = UNCERTAINTY_MEASURE_WITH_UNIT (LENGTH_MEASURE( 1.000000000000000100E-005 ), #7267, 'distance_accuracy_value', 'NONE');
#7265 =( NAMED_UNIT ( * ) SI_UNIT ( $, .STERADIAN. ) SOLID_ANGLE_UNIT ( ) );
#7266 =( NAMED_UNIT ( * ) PLANE_ANGLE_UNIT ( ) SI_UNIT ( $, .RADIAN. ) );
#7267 =( LENGTH_UNIT ( ) NAMED_UNIT ( * ) SI_UNIT ( .MILLI., .METRE. ) );
#7268 = MECHANICAL_DESIGN_GEOMETRIC_PRESENTATION_REPRESENTATION (  '', ( #7270 ), #7513 ) ;
#7269 = PRESENTATION_LAYER_ASSIGNMENT (  '', '', ( #7270 ) ) ;
#7270 = STYLED_ITEM ( 'NONE', ( #7271 ), #3567 ) ;
#7271 = PRESENTATION_STYLE_ASSIGNMENT (( #7272 ) ) ;
#7272 = SURFACE_STYLE_USAGE ( .BOTH. , #7273 ) ;
#7273 = SURFACE_SIDE_STYLE ('',( #7274 ) ) ;
#7274 = SURFACE_STYLE_FILL_AREA ( #7275 ) ;
#7275 = FILL_AREA_STYLE ('',( #7282 ) ) ;
#7276 = COLOUR_RGB ( '',0.8313725490196077800, 0.8392156862745098200, 0.8274509803921568100 ) ;
#7277 = DIRECTION ( 'NONE',  ( 1.000000000000000000, 0.0000000000000000000, 0.0000000000000000000 ) ) ;
#7278 = DIRECTION ( 'NONE',  ( 0.0000000000000000000, -1.000000000000000000, 3.916066504679277800E-017 ) ) ;
#7279 = AXIS2_PLACEMENT_3D ( 'NONE', #7283, #7278, #7277 ) ;
#7280 = CYLINDRICAL_SURFACE ( 'NONE', #7279, 1.714500000000000800 ) ;
#7281 = FACE_OUTER_BOUND ( 'NONE', #3593, .T. ) ;
#7282 = FILL_AREA_STYLE_COLOUR ( '', #7276 ) ;
#7283 = CARTESIAN_POINT ( 'NONE',  ( -10.30083455388031100, 0.4761397680645407800, -0.7228168324218127200 ) ) ;
#7284 =( GEOMETRIC_REPRESENTATION_CONTEXT ( 3 ) GLOBAL_UNCERTAINTY_ASSIGNED_CONTEXT ( ( #7341 ) ) GLOBAL_UNIT_ASSIGNED_CONTEXT ( ( #7344, #7343, #7342 ) ) REPRESENTATION_CONTEXT ( 'NONE', 'WORKASPACE' ) );
#7285 = UNCERTAINTY_MEASURE_WITH_UNIT (LENGTH_MEASURE( 1.000000000000000100E-005 ), #7359, 'distance_accuracy_value', 'NONE');
#7286 =( NAMED_UNIT ( * ) SI_UNIT ( $, .STERADIAN. ) SOLID_ANGLE_UNIT ( ) );
#7287 = MECHANICAL_DESIGN_GEOMETRIC_PRESENTATION_REPRESENTATION (  '', ( #7289 ), #7331 ) ;
#7288 = PRESENTATION_LAYER_ASSIGNMENT (  '', '', ( #7289 ) ) ;
#7289 = STYLED_ITEM ( 'NONE', ( #7290 ), #3546 ) ;
#7290 = PRESENTATION_STYLE_ASSIGNMENT (( #7291 ) ) ;
#7291 = SURFACE_STYLE_USAGE ( .BOTH. , #7332 ) ;
#7292 = CARTESIAN_POINT ( 'NONE',  ( -13.45043455388031000, 10.40533100981494000, 1.784816692591896000 ) ) ;
#7293 = DIRECTION ( 'NONE',  ( 1.132855719497850000E-016, -0.9056715077564336800, -0.4239800939173772900 ) ) ;
#7294 = LINE ( 'NONE', #7299, #7350 ) ;
#7295 = DIRECTION ( 'NONE',  ( 0.7071067811865475700, 0.6404064646620191100, 0.2997991994970867800 ) ) ;
#7296 = CARTESIAN_POINT ( 'NONE',  ( -12.25663455388031100, 11.48652165577457200, 2.290964128710461200 ) ) ;
#7297 = CARTESIAN_POINT ( 'NONE',  ( -6.338434553880310000, 0.4761397680645408900, 2.045783167578186100 ) ) ;
#7298 = VECTOR ( 'NONE', #7295, 1000.000000000000000 ) ;
#7299 = CARTESIAN_POINT ( 'NONE',  ( -13.45043455388031000, 9.485527622608367800, 1.354220915697650400 ) ) ;
#7300 = LINE ( 'NONE', #7296, #7298 ) ;
#7301 = AXIS2_PLACEMENT_3D ( 'NONE', #7297, #7308, #6340 ) ;
#7302 = LINE ( 'NONE', #6322, #7437 ) ;
#7304 = DIRECTION ( 'NONE',  ( 1.000000000000000000, -0.0000000000000000000, 0.0000000000000000000 ) ) ;
#7303 = STYLED_ITEM ( 'NONE', ( #7541 ), #3751 ) ;
#7305 = VECTOR ( 'NONE', #7304, 1000.000000000000000 ) ;
#7306 = CARTESIAN_POINT ( 'NONE',  ( -13.57743455388030900, 5.911739768064540700, 1.506278431479560100 ) ) ;
#7307 = LINE ( 'NONE', #7306, #7305 ) ;
#7308 = DIRECTION ( 'NONE',  ( 1.000000000000000000, 0.0000000000000000000, 0.0000000000000000000 ) ) ;
#7309 = DIRECTION ( 'NONE',  ( 1.000000000000000000, -0.0000000000000000000, 0.0000000000000000000 ) ) ;
#7310 = VECTOR ( 'NONE', #7309, 1000.000000000000000 ) ;
#7311 = CARTESIAN_POINT ( 'NONE',  ( -14.21243455388030900, 5.373721586246357900, 1.225356787748492500 ) ) ;
#7312 = PLANE ( 'NONE',  #7301 ) ;
#7313 = MECHANICAL_DESIGN_GEOMETRIC_PRESENTATION_REPRESENTATION (  '', ( #7315 ), #7284 ) ;
#7314 = PRESENTATION_LAYER_ASSIGNMENT (  '', '', ( #7315 ) ) ;
#7315 = STYLED_ITEM ( 'NONE', ( #7316 ), #3563 ) ;
#7316 = PRESENTATION_STYLE_ASSIGNMENT (( #7317 ) ) ;
#7317 = SURFACE_STYLE_USAGE ( .BOTH. , #7318 ) ;
#7318 = SURFACE_SIDE_STYLE ('',( #7319 ) ) ;
#7319 = SURFACE_STYLE_FILL_AREA ( #7320 ) ;
#7320 = FILL_AREA_STYLE ('',( #7327 ) ) ;
#7321 = COLOUR_RGB ( '',0.8313725490196077800, 0.8392156862745098200, 0.8274509803921568100 ) ;
#7322 = FACE_OUTER_BOUND ( 'NONE', #3564, .T. ) ;
#7323 = DIRECTION ( 'NONE',  ( 0.0000000000000000000, 0.4239800939173769500, 0.9056715077564337900 ) ) ;
#7324 = VECTOR ( 'NONE', #7323, 1000.000000000000100 ) ;
#7325 = CARTESIAN_POINT ( 'NONE',  ( -6.338434553880310000, 10.40533100981494000, -3.230450357435523200 ) ) ;
#7326 = LINE ( 'NONE', #7325, #7324 ) ;
#7327 = FILL_AREA_STYLE_COLOUR ( '', #7321 ) ;
#7328 = CARTESIAN_POINT ( 'NONE',  ( -13.57743455388030900, 5.911739768064540700, 1.506278431479560100 ) ) ;
#7329 = AXIS2_PLACEMENT_3D ( 'NONE', #7347, #7346, #7345 ) ;
#7330 = CYLINDRICAL_SURFACE ( 'NONE', #7329, 1.015999999999999300 ) ;
#7331 =( GEOMETRIC_REPRESENTATION_CONTEXT ( 3 ) GLOBAL_UNCERTAINTY_ASSIGNED_CONTEXT ( ( #7285 ) ) GLOBAL_UNIT_ASSIGNED_CONTEXT ( ( #7359, #7358, #7286 ) ) REPRESENTATION_CONTEXT ( 'NONE', 'WORKASPACE' ) );
#7332 = SURFACE_SIDE_STYLE ('',( #7333 ) ) ;
#7333 = SURFACE_STYLE_FILL_AREA ( #7334 ) ;
#7334 = FILL_AREA_STYLE ('',( #7337 ) ) ;
#7335 = COLOUR_RGB ( '',0.8313725490196077800, 0.8392156862745098200, 0.8274509803921568100 ) ;
#7336 = FACE_OUTER_BOUND ( 'NONE', #3547, .T. ) ;
#7337 = FILL_AREA_STYLE_COLOUR ( '', #7335 ) ;
#7338 = CARTESIAN_POINT ( 'NONE',  ( -14.33923643310975900, 9.384986584046425100, 1.868063514302520800 ) ) ;
#7339 = VECTOR ( 'NONE', #7340, 1000.000000000000000 ) ;
#7340 = DIRECTION ( 'NONE',  ( -0.7071067811865475700, -0.6404064646620191100, -0.2997991994970867800 ) ) ;
#7341 = UNCERTAINTY_MEASURE_WITH_UNIT (LENGTH_MEASURE( 1.000000000000000100E-005 ), #7344, 'distance_accuracy_value', 'NONE');
#7342 =( NAMED_UNIT ( * ) SI_UNIT ( $, .STERADIAN. ) SOLID_ANGLE_UNIT ( ) );
#7343 =( NAMED_UNIT ( * ) PLANE_ANGLE_UNIT ( ) SI_UNIT ( $, .RADIAN. ) );
#7344 =( LENGTH_UNIT ( ) NAMED_UNIT ( * ) SI_UNIT ( .MILLI., .METRE. ) );
#7345 = DIRECTION ( 'NONE',  ( 0.0000000000000000000, 0.0000000000000000000, -1.000000000000000000 ) ) ;
#7346 = DIRECTION ( 'NONE',  ( 1.000000000000000000, -0.0000000000000000000, 0.0000000000000000000 ) ) ;
#7347 = CARTESIAN_POINT ( 'NONE',  ( -14.21243455388030900, 9.054763847188317200, 2.274383167578186700 ) ) ;
#7348 = LINE ( 'NONE', #7338, #7339 ) ;
#7349 = CARTESIAN_POINT ( 'NONE',  ( -13.45043455388031000, 10.18994912210491300, 2.244897818532164200 ) ) ;
#7350 = VECTOR ( 'NONE', #7293, 1000.000000000000100 ) ;
#7351 = CARTESIAN_POINT ( 'NONE',  ( -13.45043455388031000, 9.485527622608366000, 1.354220915697648100 ) ) ;
#7352 = LINE ( 'NONE', #7311, #7310 ) ;
#7353 = DIRECTION ( 'NONE',  ( 0.0000000000000000000, -1.000000000000000000, 0.0000000000000000000 ) ) ;
#7354 = DIRECTION ( 'NONE',  ( -1.000000000000000000, -1.250846150945177000E-016, 4.898396714223407500E-033 ) ) ;
#7355 = CARTESIAN_POINT ( 'NONE',  ( -13.45043455388031000, 9.054763847188317200, 2.274383167578186700 ) ) ;
#7356 = AXIS2_PLACEMENT_3D ( 'NONE', #7355, #7354, #7353 ) ;
#7357 = CIRCLE ( 'NONE', #7356, 1.015999999999999600 ) ;
#7358 =( NAMED_UNIT ( * ) PLANE_ANGLE_UNIT ( ) SI_UNIT ( $, .RADIAN. ) );
#7359 =( LENGTH_UNIT ( ) NAMED_UNIT ( * ) SI_UNIT ( .MILLI., .METRE. ) );
#7360 = AXIS2_PLACEMENT_3D ( 'NONE', #7392, #7396, #7395 ) ;
#7361 = MECHANICAL_DESIGN_GEOMETRIC_PRESENTATION_REPRESENTATION (  '', ( #7363 ), #7529 ) ;
#7362 = PRESENTATION_LAYER_ASSIGNMENT (  '', '', ( #7363 ) ) ;
#7363 = STYLED_ITEM ( 'NONE', ( #7364 ), #3581 ) ;
#7364 = PRESENTATION_STYLE_ASSIGNMENT (( #7365 ) ) ;
#7365 = SURFACE_STYLE_USAGE ( .BOTH. , #7366 ) ;
#7366 = SURFACE_SIDE_STYLE ('',( #7367 ) ) ;
#7367 = SURFACE_STYLE_FILL_AREA ( #7368 ) ;
#7368 = FILL_AREA_STYLE ('',( #7374 ) ) ;
#7369 = COLOUR_RGB ( '',0.8313725490196077800, 0.8392156862745098200, 0.8274509803921568100 ) ;
#7370 = FACE_OUTER_BOUND ( 'NONE', #3582, .T. ) ;
#7371 = DIRECTION ( 'NONE',  ( 0.0000000000000000000, 0.5454545454545476300, 0.8381404052084429100 ) ) ;
#7372 = VECTOR ( 'NONE', #7371, 1000.000000000000100 ) ;
#7373 = CARTESIAN_POINT ( 'NONE',  ( -6.338434553880310000, 5.096630677155449300, -3.096765778438009600 ) ) ;
#7374 = FILL_AREA_STYLE_COLOUR ( '', #7369 ) ;
#7375 = DIRECTION ( 'NONE',  ( 0.0000000000000000000, -3.916066504679277800E-017, -1.000000000000000000 ) ) ;
#7376 = DIRECTION ( 'NONE',  ( 1.000000000000000000, 0.0000000000000000000, 0.0000000000000000000 ) ) ;
#7377 = CARTESIAN_POINT ( 'NONE',  ( -6.338434553880310000, -0.03186023193545931700, -3.491416832421813300 ) ) ;
#7378 = AXIS2_PLACEMENT_3D ( 'NONE', #7377, #7376, #7375 ) ;
#7379 = LINE ( 'NONE', #7373, #7372 ) ;
#7380 = PLANE ( 'NONE',  #7378 ) ;
#7381 =( GEOMETRIC_REPRESENTATION_CONTEXT ( 3 ) GLOBAL_UNCERTAINTY_ASSIGNED_CONTEXT ( ( #7382 ) ) GLOBAL_UNIT_ASSIGNED_CONTEXT ( ( #7418, #7417, #7383 ) ) REPRESENTATION_CONTEXT ( 'NONE', 'WORKASPACE' ) );
#7382 = UNCERTAINTY_MEASURE_WITH_UNIT (LENGTH_MEASURE( 1.000000000000000100E-005 ), #7418, 'distance_accuracy_value', 'NONE');
#7383 =( NAMED_UNIT ( * ) SI_UNIT ( $, .STERADIAN. ) SOLID_ANGLE_UNIT ( ) );
#7384 = FACE_OUTER_BOUND ( 'NONE', #3573, .T. ) ;
#7385 = FILL_AREA_STYLE ('',( #7386 ) ) ;
#7386 = FILL_AREA_STYLE_COLOUR ( '', #7387 ) ;
#7387 = COLOUR_RGB ( '',0.8313725490196077800, 0.8392156862745098200, 0.8274509803921568100 ) ;
#7388 = DIRECTION ( 'NONE',  ( 0.0000000000000000000, 0.0000000000000000000, 1.000000000000000000 ) ) ;
#7389 = DIRECTION ( 'NONE',  ( 1.000000000000000000, -0.0000000000000000000, -0.0000000000000000000 ) ) ;
#7390 = CARTESIAN_POINT ( 'NONE',  ( -14.21243455388030900, 1.161939768064540700, -3.491416832421812900 ) ) ;
#7391 = AXIS2_PLACEMENT_3D ( 'NONE', #7390, #7389, #7388 ) ;
#7392 = CARTESIAN_POINT ( 'NONE',  ( -6.338434553880310000, 8.818494261839982000, -3.270305054680419300 ) ) ;
#7393 = PLANE ( 'NONE',  #7360 ) ;
#7394 = CIRCLE ( 'NONE', #7391, 0.6858000000000003000 ) ;
#7395 = DIRECTION ( 'NONE',  ( 0.0000000000000000000, -3.916066504679277800E-017, -1.000000000000000000 ) ) ;
#7396 = DIRECTION ( 'NONE',  ( 1.000000000000000000, 0.0000000000000000000, 0.0000000000000000000 ) ) ;
#7397 = UNCERTAINTY_MEASURE_WITH_UNIT (LENGTH_MEASURE( 1.000000000000000100E-005 ), #7400, 'distance_accuracy_value', 'NONE');
#7398 =( NAMED_UNIT ( * ) SI_UNIT ( $, .STERADIAN. ) SOLID_ANGLE_UNIT ( ) );
#7399 =( NAMED_UNIT ( * ) PLANE_ANGLE_UNIT ( ) SI_UNIT ( $, .RADIAN. ) );
#7400 =( LENGTH_UNIT ( ) NAMED_UNIT ( * ) SI_UNIT ( .MILLI., .METRE. ) );
#7401 = MECHANICAL_DESIGN_GEOMETRIC_PRESENTATION_REPRESENTATION (  '', ( #7403 ), #9004 ) ;
#7402 = PRESENTATION_LAYER_ASSIGNMENT (  '', '', ( #7403 ) ) ;
#7403 = STYLED_ITEM ( 'NONE', ( #7404 ), #3621 ) ;
#7404 = PRESENTATION_STYLE_ASSIGNMENT (( #7405 ) ) ;
#7405 = SURFACE_STYLE_USAGE ( .BOTH. , #7406 ) ;
#7406 = SURFACE_SIDE_STYLE ('',( #7407 ) ) ;
#7407 = SURFACE_STYLE_FILL_AREA ( #7408 ) ;
#7408 = FILL_AREA_STYLE ('',( #7409 ) ) ;
#7409 = FILL_AREA_STYLE_COLOUR ( '', #7410 ) ;
#7410 = COLOUR_RGB ( '',0.8313725490196077800, 0.8392156862745098200, 0.8274509803921568100 ) ;
#7411 = DIRECTION ( 'NONE',  ( 0.0000000000000000000, 0.0000000000000000000, 1.000000000000000000 ) ) ;
#7412 = DIRECTION ( 'NONE',  ( 1.000000000000000000, -0.0000000000000000000, -0.0000000000000000000 ) ) ;
#7413 = CARTESIAN_POINT ( 'NONE',  ( -6.338434553880310000, 1.161939768064540700, -3.491416832421812900 ) ) ;
#7414 = AXIS2_PLACEMENT_3D ( 'NONE', #7413, #7412, #7411 ) ;
#7415 = CIRCLE ( 'NONE', #7414, 0.6858000000000003000 ) ;
#7416 = FACE_OUTER_BOUND ( 'NONE', #3622, .T. ) ;
#7417 =( NAMED_UNIT ( * ) PLANE_ANGLE_UNIT ( ) SI_UNIT ( $, .RADIAN. ) );
#7418 =( LENGTH_UNIT ( ) NAMED_UNIT ( * ) SI_UNIT ( .MILLI., .METRE. ) );
#7419 = MECHANICAL_DESIGN_GEOMETRIC_PRESENTATION_REPRESENTATION (  '', ( #7421 ), #7381 ) ;
#7420 = PRESENTATION_LAYER_ASSIGNMENT (  '', '', ( #7421 ) ) ;
#7421 = STYLED_ITEM ( 'NONE', ( #7422 ), #3572 ) ;
#7422 = PRESENTATION_STYLE_ASSIGNMENT (( #7423 ) ) ;
#7423 = SURFACE_STYLE_USAGE ( .BOTH. , #7424 ) ;
#7424 = SURFACE_SIDE_STYLE ('',( #7425 ) ) ;
#7425 = SURFACE_STYLE_FILL_AREA ( #7385 ) ;
#7426 = DIRECTION ( 'NONE',  ( 0.0000000000000000000, 0.4577119952413403200, -0.8891005170464086900 ) ) ;
#7427 = VECTOR ( 'NONE', #7426, 999.9999999999998900 ) ;
#7428 = CARTESIAN_POINT ( 'NONE',  ( -6.338434553880310000, 1.475838654401051800, -4.101161967012240300 ) ) ;
#7429 = LINE ( 'NONE', #7428, #7427 ) ;
#7430 = DIRECTION ( 'NONE',  ( 0.0000000000000000000, 0.0000000000000000000, -1.000000000000000000 ) ) ;
#7431 = DIRECTION ( 'NONE',  ( 1.000000000000000000, -0.0000000000000000000, 0.0000000000000000000 ) ) ;
#7432 = AXIS2_PLACEMENT_3D ( 'NONE', #7442, #7431, #7430 ) ;
#7433 = CIRCLE ( 'NONE', #7432, 1.193800000000000000 ) ;
#7434 = VECTOR ( 'NONE', #6311, 1000.000000000000000 ) ;
#7435 = CARTESIAN_POINT ( 'NONE',  ( -14.21243455388030900, -0.03186023193545910200, 2.045783167578186100 ) ) ;
#7436 = LINE ( 'NONE', #7435, #7434 ) ;
#7437 = VECTOR ( 'NONE', #6408, 1000.000000000000000 ) ;
#7438 = DIRECTION ( 'NONE',  ( 0.0000000000000000000, 3.916066504679277800E-017, 1.000000000000000000 ) ) ;
#7439 = DIRECTION ( 'NONE',  ( -1.000000000000000000, 0.0000000000000000000, 0.0000000000000000000 ) ) ;
#7440 = CARTESIAN_POINT ( 'NONE',  ( -14.21243455388030900, 1.708356347983652500, -4.552825029671815600 ) ) ;
#7441 = AXIS2_PLACEMENT_3D ( 'NONE', #7440, #7439, #7438 ) ;
#7442 = CARTESIAN_POINT ( 'NONE',  ( -6.338434553880310000, 1.161939768064540700, -3.491416832421812900 ) ) ;
#7443 = PLANE ( 'NONE',  #7441 ) ;
#7444 =( GEOMETRIC_REPRESENTATION_CONTEXT ( 3 ) GLOBAL_UNCERTAINTY_ASSIGNED_CONTEXT ( ( #7445 ) ) GLOBAL_UNIT_ASSIGNED_CONTEXT ( ( #7448, #7447, #7446 ) ) REPRESENTATION_CONTEXT ( 'NONE', 'WORKASPACE' ) );
#7445 = UNCERTAINTY_MEASURE_WITH_UNIT (LENGTH_MEASURE( 1.000000000000000100E-005 ), #7448, 'distance_accuracy_value', 'NONE');
#7446 =( NAMED_UNIT ( * ) SI_UNIT ( $, .STERADIAN. ) SOLID_ANGLE_UNIT ( ) );
#7447 =( NAMED_UNIT ( * ) PLANE_ANGLE_UNIT ( ) SI_UNIT ( $, .RADIAN. ) );
#7448 =( LENGTH_UNIT ( ) NAMED_UNIT ( * ) SI_UNIT ( .MILLI., .METRE. ) );
#7449 = MECHANICAL_DESIGN_GEOMETRIC_PRESENTATION_REPRESENTATION (  '', ( #7451 ), #7444 ) ;
#7450 = PRESENTATION_LAYER_ASSIGNMENT (  '', '', ( #7451 ) ) ;
#7451 = STYLED_ITEM ( 'NONE', ( #7452 ), #3612 ) ;
#7452 = PRESENTATION_STYLE_ASSIGNMENT (( #7453 ) ) ;
#7453 = SURFACE_STYLE_USAGE ( .BOTH. , #7454 ) ;
#7454 = SURFACE_SIDE_STYLE ('',( #7455 ) ) ;
#7455 = SURFACE_STYLE_FILL_AREA ( #7456 ) ;
#7456 = FILL_AREA_STYLE ('',( #7462 ) ) ;
#7457 = COLOUR_RGB ( '',0.8313725490196077800, 0.8392156862745098200, 0.8274509803921568100 ) ;
#7458 = FACE_OUTER_BOUND ( 'NONE', #3575, .T. ) ;
#7459 = DIRECTION ( 'NONE',  ( 0.0000000000000000000, -0.4577119952413406500, 0.8891005170464085800 ) ) ;
#7460 = VECTOR ( 'NONE', #7459, 1000.000000000000000 ) ;
#7461 = CARTESIAN_POINT ( 'NONE',  ( -6.338434553880310000, 4.587022074481939000, -3.070878041624323100 ) ) ;
#7462 = FILL_AREA_STYLE_COLOUR ( '', #7457 ) ;
#7463 = DIRECTION ( 'NONE',  ( 0.0000000000000000000, -3.916066504679277800E-017, -1.000000000000000000 ) ) ;
#7464 = DIRECTION ( 'NONE',  ( 1.000000000000000000, 0.0000000000000000000, 0.0000000000000000000 ) ) ;
#7465 = CARTESIAN_POINT ( 'NONE',  ( -6.338434553880310000, 4.587022074481939000, -3.070878041624323100 ) ) ;
#7466 = AXIS2_PLACEMENT_3D ( 'NONE', #7465, #7464, #7463 ) ;
#7467 = LINE ( 'NONE', #7461, #7460 ) ;
#7468 = PLANE ( 'NONE',  #7466 ) ;
#7469 =( GEOMETRIC_REPRESENTATION_CONTEXT ( 3 ) GLOBAL_UNCERTAINTY_ASSIGNED_CONTEXT ( ( #7470 ) ) GLOBAL_UNIT_ASSIGNED_CONTEXT ( ( #7473, #7472, #7471 ) ) REPRESENTATION_CONTEXT ( 'NONE', 'WORKASPACE' ) );
#7470 = UNCERTAINTY_MEASURE_WITH_UNIT (LENGTH_MEASURE( 1.000000000000000100E-005 ), #7473, 'distance_accuracy_value', 'NONE');
#7471 =( NAMED_UNIT ( * ) SI_UNIT ( $, .STERADIAN. ) SOLID_ANGLE_UNIT ( ) );
#7472 =( NAMED_UNIT ( * ) PLANE_ANGLE_UNIT ( ) SI_UNIT ( $, .RADIAN. ) );
#7473 =( LENGTH_UNIT ( ) NAMED_UNIT ( * ) SI_UNIT ( .MILLI., .METRE. ) );
#7474 = MECHANICAL_DESIGN_GEOMETRIC_PRESENTATION_REPRESENTATION (  '', ( #7476 ), #7469 ) ;
#7475 = PRESENTATION_LAYER_ASSIGNMENT (  '', '', ( #7476 ) ) ;
#7476 = STYLED_ITEM ( 'NONE', ( #7477 ), #3605 ) ;
#7477 = PRESENTATION_STYLE_ASSIGNMENT (( #7478 ) ) ;
#7478 = SURFACE_STYLE_USAGE ( .BOTH. , #7479 ) ;
#7479 = SURFACE_SIDE_STYLE ('',( #7480 ) ) ;
#7480 = SURFACE_STYLE_FILL_AREA ( #7487 ) ;
#7481 = COLOUR_RGB ( '',0.8313725490196077800, 0.8392156862745098200, 0.8274509803921568100 ) ;
#7482 = FACE_OUTER_BOUND ( 'NONE', #3626, .T. ) ;
#7483 = DIRECTION ( 'NONE',  ( 0.0000000000000000000, -3.916066504679277800E-017, -1.000000000000000000 ) ) ;
#7484 = DIRECTION ( 'NONE',  ( 1.000000000000000000, 0.0000000000000000000, 0.0000000000000000000 ) ) ;
#7485 = CARTESIAN_POINT ( 'NONE',  ( -6.338434553880310000, 9.485527622608367800, -2.799854580541277100 ) ) ;
#7486 = AXIS2_PLACEMENT_3D ( 'NONE', #7485, #7484, #7483 ) ;
#7487 = FILL_AREA_STYLE ('',( #7488 ) ) ;
#7488 = FILL_AREA_STYLE_COLOUR ( '', #7481 ) ;
#7489 = PLANE ( 'NONE',  #7486 ) ;
#7490 =( GEOMETRIC_REPRESENTATION_CONTEXT ( 3 ) GLOBAL_UNCERTAINTY_ASSIGNED_CONTEXT ( ( #7491 ) ) GLOBAL_UNIT_ASSIGNED_CONTEXT ( ( #7494, #7493, #7492 ) ) REPRESENTATION_CONTEXT ( 'NONE', 'WORKASPACE' ) );
#7491 = UNCERTAINTY_MEASURE_WITH_UNIT (LENGTH_MEASURE( 1.000000000000000100E-005 ), #7494, 'distance_accuracy_value', 'NONE');
#7492 =( NAMED_UNIT ( * ) SI_UNIT ( $, .STERADIAN. ) SOLID_ANGLE_UNIT ( ) );
#7493 =( NAMED_UNIT ( * ) PLANE_ANGLE_UNIT ( ) SI_UNIT ( $, .RADIAN. ) );
#7494 =( LENGTH_UNIT ( ) NAMED_UNIT ( * ) SI_UNIT ( .MILLI., .METRE. ) );
#7495 = MECHANICAL_DESIGN_GEOMETRIC_PRESENTATION_REPRESENTATION (  '', ( #7497 ), #7490 ) ;
#7496 = PRESENTATION_LAYER_ASSIGNMENT (  '', '', ( #7497 ) ) ;
#7497 = STYLED_ITEM ( 'NONE', ( #7498 ), #3599 ) ;
#7498 = PRESENTATION_STYLE_ASSIGNMENT (( #7499 ) ) ;
#7499 = SURFACE_STYLE_USAGE ( .BOTH. , #7500 ) ;
#7500 = SURFACE_SIDE_STYLE ('',( #7501 ) ) ;
#7501 = SURFACE_STYLE_FILL_AREA ( #7502 ) ;
#7502 = FILL_AREA_STYLE ('',( #7509 ) ) ;
#7503 = COLOUR_RGB ( '',0.8313725490196077800, 0.8392156862745098200, 0.8274509803921568100 ) ;
#7504 = FACE_OUTER_BOUND ( 'NONE', #3600, .T. ) ;
#7505 = DIRECTION ( 'NONE',  ( -0.0000000000000000000, -0.4239800939173778400, -0.9056715077564334600 ) ) ;
#7506 = VECTOR ( 'NONE', #7505, 1000.000000000000100 ) ;
#7507 = CARTESIAN_POINT ( 'NONE',  ( -6.338434553880310000, 9.485527622608367800, -2.799854580541277100 ) ) ;
#7508 = LINE ( 'NONE', #7507, #7506 ) ;
#7509 = FILL_AREA_STYLE_COLOUR ( '', #7503 ) ;
#7510 = DIRECTION ( 'NONE',  ( 0.0000000000000000000, -3.478047214155889100E-015, 1.000000000000000000 ) ) ;
#7511 = DIRECTION ( 'NONE',  ( 1.000000000000000000, -0.0000000000000000000, -0.0000000000000000000 ) ) ;
#7512 = CARTESIAN_POINT ( 'NONE',  ( -14.21243455388030900, 1.161939768064541100, 2.045783167578186600 ) ) ;
#7513 =( GEOMETRIC_REPRESENTATION_CONTEXT ( 3 ) GLOBAL_UNCERTAINTY_ASSIGNED_CONTEXT ( ( #7264 ) ) GLOBAL_UNIT_ASSIGNED_CONTEXT ( ( #7267, #7266, #7265 ) ) REPRESENTATION_CONTEXT ( 'NONE', 'WORKASPACE' ) );
#7514 = AXIS2_PLACEMENT_3D ( 'NONE', #7512, #7511, #7510 ) ;
#7515 = CIRCLE ( 'NONE', #7514, 0.6858000000000003000 ) ;
#7516 = DIRECTION ( 'NONE',  ( 0.0000000000000000000, 0.4577119952413414800, 0.8891005170464081300 ) ) ;
#7517 = VECTOR ( 'NONE', #7516, 1000.000000000000100 ) ;
#7518 = CARTESIAN_POINT ( 'NONE',  ( -6.338434553880310000, 4.354504380899337300, 1.173581314121120900 ) ) ;
#7519 = LINE ( 'NONE', #7518, #7517 ) ;
#7520 = DIRECTION ( 'NONE',  ( 0.0000000000000000000, 1.000000000000000000, 8.145418329732895100E-016 ) ) ;
#7521 = VECTOR ( 'NONE', #7520, 1000.000000000000000 ) ;
#7522 = CARTESIAN_POINT ( 'NONE',  ( -6.338434553880310000, -0.03186023193545931700, -3.491416832421813300 ) ) ;
#7523 = DIRECTION ( 'NONE',  ( 0.0000000000000000000, -3.916066504679277800E-017, -1.000000000000000000 ) ) ;
#7524 = DIRECTION ( 'NONE',  ( 1.000000000000000000, 0.0000000000000000000, 0.0000000000000000000 ) ) ;
#7525 = CARTESIAN_POINT ( 'NONE',  ( -6.338434553880310000, 5.096630677155449300, -3.096765778438009600 ) ) ;
#7526 = AXIS2_PLACEMENT_3D ( 'NONE', #7525, #7524, #7523 ) ;
#7527 = LINE ( 'NONE', #7522, #7521 ) ;
#7528 = PLANE ( 'NONE',  #7526 ) ;
#7529 =( GEOMETRIC_REPRESENTATION_CONTEXT ( 3 ) GLOBAL_UNCERTAINTY_ASSIGNED_CONTEXT ( ( #7530 ) ) GLOBAL_UNIT_ASSIGNED_CONTEXT ( ( #7533, #7532, #7531 ) ) REPRESENTATION_CONTEXT ( 'NONE', 'WORKASPACE' ) );
#7530 = UNCERTAINTY_MEASURE_WITH_UNIT (LENGTH_MEASURE( 1.000000000000000100E-005 ), #7533, 'distance_accuracy_value', 'NONE');
#7531 =( NAMED_UNIT ( * ) SI_UNIT ( $, .STERADIAN. ) SOLID_ANGLE_UNIT ( ) );
#7532 =( NAMED_UNIT ( * ) PLANE_ANGLE_UNIT ( ) SI_UNIT ( $, .RADIAN. ) );
#7533 =( LENGTH_UNIT ( ) NAMED_UNIT ( * ) SI_UNIT ( .MILLI., .METRE. ) );
#7534 = CARTESIAN_POINT ( 'NONE',  ( -14.21243455388030900, -0.03186023193545910200, 2.045783167578186100 ) ) ;
#7535 = DIRECTION ( 'NONE',  ( -1.000000000000000000, 0.0000000000000000000, 0.0000000000000000000 ) ) ;
#7536 = DIRECTION ( 'NONE',  ( 0.0000000000000000000, 1.000000000000000000, -3.916066504679277800E-017 ) ) ;
#7537 = CARTESIAN_POINT ( 'NONE',  ( -10.30083455388031100, -0.03186023193545921300, -0.7228168324218127200 ) ) ;
#7538 = FACE_BOUND ( 'NONE', #3672, .T. ) ;
#7539 = AXIS2_PLACEMENT_3D ( 'NONE', #7537, #7536, #7535 ) ;
#7540 = CIRCLE ( 'NONE', #7539, 1.714500000000000800 ) ;
#7541 = PRESENTATION_STYLE_ASSIGNMENT (( #7542 ) ) ;
#7542 = SURFACE_STYLE_USAGE ( .BOTH. , #7543 ) ;
#7543 = SURFACE_SIDE_STYLE ('',( #7544 ) ) ;
#7544 = SURFACE_STYLE_FILL_AREA ( #7545 ) ;
#7545 = FILL_AREA_STYLE ('',( #7546 ) ) ;
#7546 = FILL_AREA_STYLE_COLOUR ( '', #7547 ) ;
#7547 = COLOUR_RGB ( '',0.8313725490196077800, 0.8392156862745098200, 0.8274509803921568100 ) ;
#7548 = FACE_BOUND ( 'NONE', #3706, .T. ) ;
#7549 = FACE_OUTER_BOUND ( 'NONE', #3676, .T. ) ;
#7550 = UNCERTAINTY_MEASURE_WITH_UNIT (LENGTH_MEASURE( 1.000000000000000100E-005 ), #7553, 'distance_accuracy_value', 'NONE');
#7551 =( NAMED_UNIT ( * ) SI_UNIT ( $, .STERADIAN. ) SOLID_ANGLE_UNIT ( ) );
#7552 =( NAMED_UNIT ( * ) PLANE_ANGLE_UNIT ( ) SI_UNIT ( $, .RADIAN. ) );
#7553 =( LENGTH_UNIT ( ) NAMED_UNIT ( * ) SI_UNIT ( .MILLI., .METRE. ) );
#7554 = MECHANICAL_DESIGN_GEOMETRIC_PRESENTATION_REPRESENTATION (  '', ( #7303 ), #7559 ) ;
#7555 = PRESENTATION_LAYER_ASSIGNMENT (  '', '', ( #7303 ) ) ;
#7556 =( LENGTH_UNIT ( ) NAMED_UNIT ( * ) SI_UNIT ( .MILLI., .METRE. ) );
#7557 = MECHANICAL_DESIGN_GEOMETRIC_PRESENTATION_REPRESENTATION (  '', ( #7561 ), #7576 ) ;
#7558 = PLANE ( 'NONE',  #7571 ) ;
#7559 =( GEOMETRIC_REPRESENTATION_CONTEXT ( 3 ) GLOBAL_UNCERTAINTY_ASSIGNED_CONTEXT ( ( #7550 ) ) GLOBAL_UNIT_ASSIGNED_CONTEXT ( ( #7553, #7552, #7551 ) ) REPRESENTATION_CONTEXT ( 'NONE', 'WORKASPACE' ) );
#7560 = PRESENTATION_LAYER_ASSIGNMENT (  '', '', ( #7561 ) ) ;
#7561 = STYLED_ITEM ( 'NONE', ( #7562 ), #3759 ) ;
#7562 = PRESENTATION_STYLE_ASSIGNMENT (( #7563 ) ) ;
#7563 = SURFACE_STYLE_USAGE ( .BOTH. , #7564 ) ;
#7564 = SURFACE_SIDE_STYLE ('',( #7565 ) ) ;
#7565 = SURFACE_STYLE_FILL_AREA ( #7566 ) ;
#7566 = FILL_AREA_STYLE ('',( #7567 ) ) ;
#7567 = FILL_AREA_STYLE_COLOUR ( '', #7572 ) ;
#7568 = DIRECTION ( 'NONE',  ( 1.000000000000000000, 0.0000000000000000000, 0.0000000000000000000 ) ) ;
#7569 = DIRECTION ( 'NONE',  ( 0.0000000000000000000, -1.000000000000000000, 3.916066504679277800E-017 ) ) ;
#7570 = CARTESIAN_POINT ( 'NONE',  ( -14.21243455388030900, 0.4761397680645406700, -3.491416832421813300 ) ) ;
#7571 = AXIS2_PLACEMENT_3D ( 'NONE', #7570, #7569, #7568 ) ;
#7572 = COLOUR_RGB ( '',0.8313725490196077800, 0.8392156862745098200, 0.8274509803921568100 ) ;
#7573 = FACE_OUTER_BOUND ( 'NONE', #3762, .T. ) ;
#7574 = UNCERTAINTY_MEASURE_WITH_UNIT (LENGTH_MEASURE( 1.000000000000000100E-005 ), #7556, 'distance_accuracy_value', 'NONE');
#7575 =( NAMED_UNIT ( * ) SI_UNIT ( $, .STERADIAN. ) SOLID_ANGLE_UNIT ( ) );
#7576 =( GEOMETRIC_REPRESENTATION_CONTEXT ( 3 ) GLOBAL_UNCERTAINTY_ASSIGNED_CONTEXT ( ( #7574 ) ) GLOBAL_UNIT_ASSIGNED_CONTEXT ( ( #7556, #6307, #7575 ) ) REPRESENTATION_CONTEXT ( 'NONE', 'WORKASPACE' ) );
#7577 = UNCERTAINTY_MEASURE_WITH_UNIT (LENGTH_MEASURE( 1.000000000000000100E-005 ), #7765, 'distance_accuracy_value', 'NONE');
#7578 = SURFACE_STYLE_USAGE ( .BOTH. , #7579 ) ;
#7579 = SURFACE_SIDE_STYLE ('',( #7580 ) ) ;
#7580 = SURFACE_STYLE_FILL_AREA ( #7581 ) ;
#7581 = FILL_AREA_STYLE ('',( #7582 ) ) ;
#7582 = FILL_AREA_STYLE_COLOUR ( '', #7587 ) ;
#7583 = DIRECTION ( 'NONE',  ( 0.0000000000000000000, 0.0000000000000000000, -1.000000000000000000 ) ) ;
#7584 = DIRECTION ( 'NONE',  ( 1.000000000000000000, -0.0000000000000000000, 0.0000000000000000000 ) ) ;
#7585 = CARTESIAN_POINT ( 'NONE',  ( -14.21243455388030900, 1.161939768064541100, 2.045783167578186600 ) ) ;
#7586 = AXIS2_PLACEMENT_3D ( 'NONE', #7585, #7584, #7583 ) ;
#7587 = COLOUR_RGB ( '',0.8313725490196077800, 0.8392156862745098200, 0.8274509803921568100 ) ;
#7588 = FACE_OUTER_BOUND ( 'NONE', #3766, .T. ) ;
#7589 = CYLINDRICAL_SURFACE ( 'NONE', #7586, 0.6858000000000000800 ) ;
#7590 =( NAMED_UNIT ( * ) SI_UNIT ( $, .STERADIAN. ) SOLID_ANGLE_UNIT ( ) );
#7591 = AXIS2_PLACEMENT_3D ( 'NONE', #7595, #7599, #7609 ) ;
#7592 = DIRECTION ( 'NONE',  ( 1.000000000000000000, -6.842277657836020900E-049, 1.224606353822377300E-016 ) ) ;
#7593 = DIRECTION ( 'NONE',  ( -1.000000000000000000, 6.842277657836020900E-049, -1.224606353822377300E-016 ) ) ;
#7594 =( GEOMETRIC_REPRESENTATION_CONTEXT ( 3 ) GLOBAL_UNCERTAINTY_ASSIGNED_CONTEXT ( ( #7577 ) ) GLOBAL_UNIT_ASSIGNED_CONTEXT ( ( #7765, #7768, #7590 ) ) REPRESENTATION_CONTEXT ( 'NONE', 'WORKASPACE' ) );
#7595 = CARTESIAN_POINT ( 'NONE',  ( 11.18756544611969200, 8.818494261839982000, 1.824671389836791700 ) ) ;
#7596 = UNCERTAINTY_MEASURE_WITH_UNIT (LENGTH_MEASURE( 1.000000000000000100E-005 ), #7600, 'distance_accuracy_value', 'NONE');
#7597 =( NAMED_UNIT ( * ) SI_UNIT ( $, .STERADIAN. ) SOLID_ANGLE_UNIT ( ) );
#7598 =( NAMED_UNIT ( * ) PLANE_ANGLE_UNIT ( ) SI_UNIT ( $, .RADIAN. ) );
#7599 = DIRECTION ( 'NONE',  ( -1.000000000000000000, 6.842277657836020900E-049, -1.224606353822377300E-016 ) ) ;
#7600 =( LENGTH_UNIT ( ) NAMED_UNIT ( * ) SI_UNIT ( .MILLI., .METRE. ) );
#7601 = MECHANICAL_DESIGN_GEOMETRIC_PRESENTATION_REPRESENTATION (  '', ( #7603 ), #7663 ) ;
#7602 = PRESENTATION_LAYER_ASSIGNMENT (  '', '', ( #7603 ) ) ;
#7603 = STYLED_ITEM ( 'NONE', ( #7604 ), #3765 ) ;
#7604 = PRESENTATION_STYLE_ASSIGNMENT (( #7578 ) ) ;
#7605 = CARTESIAN_POINT ( 'NONE',  ( 11.18756544611969200, 9.054763847188317200, 2.274383167578186300 ) ) ;
#7606 = DIRECTION ( 'NONE',  ( 1.224606353822377300E-016, -3.916066504679276500E-017, -1.000000000000000000 ) ) ;
#7607 = PLANE ( 'NONE',  #7591 ) ;
#7608 =( NAMED_UNIT ( * ) PLANE_ANGLE_UNIT ( ) SI_UNIT ( $, .RADIAN. ) );
#7609 = DIRECTION ( 'NONE',  ( -1.224606353822377300E-016, 3.916066504679276500E-017, 1.000000000000000000 ) ) ;
#7610 = SURFACE_STYLE_USAGE ( .BOTH. , #7613 ) ;
#7611 = UNCERTAINTY_MEASURE_WITH_UNIT (LENGTH_MEASURE( 1.000000000000000100E-005 ), #7623, 'distance_accuracy_value', 'NONE');
#7612 = MECHANICAL_DESIGN_GEOMETRIC_PRESENTATION_REPRESENTATION (  '', ( #7622 ), #7619 ) ;
#7613 = SURFACE_SIDE_STYLE ('',( #7644 ) ) ;
#7614 = CARTESIAN_POINT ( 'NONE',  ( -13.60283455388031000, -0.03186023193545921300, -0.7228168324218122700 ) ) ;
#7615 = FILL_AREA_STYLE_COLOUR ( '', #7620 ) ;
#7616 = AXIS2_PLACEMENT_3D ( 'NONE', #7605, #7592, #7606 ) ;
#7617 = DIRECTION ( 'NONE',  ( -1.224606353822377300E-016, 3.916066504679276500E-017, 1.000000000000000000 ) ) ;
#7618 = PLANE ( 'NONE',  #7616 ) ;
#7619 =( GEOMETRIC_REPRESENTATION_CONTEXT ( 3 ) GLOBAL_UNCERTAINTY_ASSIGNED_CONTEXT ( ( #7611 ) ) GLOBAL_UNIT_ASSIGNED_CONTEXT ( ( #7623, #7647, #7646 ) ) REPRESENTATION_CONTEXT ( 'NONE', 'WORKASPACE' ) );
#7620 = COLOUR_RGB ( '',0.8313725490196077800, 0.8392156862745098200, 0.8274509803921568100 ) ;
#7621 = PRESENTATION_LAYER_ASSIGNMENT (  '', '', ( #7622 ) ) ;
#7622 = STYLED_ITEM ( 'NONE', ( #7627 ), #5412 ) ;
#7623 =( LENGTH_UNIT ( ) NAMED_UNIT ( * ) SI_UNIT ( .MILLI., .METRE. ) );
#7624 = CARTESIAN_POINT ( 'NONE',  ( -14.21243455388030900, 0.4761397680645406700, -3.491416832421812900 ) ) ;
#7625 = LINE ( 'NONE', #7624, #7638 ) ;
#7626 = FILL_AREA_STYLE ('',( #7615 ) ) ;
#7627 = PRESENTATION_STYLE_ASSIGNMENT (( #7610 ) ) ;
#7628 = CARTESIAN_POINT ( 'NONE',  ( 11.18756544611969200, 9.485527622608367800, 1.354220915697649500 ) ) ;
#7629 = FACE_OUTER_BOUND ( 'NONE', #5413, .T. ) ;
#7630 = DIRECTION ( 'NONE',  ( -1.109091082874420800E-016, -0.4239800939173777900, 0.9056715077564334600 ) ) ;
#7631 = VECTOR ( 'NONE', #7632, 1000.000000000000000 ) ;
#7632 = DIRECTION ( 'NONE',  ( -0.0000000000000000000, -3.916066504679277800E-017, -1.000000000000000000 ) ) ;
#7633 = CARTESIAN_POINT ( 'NONE',  ( -6.338434553880310000, 0.4761397680645406700, -3.491416832421812900 ) ) ;
#7634 = CARTESIAN_POINT ( 'NONE',  ( -6.338434553880310000, 0.4761397680645408900, 2.045783167578186100 ) ) ;
#7635 = LINE ( 'NONE', #7652, #7631 ) ;
#7636 = CARTESIAN_POINT ( 'NONE',  ( -14.21243455388030900, 0.4761397680645406700, -3.491416832421812900 ) ) ;
#7637 = DIRECTION ( 'NONE',  ( 1.000000000000000000, -0.0000000000000000000, 0.0000000000000000000 ) ) ;
#7638 = VECTOR ( 'NONE', #7637, 1000.000000000000000 ) ;
#7639 = VECTOR ( 'NONE', #7630, 1000.000000000000100 ) ;
#7640 = LINE ( 'NONE', #7628, #7639 ) ;
#7641 = CARTESIAN_POINT ( 'NONE',  ( -13.09483455388030900, -0.03186023193545921300, -0.7228168324218122700 ) ) ;
#7642 = CARTESIAN_POINT ( 'NONE',  ( -14.21243455388030900, 0.4761397680645408900, 2.045783167578186100 ) ) ;
#7643 = DIRECTION ( 'NONE',  ( -0.0000000000000000000, -3.916066504679277800E-017, -1.000000000000000000 ) ) ;
#7644 = SURFACE_STYLE_FILL_AREA ( #7626 ) ;
#7645 = VECTOR ( 'NONE', #7643, 1000.000000000000000 ) ;
#7646 =( NAMED_UNIT ( * ) SI_UNIT ( $, .STERADIAN. ) SOLID_ANGLE_UNIT ( ) );
#7647 =( NAMED_UNIT ( * ) PLANE_ANGLE_UNIT ( ) SI_UNIT ( $, .RADIAN. ) );
#7648 = DIRECTION ( 'NONE',  ( 1.000000000000000000, -0.0000000000000000000, 0.0000000000000000000 ) ) ;
#7649 = VECTOR ( 'NONE', #7648, 1000.000000000000000 ) ;
#7650 = CARTESIAN_POINT ( 'NONE',  ( -14.21243455388030900, 0.4761397680645408900, 2.045783167578186100 ) ) ;
#7651 = LINE ( 'NONE', #7650, #7649 ) ;
#7652 = CARTESIAN_POINT ( 'NONE',  ( -6.338434553880310000, 0.4761397680645406700, -3.491416832421813300 ) ) ;
#7653 = CARTESIAN_POINT ( 'NONE',  ( -14.21243455388030900, 0.4761397680645406700, -3.491416832421813300 ) ) ;
#7654 = LINE ( 'NONE', #7653, #7645 ) ;
#7655 = DIRECTION ( 'NONE',  ( 1.000000000000000000, -6.842277657836020900E-049, 1.224606353822377300E-016 ) ) ;
#7656 = DIRECTION ( 'NONE',  ( 1.224606353822377300E-016, -3.916066504679276500E-017, -1.000000000000000000 ) ) ;
#7657 = PLANE ( 'NONE',  #7658 ) ;
#7658 = AXIS2_PLACEMENT_3D ( 'NONE', #7659, #7655, #7656 ) ;
#7659 = CARTESIAN_POINT ( 'NONE',  ( 19.06156544611969400, -0.03186023193545931000, -3.491416832421812000 ) ) ;
#7660 =( GEOMETRIC_REPRESENTATION_CONTEXT ( 3 ) GLOBAL_UNCERTAINTY_ASSIGNED_CONTEXT ( ( #7746 ) ) GLOBAL_UNIT_ASSIGNED_CONTEXT ( ( #7749, #7748, #7747 ) ) REPRESENTATION_CONTEXT ( 'NONE', 'WORKASPACE' ) );
#7661 = CARTESIAN_POINT ( 'NONE',  ( 11.18756544611969200, 9.552345989847749400, -5.052527007283816700 ) ) ;
#7662 = LINE ( 'NONE', #7661, #7678 ) ;
#7663 =( GEOMETRIC_REPRESENTATION_CONTEXT ( 3 ) GLOBAL_UNCERTAINTY_ASSIGNED_CONTEXT ( ( #7596 ) ) GLOBAL_UNIT_ASSIGNED_CONTEXT ( ( #7600, #7608, #7597 ) ) REPRESENTATION_CONTEXT ( 'NONE', 'WORKASPACE' ) );
#7664 = STYLED_ITEM ( 'NONE', ( #7665 ), #3772 ) ;
#7665 = PRESENTATION_STYLE_ASSIGNMENT (( #7666 ) ) ;
#7666 = SURFACE_STYLE_USAGE ( .BOTH. , #7667 ) ;
#7667 = SURFACE_SIDE_STYLE ('',( #7668 ) ) ;
#7668 = SURFACE_STYLE_FILL_AREA ( #7669 ) ;
#7669 = FILL_AREA_STYLE ('',( #7676 ) ) ;
#7670 = COLOUR_RGB ( '',0.8313725490196077800, 0.8392156862745098200, 0.8274509803921568100 ) ;
#7671 = FACE_OUTER_BOUND ( 'NONE', #3773, .T. ) ;
#7672 = DIRECTION ( 'NONE',  ( -0.0000000000000000000, 0.5454545454545456400, 0.8381404052084442400 ) ) ;
#7673 = VECTOR ( 'NONE', #7672, 1000.000000000000000 ) ;
#7674 = CARTESIAN_POINT ( 'NONE',  ( -13.45043455388031000, 5.096630677155449300, -3.096765778438009600 ) ) ;
#7675 = LINE ( 'NONE', #7674, #7673 ) ;
#7676 = FILL_AREA_STYLE_COLOUR ( '', #7670 ) ;
#7677 = DIRECTION ( 'NONE',  ( -1.250846150945177000E-016, 1.000000000000000000, -3.916066504679277800E-017 ) ) ;
#7678 = VECTOR ( 'NONE', #7682, 1000.000000000000100 ) ;
#7679 =( LENGTH_UNIT ( ) NAMED_UNIT ( * ) SI_UNIT ( .MILLI., .METRE. ) );
#7680 = MECHANICAL_DESIGN_GEOMETRIC_PRESENTATION_REPRESENTATION (  '', ( #7664 ), #7694 ) ;
#7681 = PRESENTATION_LAYER_ASSIGNMENT (  '', '', ( #7664 ) ) ;
#7682 = DIRECTION ( 'NONE',  ( 1.109091082874421300E-016, -0.4239800939173769500, -0.9056715077564337900 ) ) ;
#7683 = DIRECTION ( 'NONE',  ( 1.000000000000000000, 1.250846150945177000E-016, -4.898396714223407500E-033 ) ) ;
#7684 = CARTESIAN_POINT ( 'NONE',  ( -13.45043455388031000, 4.819539768064540700, -3.522541104283898800 ) ) ;
#7685 = AXIS2_PLACEMENT_3D ( 'NONE', #7684, #7683, #7677 ) ;
#7686 = PLANE ( 'NONE',  #7685 ) ;
#7687 =( NAMED_UNIT ( * ) SI_UNIT ( $, .STERADIAN. ) SOLID_ANGLE_UNIT ( ) );
#7688 = DIRECTION ( 'NONE',  ( -1.224606353822377300E-016, 3.916066504679276500E-017, 1.000000000000000000 ) ) ;
#7689 = VECTOR ( 'NONE', #7688, 1000.000000000000000 ) ;
#7690 = CARTESIAN_POINT ( 'NONE',  ( 11.18756544611969200, 0.4761397680645408900, 2.045783167578186600 ) ) ;
#7691 = LINE ( 'NONE', #7690, #7689 ) ;
#7692 = DIRECTION ( 'NONE',  ( 0.0000000000000000000, 0.0000000000000000000, -1.000000000000000000 ) ) ;
#7693 = PLANE ( 'NONE',  #7699 ) ;
#7694 =( GEOMETRIC_REPRESENTATION_CONTEXT ( 3 ) GLOBAL_UNCERTAINTY_ASSIGNED_CONTEXT ( ( #7695 ) ) GLOBAL_UNIT_ASSIGNED_CONTEXT ( ( #7679, #7701, #7696 ) ) REPRESENTATION_CONTEXT ( 'NONE', 'WORKASPACE' ) );
#7695 = UNCERTAINTY_MEASURE_WITH_UNIT (LENGTH_MEASURE( 1.000000000000000100E-005 ), #7679, 'distance_accuracy_value', 'NONE');
#7696 =( NAMED_UNIT ( * ) SI_UNIT ( $, .STERADIAN. ) SOLID_ANGLE_UNIT ( ) );
#7697 = DIRECTION ( 'NONE',  ( 1.000000000000000000, 1.250846150945177000E-016, -4.898396714223407500E-033 ) ) ;
#7698 = CARTESIAN_POINT ( 'NONE',  ( -13.45043455388031000, 7.105539768064542000, -0.009894666055310932800 ) ) ;
#7699 = AXIS2_PLACEMENT_3D ( 'NONE', #7698, #7697, #7704 ) ;
#7700 =( NAMED_UNIT ( * ) SI_UNIT ( $, .STERADIAN. ) SOLID_ANGLE_UNIT ( ) );
#7701 =( NAMED_UNIT ( * ) PLANE_ANGLE_UNIT ( ) SI_UNIT ( $, .RADIAN. ) );
#7702 = DIRECTION ( 'NONE',  ( -1.000000000000000000, 5.872771121110819100E-049, -1.224606353822377300E-016 ) ) ;
#7703 = LINE ( 'NONE', #7708, #7707 ) ;
#7704 = DIRECTION ( 'NONE',  ( -1.250846150945177000E-016, 1.000000000000000000, -3.916066504679277800E-017 ) ) ;
#7705 =( GEOMETRIC_REPRESENTATION_CONTEXT ( 3 ) GLOBAL_UNCERTAINTY_ASSIGNED_CONTEXT ( ( #7724 ) ) GLOBAL_UNIT_ASSIGNED_CONTEXT ( ( #7774, #7598, #7687 ) ) REPRESENTATION_CONTEXT ( 'NONE', 'WORKASPACE' ) );
#7706 = DIRECTION ( 'NONE',  ( 0.0000000000000000000, -3.916066504679277800E-017, -1.000000000000000000 ) ) ;
#7707 = VECTOR ( 'NONE', #7706, 1000.000000000000000 ) ;
#7708 = CARTESIAN_POINT ( 'NONE',  ( -13.45043455388030800, 5.911739768064540700, -2.951912096323187300 ) ) ;
#7709 = CIRCLE ( 'NONE', #7726, 1.193799999999999500 ) ;
#7710 = UNCERTAINTY_MEASURE_WITH_UNIT (LENGTH_MEASURE( 1.000000000000000100E-005 ), #7712, 'distance_accuracy_value', 'NONE');
#7711 =( NAMED_UNIT ( * ) PLANE_ANGLE_UNIT ( ) SI_UNIT ( $, .RADIAN. ) );
#7712 =( LENGTH_UNIT ( ) NAMED_UNIT ( * ) SI_UNIT ( .MILLI., .METRE. ) );
#7713 = MECHANICAL_DESIGN_GEOMETRIC_PRESENTATION_REPRESENTATION (  '', ( #7719 ), #11526 ) ;
#7714 = SURFACE_STYLE_FILL_AREA ( #7715 ) ;
#7715 = FILL_AREA_STYLE ('',( #7721 ) ) ;
#7716 = COLOUR_RGB ( '',0.8313725490196077800, 0.8392156862745098200, 0.8274509803921568100 ) ;
#7717 = FACE_OUTER_BOUND ( 'NONE', #3779, .T. ) ;
#7718 = PRESENTATION_LAYER_ASSIGNMENT (  '', '', ( #7719 ) ) ;
#7719 = STYLED_ITEM ( 'NONE', ( #7720 ), #3778 ) ;
#7720 = PRESENTATION_STYLE_ASSIGNMENT (( #7722 ) ) ;
#7721 = FILL_AREA_STYLE_COLOUR ( '', #7716 ) ;
#7722 = SURFACE_STYLE_USAGE ( .BOTH. , #7723 ) ;
#7723 = SURFACE_SIDE_STYLE ('',( #7714 ) ) ;
#7724 = UNCERTAINTY_MEASURE_WITH_UNIT (LENGTH_MEASURE( 1.000000000000000100E-005 ), #7774, 'distance_accuracy_value', 'NONE');
#7725 = CARTESIAN_POINT ( 'NONE',  ( 11.18756544611969200, 1.161939768064540900, -3.491416832421813300 ) ) ;
#7726 = AXIS2_PLACEMENT_3D ( 'NONE', #7725, #7702, #7692 ) ;
#7727 = PLANE ( 'NONE',  #7728 ) ;
#7728 = AXIS2_PLACEMENT_3D ( 'NONE', #7729, #7593, #7617 ) ;
#7729 = CARTESIAN_POINT ( 'NONE',  ( 11.18756544611969200, 9.485527622608367800, 1.354220915697649500 ) ) ;
#7730 = SURFACE_STYLE_USAGE ( .BOTH. , #7731 ) ;
#7731 = SURFACE_SIDE_STYLE ('',( #7742 ) ) ;
#7732 = CARTESIAN_POINT ( 'NONE',  ( 11.18756544611969200, 0.4761397680645408900, 2.045783167578186100 ) ) ;
#7733 = FILL_AREA_STYLE_COLOUR ( '', #7750 ) ;
#7734 = LINE ( 'NONE', #7743, #7745 ) ;
#7735 = MECHANICAL_DESIGN_GEOMETRIC_PRESENTATION_REPRESENTATION (  '', ( #7737 ), #7660 ) ;
#7736 = PRESENTATION_LAYER_ASSIGNMENT (  '', '', ( #7737 ) ) ;
#7737 = STYLED_ITEM ( 'NONE', ( #7738 ), #5436 ) ;
#7738 = PRESENTATION_STYLE_ASSIGNMENT (( #7730 ) ) ;
#7739 = DIRECTION ( 'NONE',  ( -1.000000000000000000, 5.872771121110819100E-049, -1.224606353822377300E-016 ) ) ;
#7740 = FACE_OUTER_BOUND ( 'NONE', #5471, .T. ) ;
#7741 = CARTESIAN_POINT ( 'NONE',  ( 11.18756544611969200, 0.4761397680645406700, -3.491416832421812900 ) ) ;
#7742 = SURFACE_STYLE_FILL_AREA ( #7744 ) ;
#7743 = CARTESIAN_POINT ( 'NONE',  ( 19.06156544611969400, 0.4761397680645408900, 2.045783167578187000 ) ) ;
#7744 = FILL_AREA_STYLE ('',( #7733 ) ) ;
#7745 = VECTOR ( 'NONE', #7739, 1000.000000000000000 ) ;
#7746 = UNCERTAINTY_MEASURE_WITH_UNIT (LENGTH_MEASURE( 1.000000000000000100E-005 ), #7749, 'distance_accuracy_value', 'NONE');
#7747 =( NAMED_UNIT ( * ) SI_UNIT ( $, .STERADIAN. ) SOLID_ANGLE_UNIT ( ) );
#7748 =( NAMED_UNIT ( * ) PLANE_ANGLE_UNIT ( ) SI_UNIT ( $, .RADIAN. ) );
#7749 =( LENGTH_UNIT ( ) NAMED_UNIT ( * ) SI_UNIT ( .MILLI., .METRE. ) );
#7750 = COLOUR_RGB ( '',0.8313725490196077800, 0.8392156862745098200, 0.8274509803921568100 ) ;
#7751 = CYLINDRICAL_SURFACE ( 'NONE', #7773, 1.193800000000000000 ) ;
#7752 = CARTESIAN_POINT ( 'NONE',  ( 19.06156544611969400, 1.161939768064540900, -3.491416832421812400 ) ) ;
#7753 = VECTOR ( 'NONE', #7760, 1000.000000000000100 ) ;
#7754 = SURFACE_STYLE_FILL_AREA ( #7755 ) ;
#7755 = FILL_AREA_STYLE ('',( #7769 ) ) ;
#7756 = COLOUR_RGB ( '',0.8313725490196077800, 0.8392156862745098200, 0.8274509803921568100 ) ;
#7757 = FACE_OUTER_BOUND ( 'NONE', #5478, .T. ) ;
#7758 = LINE ( 'NONE', #7772, #7753 ) ;
#7759 = DIRECTION ( 'NONE',  ( 0.0000000000000000000, 0.0000000000000000000, 1.000000000000000000 ) ) ;
#7760 = DIRECTION ( 'NONE',  ( 1.088798142361792700E-016, -0.4577119952413407100, -0.8891005170464084700 ) ) ;
#7761 = STYLED_ITEM ( 'NONE', ( #7762 ), #5402 ) ;
#7762 = PRESENTATION_STYLE_ASSIGNMENT (( #7763 ) ) ;
#7763 = SURFACE_STYLE_USAGE ( .BOTH. , #7764 ) ;
#7764 = SURFACE_SIDE_STYLE ('',( #7754 ) ) ;
#7765 =( LENGTH_UNIT ( ) NAMED_UNIT ( * ) SI_UNIT ( .MILLI., .METRE. ) );
#7766 = MECHANICAL_DESIGN_GEOMETRIC_PRESENTATION_REPRESENTATION (  '', ( #7761 ), #7594 ) ;
#7767 = PRESENTATION_LAYER_ASSIGNMENT (  '', '', ( #7761 ) ) ;
#7768 =( NAMED_UNIT ( * ) PLANE_ANGLE_UNIT ( ) SI_UNIT ( $, .RADIAN. ) );
#7769 = FILL_AREA_STYLE_COLOUR ( '', #7756 ) ;
#7770 =( GEOMETRIC_REPRESENTATION_CONTEXT ( 3 ) GLOBAL_UNCERTAINTY_ASSIGNED_CONTEXT ( ( #12209 ) ) GLOBAL_UNIT_ASSIGNED_CONTEXT ( ( #12205, #12217, #12210 ) ) REPRESENTATION_CONTEXT ( 'NONE', 'WORKASPACE' ) );
#7771 = DIRECTION ( 'NONE',  ( -1.000000000000000000, 5.872771121110819100E-049, -1.224606353822377300E-016 ) ) ;
#7772 = CARTESIAN_POINT ( 'NONE',  ( 11.18756544611969200, 4.587022074481939000, 1.625244376780696100 ) ) ;
#7773 = AXIS2_PLACEMENT_3D ( 'NONE', #7752, #7771, #7759 ) ;
#7774 =( LENGTH_UNIT ( ) NAMED_UNIT ( * ) SI_UNIT ( .MILLI., .METRE. ) );
#7775 = MECHANICAL_DESIGN_GEOMETRIC_PRESENTATION_REPRESENTATION (  '', ( #7777 ), #7705 ) ;
#7776 = PRESENTATION_LAYER_ASSIGNMENT (  '', '', ( #7777 ) ) ;
#7777 = STYLED_ITEM ( 'NONE', ( #7778 ), #5437 ) ;
#7778 = PRESENTATION_STYLE_ASSIGNMENT (( #7779 ) ) ;
#7779 = SURFACE_STYLE_USAGE ( .BOTH. , #7780 ) ;
#7780 = SURFACE_SIDE_STYLE ('',( #7781 ) ) ;
#7781 = SURFACE_STYLE_FILL_AREA ( #7782 ) ;
#7782 = FILL_AREA_STYLE ('',( #7783 ) ) ;
#7783 = FILL_AREA_STYLE_COLOUR ( '', #7784 ) ;
#7784 = COLOUR_RGB ( '',0.8313725490196077800, 0.8392156862745098200, 0.8274509803921568100 ) ;
#7785 = FACE_OUTER_BOUND ( 'NONE', #5438, .T. ) ;
#7786 = DIRECTION ( 'NONE',  ( 1.109091082874421300E-016, 0.4239800939173768400, -0.9056715077564337900 ) ) ;
#7787 = VECTOR ( 'NONE', #7786, 1000.000000000000100 ) ;
#7788 = CARTESIAN_POINT ( 'NONE',  ( 11.18756544611969200, 10.40533100981494000, 1.784816692591895600 ) ) ;
#7789 = LINE ( 'NONE', #7788, #7787 ) ;
#7790 = SURFACE_SIDE_STYLE ('',( #7797 ) ) ;
#7791 = PRESENTATION_LAYER_ASSIGNMENT (  '', '', ( #7798 ) ) ;
#7792 = FILL_AREA_STYLE_COLOUR ( '', #7796 ) ;
#7793 =( NAMED_UNIT ( * ) PLANE_ANGLE_UNIT ( ) SI_UNIT ( $, .RADIAN. ) );
#7794 = UNCERTAINTY_MEASURE_WITH_UNIT (LENGTH_MEASURE( 1.000000000000000100E-005 ), #7806, 'distance_accuracy_value', 'NONE');
#7795 =( NAMED_UNIT ( * ) SI_UNIT ( $, .STERADIAN. ) SOLID_ANGLE_UNIT ( ) );
#7796 = COLOUR_RGB ( '',0.8313725490196077800, 0.8392156862745098200, 0.8274509803921568100 ) ;
#7797 = SURFACE_STYLE_FILL_AREA ( #7810 ) ;
#7798 = STYLED_ITEM ( 'NONE', ( #7807 ), #5443 ) ;
#7799 = FACE_OUTER_BOUND ( 'NONE', #5444, .T. ) ;
#7800 = CARTESIAN_POINT ( 'NONE',  ( 15.14996544611969000, 0.4761397680645407800, -0.7228168324218136000 ) ) ;
#7801 =( GEOMETRIC_REPRESENTATION_CONTEXT ( 3 ) GLOBAL_UNCERTAINTY_ASSIGNED_CONTEXT ( ( #7794 ) ) GLOBAL_UNIT_ASSIGNED_CONTEXT ( ( #7806, #7793, #7795 ) ) REPRESENTATION_CONTEXT ( 'NONE', 'WORKASPACE' ) );
#7802 = DIRECTION ( 'NONE',  ( -1.000000000000000000, 0.0000000000000000000, -1.264744441511232200E-016 ) ) ;
#7803 = DIRECTION ( 'NONE',  ( -6.162975822039154700E-033, -1.000000000000000000, 3.916066504679276500E-017 ) ) ;
#7804 = AXIS2_PLACEMENT_3D ( 'NONE', #7800, #7803, #7802 ) ;
#7805 = CYLINDRICAL_SURFACE ( 'NONE', #7804, 1.714500000000000800 ) ;
#7806 =( LENGTH_UNIT ( ) NAMED_UNIT ( * ) SI_UNIT ( .MILLI., .METRE. ) );
#7807 = PRESENTATION_STYLE_ASSIGNMENT (( #7809 ) ) ;
#7808 = MECHANICAL_DESIGN_GEOMETRIC_PRESENTATION_REPRESENTATION (  '', ( #7798 ), #7801 ) ;
#7809 = SURFACE_STYLE_USAGE ( .BOTH. , #7790 ) ;
#7810 = FILL_AREA_STYLE ('',( #7792 ) ) ;
#7811 = DIRECTION ( 'NONE',  ( -1.088798142361793000E-016, -0.4577119952413403200, 0.8891005170464086900 ) ) ;
#7812 = VECTOR ( 'NONE', #7811, 999.9999999999998900 ) ;
#7813 = CARTESIAN_POINT ( 'NONE',  ( 11.18756544611969200, 1.708356347983652500, -4.552825029671815600 ) ) ;
#7814 = LINE ( 'NONE', #7813, #7812 ) ;
#7815 = DIRECTION ( 'NONE',  ( 6.162975822039154700E-033, 1.000000000000000000, -3.916066504679276500E-017 ) ) ;
#7816 = DIRECTION ( 'NONE',  ( 0.0000000000000000000, 0.0000000000000000000, -1.000000000000000000 ) ) ;
#7817 = DIRECTION ( 'NONE',  ( -1.000000000000000000, 5.872771121110819100E-049, -1.224606353822377300E-016 ) ) ;
#7818 = CARTESIAN_POINT ( 'NONE',  ( 19.06156544611969400, 1.161939768064540900, 2.045783167578187000 ) ) ;
#7819 = VECTOR ( 'NONE', #7836, 1000.000000000000000 ) ;
#7820 = DIRECTION ( 'NONE',  ( -1.000000000000000000, 5.872771121110819100E-049, -1.224606353822377300E-016 ) ) ;
#7821 =( GEOMETRIC_REPRESENTATION_CONTEXT ( 3 ) GLOBAL_UNCERTAINTY_ASSIGNED_CONTEXT ( ( #7822 ) ) GLOBAL_UNIT_ASSIGNED_CONTEXT ( ( #7847, #7839, #7838 ) ) REPRESENTATION_CONTEXT ( 'NONE', 'WORKASPACE' ) );
#7822 = UNCERTAINTY_MEASURE_WITH_UNIT (LENGTH_MEASURE( 1.000000000000000100E-005 ), #7847, 'distance_accuracy_value', 'NONE');
#7823 = FILL_AREA_STYLE ('',( #7824 ) ) ;
#7824 = FILL_AREA_STYLE_COLOUR ( '', #7825 ) ;
#7825 = COLOUR_RGB ( '',0.8313725490196077800, 0.8392156862745098200, 0.8274509803921568100 ) ;
#7826 = FACE_OUTER_BOUND ( 'NONE', #5485, .T. ) ;
#7827 = DIRECTION ( 'NONE',  ( 6.162975822039154700E-033, 1.000000000000000000, -3.916066504679276500E-017 ) ) ;
#7828 = STYLED_ITEM ( 'NONE', ( #7829 ), #5483 ) ;
#7829 = PRESENTATION_STYLE_ASSIGNMENT (( #7830 ) ) ;
#7830 = SURFACE_STYLE_USAGE ( .BOTH. , #7831 ) ;
#7831 = SURFACE_SIDE_STYLE ('',( #7832 ) ) ;
#7832 = SURFACE_STYLE_FILL_AREA ( #7823 ) ;
#7833 = CARTESIAN_POINT ( 'NONE',  ( 19.06156544611969400, 1.161939768064540900, -3.491416832421812400 ) ) ;
#7834 = DIRECTION ( 'NONE',  ( 1.000000000000000000, 0.0000000000000000000, 1.264744441511232200E-016 ) ) ;
#7835 = CARTESIAN_POINT ( 'NONE',  ( 19.06156544611969400, 0.4761397680645406700, -3.491416832421812000 ) ) ;
#7836 = DIRECTION ( 'NONE',  ( -1.000000000000000000, 5.872771121110819100E-049, -1.224606353822377300E-016 ) ) ;
#7837 = AXIS2_PLACEMENT_3D ( 'NONE', #7833, #7820, #7816 ) ;
#7838 =( NAMED_UNIT ( * ) SI_UNIT ( $, .STERADIAN. ) SOLID_ANGLE_UNIT ( ) );
#7839 =( NAMED_UNIT ( * ) PLANE_ANGLE_UNIT ( ) SI_UNIT ( $, .RADIAN. ) );
#7840 = CIRCLE ( 'NONE', #7842, 1.193800000000000000 ) ;
#7841 = CARTESIAN_POINT ( 'NONE',  ( 15.14996544611969000, 0.4761397680645407800, -0.7228168324218136000 ) ) ;
#7842 = AXIS2_PLACEMENT_3D ( 'NONE', #7818, #7817, #7846 ) ;
#7843 = CIRCLE ( 'NONE', #7854, 1.714500000000000800 ) ;
#7844 = LINE ( 'NONE', #7835, #7819 ) ;
#7845 = CIRCLE ( 'NONE', #7837, 1.193800000000000400 ) ;
#7846 = DIRECTION ( 'NONE',  ( 0.0000000000000000000, 0.0000000000000000000, 1.000000000000000000 ) ) ;
#7847 =( LENGTH_UNIT ( ) NAMED_UNIT ( * ) SI_UNIT ( .MILLI., .METRE. ) );
#7848 = MECHANICAL_DESIGN_GEOMETRIC_PRESENTATION_REPRESENTATION (  '', ( #7828 ), #7821 ) ;
#7849 = PRESENTATION_LAYER_ASSIGNMENT (  '', '', ( #7828 ) ) ;
#7850 = VECTOR ( 'NONE', #7827, 1000.000000000000000 ) ;
#7851 = CARTESIAN_POINT ( 'NONE',  ( 19.06156544611969400, -0.03186023193545931000, -3.491416832421812000 ) ) ;
#7852 = LINE ( 'NONE', #7851, #7850 ) ;
#7853 = CARTESIAN_POINT ( 'NONE',  ( 19.06156544611969400, 0.4761397680645408900, 2.045783167578187000 ) ) ;
#7854 = AXIS2_PLACEMENT_3D ( 'NONE', #7841, #7815, #7834 ) ;
#7855 =( LENGTH_UNIT ( ) NAMED_UNIT ( * ) SI_UNIT ( .MILLI., .METRE. ) );
#7856 =( GEOMETRIC_REPRESENTATION_CONTEXT ( 3 ) GLOBAL_UNCERTAINTY_ASSIGNED_CONTEXT ( ( #7934 ) ) GLOBAL_UNIT_ASSIGNED_CONTEXT ( ( #7931, #7930, #7935 ) ) REPRESENTATION_CONTEXT ( 'NONE', 'WORKASPACE' ) );
#7857 = PLANE ( 'NONE',  #7866 ) ;
#7858 = DIRECTION ( 'NONE',  ( -1.652064436403278500E-016, -0.9056715077564336800, 0.4239800939173774000 ) ) ;
#7859 = MECHANICAL_DESIGN_GEOMETRIC_PRESENTATION_REPRESENTATION (  '', ( #7977 ), #7893 ) ;
#7860 = PRESENTATION_LAYER_ASSIGNMENT (  '', '', ( #7977 ) ) ;
#7861 = DIRECTION ( 'NONE',  ( 1.000000000000000000, -9.887935438584429500E-017, 1.733640661152085200E-016 ) ) ;
#7862 =( GEOMETRIC_REPRESENTATION_CONTEXT ( 3 ) GLOBAL_UNCERTAINTY_ASSIGNED_CONTEXT ( ( #7900 ) ) GLOBAL_UNIT_ASSIGNED_CONTEXT ( ( #8196, #8195, #8194 ) ) REPRESENTATION_CONTEXT ( 'NONE', 'WORKASPACE' ) );
#7863 =( LENGTH_UNIT ( ) NAMED_UNIT ( * ) SI_UNIT ( .MILLI., .METRE. ) );
#7864 = DIRECTION ( 'NONE',  ( 1.026392065613522700E-016, 0.5454545454545456400, -0.8381404052084442400 ) ) ;
#7865 = DIRECTION ( 'NONE',  ( 1.672644977144129700E-016, 0.8891005170464085800, -0.4577119952413404300 ) ) ;
#7866 = AXIS2_PLACEMENT_3D ( 'NONE', #7868, #7861, #7865 ) ;
#7867 =( NAMED_UNIT ( * ) PLANE_ANGLE_UNIT ( ) SI_UNIT ( $, .RADIAN. ) );
#7868 = CARTESIAN_POINT ( 'NONE',  ( 18.29956544611969000, 1.708356347983653000, 3.107191364828189300 ) ) ;
#7869 =( NAMED_UNIT ( * ) SI_UNIT ( $, .STERADIAN. ) SOLID_ANGLE_UNIT ( ) );
#7870 =( NAMED_UNIT ( * ) PLANE_ANGLE_UNIT ( ) SI_UNIT ( $, .RADIAN. ) );
#7871 = CARTESIAN_POINT ( 'NONE',  ( -7.456034553880309400, -7.232760231935460900, -0.7228168324218142700 ) ) ;
#7872 = AXIS2_PLACEMENT_3D ( 'NONE', #7871, #7889, #7890 ) ;
#7873 =( GEOMETRIC_REPRESENTATION_CONTEXT ( 3 ) GLOBAL_UNCERTAINTY_ASSIGNED_CONTEXT ( ( #8929 ) ) GLOBAL_UNIT_ASSIGNED_CONTEXT ( ( #8950, #8931, #8930 ) ) REPRESENTATION_CONTEXT ( 'NONE', 'WORKASPACE' ) );
#7874 = DIRECTION ( 'NONE',  ( 1.224606353822377300E-016, -3.916066504679276500E-017, -1.000000000000000000 ) ) ;
#7875 = AXIS2_PLACEMENT_3D ( 'NONE', #7883, #7879, #7887 ) ;
#7876 = DIRECTION ( 'NONE',  ( -1.000000000000000000, 0.0000000000000000000, -1.177520686924224100E-016 ) ) ;
#7877 = DIRECTION ( 'NONE',  ( 1.224606353822377300E-016, -3.916066504679276500E-017, -1.000000000000000000 ) ) ;
#7878 = VECTOR ( 'NONE', #7877, 1000.000000000000000 ) ;
#7879 = DIRECTION ( 'NONE',  ( 1.000000000000000000, 6.697912673203520900E-017, 4.908584475015948200E-016 ) ) ;
#7880 = AXIS2_PLACEMENT_3D ( 'NONE', #7886, #7881, #7888 ) ;
#7881 = DIRECTION ( 'NONE',  ( 1.000000000000000000, 0.0000000000000000000, 0.0000000000000000000 ) ) ;
#7882 =( NAMED_UNIT ( * ) SI_UNIT ( $, .STERADIAN. ) SOLID_ANGLE_UNIT ( ) );
#7883 = CARTESIAN_POINT ( 'NONE',  ( -7.456034553880309400, -7.232760231935460900, -0.7228168324218142700 ) ) ;
#7884 =( GEOMETRIC_REPRESENTATION_CONTEXT ( 3 ) GLOBAL_UNCERTAINTY_ASSIGNED_CONTEXT ( ( #8902 ) ) GLOBAL_UNIT_ASSIGNED_CONTEXT ( ( #8922, #8921, #8903 ) ) REPRESENTATION_CONTEXT ( 'NONE', 'WORKASPACE' ) );
#7885 = PLANE ( 'NONE',  #7880 ) ;
#7886 = CARTESIAN_POINT ( 'NONE',  ( -6.338434553880310000, 1.475838654401051800, -4.101161967012240300 ) ) ;
#7887 = DIRECTION ( 'NONE',  ( -8.755923056616228400E-016, 0.0000000000000000000, 1.000000000000000000 ) ) ;
#7888 = DIRECTION ( 'NONE',  ( 0.0000000000000000000, -3.916066504679277800E-017, -1.000000000000000000 ) ) ;
#7889 = DIRECTION ( 'NONE',  ( 1.000000000000000000, 6.697912673203520900E-017, 4.908584475015948200E-016 ) ) ;
#7890 = DIRECTION ( 'NONE',  ( -5.463695987328535300E-016, 0.0000000000000000000, 1.000000000000000000 ) ) ;
#7891 = UNCERTAINTY_MEASURE_WITH_UNIT (LENGTH_MEASURE( 1.000000000000000100E-005 ), #7855, 'distance_accuracy_value', 'NONE');
#7892 =( GEOMETRIC_REPRESENTATION_CONTEXT ( 3 ) GLOBAL_UNCERTAINTY_ASSIGNED_CONTEXT ( ( #8138 ) ) GLOBAL_UNIT_ASSIGNED_CONTEXT ( ( #8133, #8132, #8139 ) ) REPRESENTATION_CONTEXT ( 'NONE', 'WORKASPACE' ) );
#7893 =( GEOMETRIC_REPRESENTATION_CONTEXT ( 3 ) GLOBAL_UNCERTAINTY_ASSIGNED_CONTEXT ( ( #7891 ) ) GLOBAL_UNIT_ASSIGNED_CONTEXT ( ( #7855, #7867, #7869 ) ) REPRESENTATION_CONTEXT ( 'NONE', 'WORKASPACE' ) );
#7894 = DIRECTION ( 'NONE',  ( 1.250846150945177000E-016, 1.000000000000000000, -3.916066504679275300E-017 ) ) ;
#7895 = AXIS2_PLACEMENT_3D ( 'NONE', #7898, #7897, #7894 ) ;
#7896 = PLANE ( 'NONE',  #7895 ) ;
#7897 = DIRECTION ( 'NONE',  ( -1.000000000000000000, 1.250846150945177000E-016, -1.224606353822377300E-016 ) ) ;
#7898 = CARTESIAN_POINT ( 'NONE',  ( 18.29956544611969300, 9.054763847188317200, -3.720016832421813500 ) ) ;
#7899 = CARTESIAN_POINT ( 'NONE',  ( 18.29956544611969000, 7.105539768064542000, -1.435738998788315800 ) ) ;
#7900 = UNCERTAINTY_MEASURE_WITH_UNIT (LENGTH_MEASURE( 1.000000000000000100E-005 ), #8196, 'distance_accuracy_value', 'NONE');
#7901 = DIRECTION ( 'NONE',  ( -1.000000000000000000, 1.250846150945177000E-016, -1.224606353822377300E-016 ) ) ;
#7902 = AXIS2_PLACEMENT_3D ( 'NONE', #7899, #7901, #7907 ) ;
#7903 = DIRECTION ( 'NONE',  ( 1.000000000000000000, -1.025995147548117200E-016, 1.704914628169914000E-016 ) ) ;
#7904 = CARTESIAN_POINT ( 'NONE',  ( 18.29956544611969300, 9.485527622608367800, -2.799854580541277100 ) ) ;
#7905 = AXIS2_PLACEMENT_3D ( 'NONE', #7904, #7903, #7858 ) ;
#7906 = PLANE ( 'NONE',  #7902 ) ;
#7907 = DIRECTION ( 'NONE',  ( 1.250846150945177000E-016, 1.000000000000000000, -3.916066504679275300E-017 ) ) ;
#7908 = PLANE ( 'NONE',  #7905 ) ;
#7909 = CIRCLE ( 'NONE', #7920, 0.6858000000000000800 ) ;
#7910 = VECTOR ( 'NONE', #7911, 1000.000000000000100 ) ;
#7911 = DIRECTION ( 'NONE',  ( 1.084094292147379800E-016, -0.4650976089534154500, -0.8852594050027459100 ) ) ;
#7912 = LINE ( 'NONE', #7936, #7910 ) ;
#7913 = LINE ( 'NONE', #7917, #7916 ) ;
#7914 = FACE_OUTER_BOUND ( 'NONE', #5526, .T. ) ;
#7915 = DIRECTION ( 'NONE',  ( 1.109091082874421100E-016, -0.4239800939173774000, -0.9056715077564336800 ) ) ;
#7916 = VECTOR ( 'NONE', #7915, 999.9999999999998900 ) ;
#7917 = CARTESIAN_POINT ( 'NONE',  ( 18.29956544611969300, 9.485527622608366000, -2.799854580541274900 ) ) ;
#7918 = FILL_AREA_STYLE_COLOUR ( '', #7928 ) ;
#7919 = CARTESIAN_POINT ( 'NONE',  ( 11.18756544611969200, 1.161939768064540900, 2.045783167578186100 ) ) ;
#7920 = AXIS2_PLACEMENT_3D ( 'NONE', #7919, #7929, #7921 ) ;
#7921 = DIRECTION ( 'NONE',  ( 0.0000000000000000000, 0.0000000000000000000, -1.000000000000000000 ) ) ;
#7922 = STYLED_ITEM ( 'NONE', ( #7923 ), #5502 ) ;
#7923 = PRESENTATION_STYLE_ASSIGNMENT (( #7924 ) ) ;
#7924 = SURFACE_STYLE_USAGE ( .BOTH. , #7925 ) ;
#7925 = SURFACE_SIDE_STYLE ('',( #7926 ) ) ;
#7926 = SURFACE_STYLE_FILL_AREA ( #7927 ) ;
#7927 = FILL_AREA_STYLE ('',( #7918 ) ) ;
#7928 = COLOUR_RGB ( '',0.8313725490196077800, 0.8392156862745098200, 0.8274509803921568100 ) ;
#7929 = DIRECTION ( 'NONE',  ( -1.000000000000000000, 5.872771121110819100E-049, -1.224606353822377300E-016 ) ) ;
#7930 =( NAMED_UNIT ( * ) PLANE_ANGLE_UNIT ( ) SI_UNIT ( $, .RADIAN. ) );
#7931 =( LENGTH_UNIT ( ) NAMED_UNIT ( * ) SI_UNIT ( .MILLI., .METRE. ) );
#7932 = MECHANICAL_DESIGN_GEOMETRIC_PRESENTATION_REPRESENTATION (  '', ( #7922 ), #7856 ) ;
#7933 = PRESENTATION_LAYER_ASSIGNMENT (  '', '', ( #7922 ) ) ;
#7934 = UNCERTAINTY_MEASURE_WITH_UNIT (LENGTH_MEASURE( 1.000000000000000100E-005 ), #7931, 'distance_accuracy_value', 'NONE');
#7935 =( NAMED_UNIT ( * ) SI_UNIT ( $, .STERADIAN. ) SOLID_ANGLE_UNIT ( ) );
#7936 = CARTESIAN_POINT ( 'NONE',  ( 11.18756544611969200, 8.818494261839982000, 1.824671389836791700 ) ) ;
#7937 = PRESENTATION_LAYER_ASSIGNMENT (  '', '', ( #7938 ) ) ;
#7938 = STYLED_ITEM ( 'NONE', ( #7939 ), #5527 ) ;
#7939 = PRESENTATION_STYLE_ASSIGNMENT (( #7940 ) ) ;
#7940 = SURFACE_STYLE_USAGE ( .BOTH. , #7943 ) ;
#7941 =( GEOMETRIC_REPRESENTATION_CONTEXT ( 3 ) GLOBAL_UNCERTAINTY_ASSIGNED_CONTEXT ( ( #7969 ) ) GLOBAL_UNIT_ASSIGNED_CONTEXT ( ( #7952, #7950, #7954 ) ) REPRESENTATION_CONTEXT ( 'NONE', 'WORKASPACE' ) );
#7942 = MECHANICAL_DESIGN_GEOMETRIC_PRESENTATION_REPRESENTATION (  '', ( #7956 ), #7941 ) ;
#7943 = SURFACE_SIDE_STYLE ('',( #7944 ) ) ;
#7944 = SURFACE_STYLE_FILL_AREA ( #7945 ) ;
#7945 = FILL_AREA_STYLE ('',( #7946 ) ) ;
#7946 = FILL_AREA_STYLE_COLOUR ( '', #7958 ) ;
#7947 = DIRECTION ( 'NONE',  ( 1.250846150945177000E-016, 1.000000000000000000, -3.916066504679275300E-017 ) ) ;
#7948 = DIRECTION ( 'NONE',  ( -1.000000000000000000, 1.250846150945177000E-016, -1.224606353822377300E-016 ) ) ;
#7949 =( NAMED_UNIT ( * ) SI_UNIT ( $, .STERADIAN. ) SOLID_ANGLE_UNIT ( ) );
#7950 =( NAMED_UNIT ( * ) PLANE_ANGLE_UNIT ( ) SI_UNIT ( $, .RADIAN. ) );
#7951 = FILL_AREA_STYLE_COLOUR ( '', #7970 ) ;
#7952 =( LENGTH_UNIT ( ) NAMED_UNIT ( * ) SI_UNIT ( .MILLI., .METRE. ) );
#7953 = FILL_AREA_STYLE ('',( #7951 ) ) ;
#7954 =( NAMED_UNIT ( * ) SI_UNIT ( $, .STERADIAN. ) SOLID_ANGLE_UNIT ( ) );
#7955 =( NAMED_UNIT ( * ) PLANE_ANGLE_UNIT ( ) SI_UNIT ( $, .RADIAN. ) );
#7956 = STYLED_ITEM ( 'NONE', ( #7964 ), #5514 ) ;
#7957 = FACE_OUTER_BOUND ( 'NONE', #5515, .T. ) ;
#7958 = COLOUR_RGB ( '',0.8313725490196077800, 0.8392156862745098200, 0.8274509803921568100 ) ;
#7959 = FACE_OUTER_BOUND ( 'NONE', #5528, .T. ) ;
#7960 = SURFACE_STYLE_USAGE ( .BOTH. , #7966 ) ;
#7961 = VECTOR ( 'NONE', #7971, 1000.000000000000100 ) ;
#7962 = UNCERTAINTY_MEASURE_WITH_UNIT (LENGTH_MEASURE( 1.000000000000000100E-005 ), #7965, 'distance_accuracy_value', 'NONE');
#7963 = LINE ( 'NONE', #7967, #7961 ) ;
#7964 = PRESENTATION_STYLE_ASSIGNMENT (( #7960 ) ) ;
#7965 =( LENGTH_UNIT ( ) NAMED_UNIT ( * ) SI_UNIT ( .MILLI., .METRE. ) );
#7966 = SURFACE_SIDE_STYLE ('',( #7975 ) ) ;
#7967 = CARTESIAN_POINT ( 'NONE',  ( 18.29956544611969300, 10.18994912210491300, 2.244897818532164200 ) ) ;
#7968 = PRESENTATION_LAYER_ASSIGNMENT (  '', '', ( #7956 ) ) ;
#7969 = UNCERTAINTY_MEASURE_WITH_UNIT (LENGTH_MEASURE( 1.000000000000000100E-005 ), #7952, 'distance_accuracy_value', 'NONE');
#7970 = COLOUR_RGB ( '',0.8313725490196077800, 0.8392156862745098200, 0.8274509803921568100 ) ;
#7971 = DIRECTION ( 'NONE',  ( -1.109091082874420800E-016, -0.4239800939173768400, 0.9056715077564337900 ) ) ;
#7972 = CARTESIAN_POINT ( 'NONE',  ( 18.29956544611969000, 4.819539768064540700, 2.076907439440272900 ) ) ;
#7973 = AXIS2_PLACEMENT_3D ( 'NONE', #7972, #7948, #7947 ) ;
#7974 = PLANE ( 'NONE',  #7973 ) ;
#7975 = SURFACE_STYLE_FILL_AREA ( #7953 ) ;
#7976 = MECHANICAL_DESIGN_GEOMETRIC_PRESENTATION_REPRESENTATION (  '', ( #7938 ), #7991 ) ;
#7977 = STYLED_ITEM ( 'NONE', ( #7978 ), #5535 ) ;
#7978 = PRESENTATION_STYLE_ASSIGNMENT (( #7979 ) ) ;
#7979 = SURFACE_STYLE_USAGE ( .BOTH. , #7980 ) ;
#7980 = SURFACE_SIDE_STYLE ('',( #7981 ) ) ;
#7981 = SURFACE_STYLE_FILL_AREA ( #7982 ) ;
#7982 = FILL_AREA_STYLE ('',( #7983 ) ) ;
#7983 = FILL_AREA_STYLE_COLOUR ( '', #7987 ) ;
#7984 = DIRECTION ( 'NONE',  ( 0.6712839649510509200, 0.7412002687530518900, 5.317996541258244600E-017 ) ) ;
#7985 = DIRECTION ( 'NONE',  ( -0.7071067811865474600, 0.6404064646620195600, 0.2997991994970864400 ) ) ;
#7986 = AXIS2_PLACEMENT_3D ( 'NONE', #7989, #7985, #7984 ) ;
#7987 = COLOUR_RGB ( '',0.8313725490196077800, 0.8392156862745098200, 0.8274509803921568100 ) ;
#7988 = FACE_OUTER_BOUND ( 'NONE', #5539, .T. ) ;
#7989 = CARTESIAN_POINT ( 'NONE',  ( 11.18756544611969200, 9.974567234394887900, 2.704978944472430600 ) ) ;
#7990 = PLANE ( 'NONE',  #7986 ) ;
#7991 =( GEOMETRIC_REPRESENTATION_CONTEXT ( 3 ) GLOBAL_UNCERTAINTY_ASSIGNED_CONTEXT ( ( #7962 ) ) GLOBAL_UNIT_ASSIGNED_CONTEXT ( ( #7965, #7955, #7949 ) ) REPRESENTATION_CONTEXT ( 'NONE', 'WORKASPACE' ) );
#7992 = LINE ( 'NONE', #7996, #7995 ) ;
#7993 = CARTESIAN_POINT ( 'NONE',  ( 18.29956544611969000, 4.552321655774579600, 1.643108271332257300 ) ) ;
#7994 = DIRECTION ( 'NONE',  ( -1.224606353822377300E-016, 3.916066504679276500E-017, 1.000000000000000000 ) ) ;
#7995 = VECTOR ( 'NONE', #7994, 1000.000000000000000 ) ;
#7996 = CARTESIAN_POINT ( 'NONE',  ( 18.29956544611969000, 5.911739768064540700, 1.506278431479560500 ) ) ;
#7997 = DIRECTION ( 'NONE',  ( 1.088798142361792800E-016, -0.4577119952413404300, -0.8891005170464085800 ) ) ;
#7998 = LINE ( 'NONE', #7993, #7999 ) ;
#7999 = VECTOR ( 'NONE', #7997, 1000.000000000000100 ) ;
#8000 =( GEOMETRIC_REPRESENTATION_CONTEXT ( 3 ) GLOBAL_UNCERTAINTY_ASSIGNED_CONTEXT ( ( #8016 ) ) GLOBAL_UNIT_ASSIGNED_CONTEXT ( ( #8005, #8028, #8017 ) ) REPRESENTATION_CONTEXT ( 'NONE', 'WORKASPACE' ) );
#8001 = AXIS2_PLACEMENT_3D ( 'NONE', #8009, #8008, #8007 ) ;
#8002 = PLANE ( 'NONE',  #8001 ) ;
#8003 = SURFACE_SIDE_STYLE ('',( #8015 ) ) ;
#8004 = FILL_AREA_STYLE ('',( #8024 ) ) ;
#8005 =( LENGTH_UNIT ( ) NAMED_UNIT ( * ) SI_UNIT ( .MILLI., .METRE. ) );
#8006 = CARTESIAN_POINT ( 'NONE',  ( 19.06156544611969400, 1.161939768064540900, 2.045783167578187000 ) ) ;
#8007 = DIRECTION ( 'NONE',  ( -1.224606353822377300E-016, 3.916066504679276500E-017, 1.000000000000000000 ) ) ;
#8008 = DIRECTION ( 'NONE',  ( -1.000000000000000000, 6.842277657836020900E-049, -1.224606353822377300E-016 ) ) ;
#8009 = CARTESIAN_POINT ( 'NONE',  ( 11.18756544611969200, 1.475838654401052200, 2.655528302168613100 ) ) ;
#8010 = COLOUR_RGB ( '',0.8313725490196077800, 0.8392156862745098200, 0.8274509803921568100 ) ;
#8011 = STYLED_ITEM ( 'NONE', ( #8033 ), #5492 ) ;
#8012 = DIRECTION ( 'NONE',  ( 0.0000000000000000000, 0.0000000000000000000, 1.000000000000000000 ) ) ;
#8013 = CYLINDRICAL_SURFACE ( 'NONE', #8039, 1.193800000000000000 ) ;
#8014 = UNCERTAINTY_MEASURE_WITH_UNIT (LENGTH_MEASURE( 1.000000000000000100E-005 ), #8036, 'distance_accuracy_value', 'NONE');
#8015 = SURFACE_STYLE_FILL_AREA ( #8004 ) ;
#8016 = UNCERTAINTY_MEASURE_WITH_UNIT (LENGTH_MEASURE( 1.000000000000000100E-005 ), #8005, 'distance_accuracy_value', 'NONE');
#8017 =( NAMED_UNIT ( * ) SI_UNIT ( $, .STERADIAN. ) SOLID_ANGLE_UNIT ( ) );
#8018 = MECHANICAL_DESIGN_GEOMETRIC_PRESENTATION_REPRESENTATION (  '', ( #8020 ), #8000 ) ;
#8019 = PRESENTATION_LAYER_ASSIGNMENT (  '', '', ( #8020 ) ) ;
#8020 = STYLED_ITEM ( 'NONE', ( #8021 ), #5496 ) ;
#8021 = PRESENTATION_STYLE_ASSIGNMENT (( #8042 ) ) ;
#8022 = SURFACE_STYLE_USAGE ( .BOTH. , #8003 ) ;
#8023 = DIRECTION ( 'NONE',  ( -1.000000000000000000, 5.872771121110819100E-049, -1.224606353822377300E-016 ) ) ;
#8024 = FILL_AREA_STYLE_COLOUR ( '', #8010 ) ;
#8025 = CYLINDRICAL_SURFACE ( 'NONE', #8041, 0.6857999999999998500 ) ;
#8026 = PRESENTATION_LAYER_ASSIGNMENT (  '', '', ( #8011 ) ) ;
#8027 = FACE_OUTER_BOUND ( 'NONE', #5381, .T. ) ;
#8028 =( NAMED_UNIT ( * ) PLANE_ANGLE_UNIT ( ) SI_UNIT ( $, .RADIAN. ) );
#8029 = CARTESIAN_POINT ( 'NONE',  ( 19.06156544611969400, 1.161939768064540900, 2.045783167578187000 ) ) ;
#8030 = COLOUR_RGB ( '',0.8313725490196077800, 0.8392156862745098200, 0.8274509803921568100 ) ;
#8031 = FACE_OUTER_BOUND ( 'NONE', #5497, .T. ) ;
#8032 =( GEOMETRIC_REPRESENTATION_CONTEXT ( 3 ) GLOBAL_UNCERTAINTY_ASSIGNED_CONTEXT ( ( #8014 ) ) GLOBAL_UNIT_ASSIGNED_CONTEXT ( ( #8036, #8035, #8040 ) ) REPRESENTATION_CONTEXT ( 'NONE', 'WORKASPACE' ) );
#8033 = PRESENTATION_STYLE_ASSIGNMENT (( #8022 ) ) ;
#8034 = MECHANICAL_DESIGN_GEOMETRIC_PRESENTATION_REPRESENTATION (  '', ( #8011 ), #8032 ) ;
#8035 =( NAMED_UNIT ( * ) PLANE_ANGLE_UNIT ( ) SI_UNIT ( $, .RADIAN. ) );
#8036 =( LENGTH_UNIT ( ) NAMED_UNIT ( * ) SI_UNIT ( .MILLI., .METRE. ) );
#8037 = DIRECTION ( 'NONE',  ( 0.0000000000000000000, 0.0000000000000000000, 1.000000000000000000 ) ) ;
#8038 = DIRECTION ( 'NONE',  ( -1.000000000000000000, 5.872771121110819100E-049, -1.224606353822377300E-016 ) ) ;
#8039 = AXIS2_PLACEMENT_3D ( 'NONE', #8029, #8038, #8037 ) ;
#8040 =( NAMED_UNIT ( * ) SI_UNIT ( $, .STERADIAN. ) SOLID_ANGLE_UNIT ( ) );
#8041 = AXIS2_PLACEMENT_3D ( 'NONE', #8006, #8023, #8012 ) ;
#8042 = SURFACE_STYLE_USAGE ( .BOTH. , #8043 ) ;
#8043 = SURFACE_SIDE_STYLE ('',( #8044 ) ) ;
#8044 = SURFACE_STYLE_FILL_AREA ( #8045 ) ;
#8045 = FILL_AREA_STYLE ('',( #8046 ) ) ;
#8046 = FILL_AREA_STYLE_COLOUR ( '', #8030 ) ;
#8047 = STYLED_ITEM ( 'NONE', ( #8056 ), #5546 ) ;
#8048 = UNCERTAINTY_MEASURE_WITH_UNIT (LENGTH_MEASURE( 1.000000000000000100E-005 ), #8075, 'distance_accuracy_value', 'NONE');
#8049 = SURFACE_STYLE_USAGE ( .BOTH. , #8070 ) ;
#8050 = SURFACE_SIDE_STYLE ('',( #8051 ) ) ;
#8051 = SURFACE_STYLE_FILL_AREA ( #8052 ) ;
#8052 = FILL_AREA_STYLE ('',( #8053 ) ) ;
#8053 = FILL_AREA_STYLE_COLOUR ( '', #8067 ) ;
#8054 = DIRECTION ( 'NONE',  ( -0.6712839649510506900, 0.7412002687530520100, -1.112317563270445100E-016 ) ) ;
#8055 = DIRECTION ( 'NONE',  ( -0.7071067811865474600, -0.6404064646620193400, -0.2997991994970865500 ) ) ;
#8056 = PRESENTATION_STYLE_ASSIGNMENT (( #8049 ) ) ;
#8057 = PRESENTATION_LAYER_ASSIGNMENT (  '', '', ( #8047 ) ) ;
#8058 = PLANE ( 'NONE',  #8066 ) ;
#8059 =( GEOMETRIC_REPRESENTATION_CONTEXT ( 3 ) GLOBAL_UNCERTAINTY_ASSIGNED_CONTEXT ( ( #8069 ) ) GLOBAL_UNIT_ASSIGNED_CONTEXT ( ( #8090, #8063, #8062 ) ) REPRESENTATION_CONTEXT ( 'NONE', 'WORKASPACE' ) );
#8060 = FILL_AREA_STYLE_COLOUR ( '', #8061 ) ;
#8061 = COLOUR_RGB ( '',0.8313725490196077800, 0.8392156862745098200, 0.8274509803921568100 ) ;
#8062 =( NAMED_UNIT ( * ) SI_UNIT ( $, .STERADIAN. ) SOLID_ANGLE_UNIT ( ) );
#8063 =( NAMED_UNIT ( * ) PLANE_ANGLE_UNIT ( ) SI_UNIT ( $, .RADIAN. ) );
#8064 = SURFACE_STYLE_FILL_AREA ( #8089 ) ;
#8065 = CARTESIAN_POINT ( 'NONE',  ( 17.10576544611969000, 11.27113976806454300, 2.751045254650729800 ) ) ;
#8066 = AXIS2_PLACEMENT_3D ( 'NONE', #8065, #8055, #8054 ) ;
#8067 = COLOUR_RGB ( '',0.8313725490196077800, 0.8392156862745098200, 0.8274509803921568100 ) ;
#8068 = FACE_OUTER_BOUND ( 'NONE', #5551, .T. ) ;
#8069 = UNCERTAINTY_MEASURE_WITH_UNIT (LENGTH_MEASURE( 1.000000000000000100E-005 ), #8090, 'distance_accuracy_value', 'NONE');
#8070 = SURFACE_SIDE_STYLE ('',( #8064 ) ) ;
#8071 = FACE_OUTER_BOUND ( 'NONE', #5503, .T. ) ;
#8072 = DIRECTION ( 'NONE',  ( -1.088798142361792900E-016, -0.4577119952413403700, 0.8891005170464086900 ) ) ;
#8073 = VECTOR ( 'NONE', #8072, 1000.000000000000000 ) ;
#8074 = CARTESIAN_POINT ( 'NONE',  ( 18.29956544611969000, 4.587022074481939000, -3.070878041624323100 ) ) ;
#8075 =( LENGTH_UNIT ( ) NAMED_UNIT ( * ) SI_UNIT ( .MILLI., .METRE. ) );
#8076 =( NAMED_UNIT ( * ) SI_UNIT ( $, .STERADIAN. ) SOLID_ANGLE_UNIT ( ) );
#8077 =( NAMED_UNIT ( * ) PLANE_ANGLE_UNIT ( ) SI_UNIT ( $, .RADIAN. ) );
#8078 = MECHANICAL_DESIGN_GEOMETRIC_PRESENTATION_REPRESENTATION (  '', ( #8047 ), #8059 ) ;
#8079 = DIRECTION ( 'NONE',  ( 0.6644521835340654300, -0.6644521835340729800, -0.3420622627441021200 ) ) ;
#8080 = DIRECTION ( 'NONE',  ( 0.7473307807101301500, 0.5907647799327527800, 0.3041277346678424300 ) ) ;
#8081 = CARTESIAN_POINT ( 'NONE',  ( 20.22434993225553200, 2.627537169638718400, -4.079627590461064400 ) ) ;
#8082 = AXIS2_PLACEMENT_3D ( 'NONE', #8081, #8080, #8079 ) ;
#8083 = LINE ( 'NONE', #8074, #8073 ) ;
#8084 = MECHANICAL_DESIGN_GEOMETRIC_PRESENTATION_REPRESENTATION (  '', ( #8086 ), #8092 ) ;
#8085 = PRESENTATION_LAYER_ASSIGNMENT (  '', '', ( #8086 ) ) ;
#8086 = STYLED_ITEM ( 'NONE', ( #8087 ), #5550 ) ;
#8087 = PRESENTATION_STYLE_ASSIGNMENT (( #8088 ) ) ;
#8088 = SURFACE_STYLE_USAGE ( .BOTH. , #8050 ) ;
#8089 = FILL_AREA_STYLE ('',( #8060 ) ) ;
#8090 =( LENGTH_UNIT ( ) NAMED_UNIT ( * ) SI_UNIT ( .MILLI., .METRE. ) );
#8091 = PLANE ( 'NONE',  #8082 ) ;
#8092 =( GEOMETRIC_REPRESENTATION_CONTEXT ( 3 ) GLOBAL_UNCERTAINTY_ASSIGNED_CONTEXT ( ( #8048 ) ) GLOBAL_UNIT_ASSIGNED_CONTEXT ( ( #8075, #8077, #8076 ) ) REPRESENTATION_CONTEXT ( 'NONE', 'WORKASPACE' ) );
#8093 = UNCERTAINTY_MEASURE_WITH_UNIT (LENGTH_MEASURE( 1.000000000000000100E-005 ), #8102, 'distance_accuracy_value', 'NONE');
#8094 =( NAMED_UNIT ( * ) SI_UNIT ( $, .STERADIAN. ) SOLID_ANGLE_UNIT ( ) );
#8095 = FILL_AREA_STYLE_COLOUR ( '', #8124 ) ;
#8096 = FACE_OUTER_BOUND ( 'NONE', #5558, .T. ) ;
#8097 = DIRECTION ( 'NONE',  ( 1.250846150945177000E-016, 1.000000000000000000, -3.916066504679275300E-017 ) ) ;
#8098 = DIRECTION ( 'NONE',  ( -1.000000000000000000, 1.250846150945177000E-016, -1.224606353822377300E-016 ) ) ;
#8099 = CARTESIAN_POINT ( 'NONE',  ( 18.29956544611969000, 4.819539768064540700, -3.522541104283898300 ) ) ;
#8100 = FACE_OUTER_BOUND ( 'NONE', #5575, .T. ) ;
#8101 = SURFACE_STYLE_USAGE ( .BOTH. , #8125 ) ;
#8102 =( LENGTH_UNIT ( ) NAMED_UNIT ( * ) SI_UNIT ( .MILLI., .METRE. ) );
#8103 = STYLED_ITEM ( 'NONE', ( #8104 ), #5557 ) ;
#8104 = PRESENTATION_STYLE_ASSIGNMENT (( #8101 ) ) ;
#8105 =( LENGTH_UNIT ( ) NAMED_UNIT ( * ) SI_UNIT ( .MILLI., .METRE. ) );
#8106 = MECHANICAL_DESIGN_GEOMETRIC_PRESENTATION_REPRESENTATION (  '', ( #8126 ), #8112 ) ;
#8107 = PRESENTATION_LAYER_ASSIGNMENT (  '', '', ( #8126 ) ) ;
#8108 = AXIS2_PLACEMENT_3D ( 'NONE', #8099, #8098, #8097 ) ;
#8109 = MECHANICAL_DESIGN_GEOMETRIC_PRESENTATION_REPRESENTATION (  '', ( #8103 ), #8116 ) ;
#8110 = PRESENTATION_LAYER_ASSIGNMENT (  '', '', ( #8103 ) ) ;
#8111 = UNCERTAINTY_MEASURE_WITH_UNIT (LENGTH_MEASURE( 1.000000000000000100E-005 ), #7863, 'distance_accuracy_value', 'NONE');
#8112 =( GEOMETRIC_REPRESENTATION_CONTEXT ( 3 ) GLOBAL_UNCERTAINTY_ASSIGNED_CONTEXT ( ( #8119 ) ) GLOBAL_UNIT_ASSIGNED_CONTEXT ( ( #8105, #8122, #8120 ) ) REPRESENTATION_CONTEXT ( 'NONE', 'WORKASPACE' ) );
#8113 = FILL_AREA_STYLE ('',( #8117 ) ) ;
#8114 = COLOUR_RGB ( '',0.8313725490196077800, 0.8392156862745098200, 0.8274509803921568100 ) ;
#8115 = PLANE ( 'NONE',  #8108 ) ;
#8116 =( GEOMETRIC_REPRESENTATION_CONTEXT ( 3 ) GLOBAL_UNCERTAINTY_ASSIGNED_CONTEXT ( ( #8093 ) ) GLOBAL_UNIT_ASSIGNED_CONTEXT ( ( #8102, #8118, #8094 ) ) REPRESENTATION_CONTEXT ( 'NONE', 'WORKASPACE' ) );
#8117 = FILL_AREA_STYLE_COLOUR ( '', #8114 ) ;
#8118 =( NAMED_UNIT ( * ) PLANE_ANGLE_UNIT ( ) SI_UNIT ( $, .RADIAN. ) );
#8119 = UNCERTAINTY_MEASURE_WITH_UNIT (LENGTH_MEASURE( 1.000000000000000100E-005 ), #8105, 'distance_accuracy_value', 'NONE');
#8120 =( NAMED_UNIT ( * ) SI_UNIT ( $, .STERADIAN. ) SOLID_ANGLE_UNIT ( ) );
#8121 = SURFACE_STYLE_FILL_AREA ( #8113 ) ;
#8122 =( NAMED_UNIT ( * ) PLANE_ANGLE_UNIT ( ) SI_UNIT ( $, .RADIAN. ) );
#8123 = FILL_AREA_STYLE ('',( #8095 ) ) ;
#8124 = COLOUR_RGB ( '',0.8313725490196077800, 0.8392156862745098200, 0.8274509803921568100 ) ;
#8125 = SURFACE_SIDE_STYLE ('',( #8121 ) ) ;
#8126 = STYLED_ITEM ( 'NONE', ( #8127 ), #5559 ) ;
#8127 = PRESENTATION_STYLE_ASSIGNMENT (( #8128 ) ) ;
#8128 = SURFACE_STYLE_USAGE ( .BOTH. , #8129 ) ;
#8129 = SURFACE_SIDE_STYLE ('',( #8130 ) ) ;
#8130 = SURFACE_STYLE_FILL_AREA ( #8123 ) ;
#8131 = FACE_OUTER_BOUND ( 'NONE', #5512, .T. ) ;
#8132 =( NAMED_UNIT ( * ) PLANE_ANGLE_UNIT ( ) SI_UNIT ( $, .RADIAN. ) );
#8133 =( LENGTH_UNIT ( ) NAMED_UNIT ( * ) SI_UNIT ( .MILLI., .METRE. ) );
#8134 = PRESENTATION_LAYER_ASSIGNMENT (  '', '', ( #8156 ) ) ;
#8135 = UNCERTAINTY_MEASURE_WITH_UNIT (LENGTH_MEASURE( 1.000000000000000100E-005 ), #8160, 'distance_accuracy_value', 'NONE');
#8136 = DIRECTION ( 'NONE',  ( -5.516109419576038000E-017, -0.8891005170464086900, -0.4577119952413403700 ) ) ;
#8137 = FILL_AREA_STYLE_COLOUR ( '', #8174 ) ;
#8138 = UNCERTAINTY_MEASURE_WITH_UNIT (LENGTH_MEASURE( 1.000000000000000100E-005 ), #8133, 'distance_accuracy_value', 'NONE');
#8139 =( NAMED_UNIT ( * ) SI_UNIT ( $, .STERADIAN. ) SOLID_ANGLE_UNIT ( ) );
#8140 = SURFACE_SIDE_STYLE ('',( #8155 ) ) ;
#8141 = LINE ( 'NONE', #8173, #8162 ) ;
#8142 = SURFACE_STYLE_USAGE ( .BOTH. , #8143 ) ;
#8143 = SURFACE_SIDE_STYLE ('',( #8144 ) ) ;
#8144 = SURFACE_STYLE_FILL_AREA ( #8145 ) ;
#8145 = FILL_AREA_STYLE ('',( #8166 ) ) ;
#8146 = MECHANICAL_DESIGN_GEOMETRIC_PRESENTATION_REPRESENTATION (  '', ( #8156 ), #8169 ) ;
#8147 = FACE_OUTER_BOUND ( 'NONE', #5572, .T. ) ;
#8148 = MECHANICAL_DESIGN_GEOMETRIC_PRESENTATION_REPRESENTATION (  '', ( #8164 ), #7892 ) ;
#8149 =( NAMED_UNIT ( * ) PLANE_ANGLE_UNIT ( ) SI_UNIT ( $, .RADIAN. ) );
#8150 =( NAMED_UNIT ( * ) SI_UNIT ( $, .STERADIAN. ) SOLID_ANGLE_UNIT ( ) );
#8151 = PRESENTATION_STYLE_ASSIGNMENT (( #8175 ) ) ;
#8152 = CARTESIAN_POINT ( 'NONE',  ( 11.18756544611969200, 5.096630677155449300, 1.651132113594382600 ) ) ;
#8153 = FILL_AREA_STYLE ('',( #8137 ) ) ;
#8154 = VECTOR ( 'NONE', #8159, 1000.000000000000100 ) ;
#8155 = SURFACE_STYLE_FILL_AREA ( #8153 ) ;
#8156 = STYLED_ITEM ( 'NONE', ( #8151 ), #5571 ) ;
#8157 = AXIS2_PLACEMENT_3D ( 'NONE', #8178, #8177, #8136 ) ;
#8158 = PLANE ( 'NONE',  #8157 ) ;
#8159 = DIRECTION ( 'NONE',  ( 1.026392065613521100E-016, 0.5454545454545476300, -0.8381404052084429100 ) ) ;
#8160 =( LENGTH_UNIT ( ) NAMED_UNIT ( * ) SI_UNIT ( .MILLI., .METRE. ) );
#8161 = LINE ( 'NONE', #8152, #8154 ) ;
#8162 = VECTOR ( 'NONE', #8176, 1000.000000000000000 ) ;
#8163 = PRESENTATION_LAYER_ASSIGNMENT (  '', '', ( #8164 ) ) ;
#8164 = STYLED_ITEM ( 'NONE', ( #8165 ), #5576 ) ;
#8165 = PRESENTATION_STYLE_ASSIGNMENT (( #8142 ) ) ;
#8166 = FILL_AREA_STYLE_COLOUR ( '', #8167 ) ;
#8167 = COLOUR_RGB ( '',0.8313725490196077800, 0.8392156862745098200, 0.8274509803921568100 ) ;
#8168 = DIRECTION ( 'NONE',  ( -1.109091082874421800E-016, 0.4239800939173769500, 0.9056715077564337900 ) ) ;
#8169 =( GEOMETRIC_REPRESENTATION_CONTEXT ( 3 ) GLOBAL_UNCERTAINTY_ASSIGNED_CONTEXT ( ( #8135 ) ) GLOBAL_UNIT_ASSIGNED_CONTEXT ( ( #8160, #8149, #8150 ) ) REPRESENTATION_CONTEXT ( 'NONE', 'WORKASPACE' ) );
#8170 = VECTOR ( 'NONE', #8168, 1000.000000000000100 ) ;
#8171 = CARTESIAN_POINT ( 'NONE',  ( 18.29956544611969300, 10.40533100981494000, -3.230450357435522300 ) ) ;
#8172 = LINE ( 'NONE', #8171, #8170 ) ;
#8173 = CARTESIAN_POINT ( 'NONE',  ( 18.29956544611969000, 4.552321655774579600, -3.088741936175884100 ) ) ;
#8174 = COLOUR_RGB ( '',0.8313725490196077800, 0.8392156862745098200, 0.8274509803921568100 ) ;
#8175 = SURFACE_STYLE_USAGE ( .BOTH. , #8140 ) ;
#8176 = DIRECTION ( 'NONE',  ( -1.088798142361792900E-016, -0.4577119952413403700, 0.8891005170464086900 ) ) ;
#8177 = DIRECTION ( 'NONE',  ( 1.000000000000000000, -9.887935438584433200E-017, 7.155720464926695300E-017 ) ) ;
#8178 = CARTESIAN_POINT ( 'NONE',  ( 18.29956544611969300, 1.708356347983652500, -4.552825029671815600 ) ) ;
#8179 = VECTOR ( 'NONE', #8184, 1000.000000000000100 ) ;
#8180 = LINE ( 'NONE', #8185, #8179 ) ;
#8181 = COLOUR_RGB ( '',0.8313725490196077800, 0.8392156862745098200, 0.8274509803921568100 ) ;
#8182 = VECTOR ( 'NONE', #8187, 1000.000000000000100 ) ;
#8183 = CIRCLE ( 'NONE', #8193, 0.2580747173118180800 ) ;
#8184 = DIRECTION ( 'NONE',  ( 1.088798142361792800E-016, -0.4577119952413404300, -0.8891005170464085800 ) ) ;
#8185 = CARTESIAN_POINT ( 'NONE',  ( 18.29956544611969000, 4.587022074481939000, 1.625244376780697400 ) ) ;
#8186 = CARTESIAN_POINT ( 'NONE',  ( 18.29956544611969300, 9.270145734898340700, 1.814302041637919000 ) ) ;
#8187 = DIRECTION ( 'NONE',  ( 1.109091082874421100E-016, 0.4239800939173772900, -0.9056715077564336800 ) ) ;
#8188 = LINE ( 'NONE', #8186, #8182 ) ;
#8189 = FACE_OUTER_BOUND ( 'NONE', #5588, .T. ) ;
#8190 = DIRECTION ( 'NONE',  ( -1.000000000000000000, 0.0000000000000000000, 0.0000000000000000000 ) ) ;
#8191 = DIRECTION ( 'NONE',  ( -6.162975822039154700E-033, -1.000000000000000000, 3.916066504679276500E-017 ) ) ;
#8192 = CARTESIAN_POINT ( 'NONE',  ( 18.42656544611969200, 8.273939768064542100, -2.704016832421813900 ) ) ;
#8193 = AXIS2_PLACEMENT_3D ( 'NONE', #8192, #8191, #8190 ) ;
#8194 =( NAMED_UNIT ( * ) SI_UNIT ( $, .STERADIAN. ) SOLID_ANGLE_UNIT ( ) );
#8195 =( NAMED_UNIT ( * ) PLANE_ANGLE_UNIT ( ) SI_UNIT ( $, .RADIAN. ) );
#8196 =( LENGTH_UNIT ( ) NAMED_UNIT ( * ) SI_UNIT ( .MILLI., .METRE. ) );
#8197 = MECHANICAL_DESIGN_GEOMETRIC_PRESENTATION_REPRESENTATION (  '', ( #8199 ), #7862 ) ;
#8198 = PRESENTATION_LAYER_ASSIGNMENT (  '', '', ( #8199 ) ) ;
#8199 = STYLED_ITEM ( 'NONE', ( #8200 ), #5587 ) ;
#8200 = PRESENTATION_STYLE_ASSIGNMENT (( #8201 ) ) ;
#8201 = SURFACE_STYLE_USAGE ( .BOTH. , #8202 ) ;
#8202 = SURFACE_SIDE_STYLE ('',( #8203 ) ) ;
#8203 = SURFACE_STYLE_FILL_AREA ( #8204 ) ;
#8204 = FILL_AREA_STYLE ('',( #8205 ) ) ;
#8205 = FILL_AREA_STYLE_COLOUR ( '', #8181 ) ;
#8206 = FILL_AREA_STYLE_COLOUR ( '', #8221 ) ;
#8207 = DIRECTION ( 'NONE',  ( -1.000000000000000000, 2.397819961810615700E-033, -6.123031769111886300E-017 ) ) ;
#8208 = PLANE ( 'NONE',  #8238 ) ;
#8209 = UNCERTAINTY_MEASURE_WITH_UNIT (LENGTH_MEASURE( 1.000000000000000100E-005 ), #8217, 'distance_accuracy_value', 'NONE');
#8210 = STYLED_ITEM ( 'NONE', ( #8211 ), #5600 ) ;
#8211 = PRESENTATION_STYLE_ASSIGNMENT (( #8239 ) ) ;
#8212 = AXIS2_PLACEMENT_3D ( 'NONE', #8229, #8235, #8233 ) ;
#8213 = VECTOR ( 'NONE', #7864, 1000.000000000000000 ) ;
#8214 = CARTESIAN_POINT ( 'NONE',  ( 18.29956544611969000, 5.096630677155449300, 1.651132113594383500 ) ) ;
#8215 = LINE ( 'NONE', #8214, #8213 ) ;
#8216 = DIRECTION ( 'NONE',  ( 1.250846150945177000E-016, 1.000000000000000000, -3.916066504679275300E-017 ) ) ;
#8217 =( LENGTH_UNIT ( ) NAMED_UNIT ( * ) SI_UNIT ( .MILLI., .METRE. ) );
#8218 = VECTOR ( 'NONE', #8207, 1000.000000000000000 ) ;
#8219 = CARTESIAN_POINT ( 'NONE',  ( 18.42656544611968900, 5.911739768064540700, -2.462716832421815800 ) ) ;
#8220 = FILL_AREA_STYLE ('',( #8206 ) ) ;
#8221 = COLOUR_RGB ( '',0.8313725490196077800, 0.8392156862745098200, 0.8274509803921568100 ) ;
#8222 = MECHANICAL_DESIGN_GEOMETRIC_PRESENTATION_REPRESENTATION (  '', ( #8210 ), #8243 ) ;
#8223 = PRESENTATION_LAYER_ASSIGNMENT (  '', '', ( #8210 ) ) ;
#8224 =( NAMED_UNIT ( * ) SI_UNIT ( $, .STERADIAN. ) SOLID_ANGLE_UNIT ( ) );
#8225 = DIRECTION ( 'NONE',  ( -6.123031769111886300E-017, 3.916066504679276500E-017, 1.000000000000000000 ) ) ;
#8226 = CIRCLE ( 'NONE', #8232, 3.683000000000085500 ) ;
#8227 = LINE ( 'NONE', #8219, #8218 ) ;
#8228 = FACE_OUTER_BOUND ( 'NONE', #5601, .T. ) ;
#8229 = CARTESIAN_POINT ( 'NONE',  ( 18.42656544611968900, 5.911739768064540700, -2.951912096323186400 ) ) ;
#8230 =( NAMED_UNIT ( * ) PLANE_ANGLE_UNIT ( ) SI_UNIT ( $, .RADIAN. ) );
#8231 = CARTESIAN_POINT ( 'NONE',  ( 15.73244327975309700, 7.105539768064542000, -2.704016832421814800 ) ) ;
#8232 = AXIS2_PLACEMENT_3D ( 'NONE', #8231, #8225, #8242 ) ;
#8233 = DIRECTION ( 'NONE',  ( 1.000000000000000000, -5.872771121110819100E-049, 1.224606353822377300E-016 ) ) ;
#8234 = PLANE ( 'NONE',  #8212 ) ;
#8235 = DIRECTION ( 'NONE',  ( 4.795639923621230800E-033, 1.000000000000000000, -3.916066504679276500E-017 ) ) ;
#8236 = DIRECTION ( 'NONE',  ( -1.000000000000000000, 1.250846150945177000E-016, -1.224606353822377300E-016 ) ) ;
#8237 = CARTESIAN_POINT ( 'NONE',  ( 18.29956544611969300, 9.054763847188317200, 2.274383167578187100 ) ) ;
#8238 = AXIS2_PLACEMENT_3D ( 'NONE', #8237, #8236, #8216 ) ;
#8239 = SURFACE_STYLE_USAGE ( .BOTH. , #8240 ) ;
#8240 = SURFACE_SIDE_STYLE ('',( #8241 ) ) ;
#8241 = SURFACE_STYLE_FILL_AREA ( #8220 ) ;
#8242 = DIRECTION ( 'NONE',  ( -1.000000000000000000, 0.0000000000000000000, -1.177520686924224100E-016 ) ) ;
#8243 =( GEOMETRIC_REPRESENTATION_CONTEXT ( 3 ) GLOBAL_UNCERTAINTY_ASSIGNED_CONTEXT ( ( #8209 ) ) GLOBAL_UNIT_ASSIGNED_CONTEXT ( ( #8217, #8230, #8224 ) ) REPRESENTATION_CONTEXT ( 'NONE', 'WORKASPACE' ) );
#8244 = CARTESIAN_POINT ( 'NONE',  ( 18.67446071002106200, 5.911739768064540700, 1.017083167578189700 ) ) ;
#8245 = UNCERTAINTY_MEASURE_WITH_UNIT (LENGTH_MEASURE( 1.000000000000000100E-005 ), #8247, 'distance_accuracy_value', 'NONE');
#8246 =( NAMED_UNIT ( * ) SI_UNIT ( $, .STERADIAN. ) SOLID_ANGLE_UNIT ( ) );
#8247 =( LENGTH_UNIT ( ) NAMED_UNIT ( * ) SI_UNIT ( .MILLI., .METRE. ) );
#8248 = MECHANICAL_DESIGN_GEOMETRIC_PRESENTATION_REPRESENTATION (  '', ( #8316 ), #8326 ) ;
#8249 = COLOUR_RGB ( '',0.8313725490196077800, 0.8392156862745098200, 0.8274509803921568100 ) ;
#8250 = CARTESIAN_POINT ( 'NONE',  ( 15.73244327975312200, 7.105539768064541100, 1.258383167578188500 ) ) ;
#8251 = DIRECTION ( 'NONE',  ( 0.7473307807101302600, 0.5907647799327527800, -0.3041277346678423800 ) ) ;
#8252 = CARTESIAN_POINT ( 'NONE',  ( 20.22434993225553200, 2.627537169638718400, 2.633993925617439400 ) ) ;
#8253 = DIRECTION ( 'NONE',  ( -0.6644521835340653200, 0.6644521835340728700, -0.3420622627441022900 ) ) ;
#8254 = B_SPLINE_CURVE_WITH_KNOTS ( 'NONE', 3,
 ( #8332, #8329, #8328, #8327, #8282, #8281, #8324, #8323, #8322, #8244 ),
 .UNSPECIFIED., .F., .F.,
 ( 4, 2, 2, 2, 4 ),
 ( 0.0000000000000000000, 0.0004656841114861703500, 0.0009313682229723407000, 0.001397052334458511000, 0.001862736445944681400 ),
 .UNSPECIFIED. ) ;
#8255 = PRESENTATION_LAYER_ASSIGNMENT (  '', '', ( #8330 ) ) ;
#8256 = DIRECTION ( 'NONE',  ( 6.162975822039154700E-033, 1.000000000000000000, -3.916066504679276500E-017 ) ) ;
#8257 = AXIS2_PLACEMENT_3D ( 'NONE', #8286, #8256, #8305 ) ;
#8258 = CIRCLE ( 'NONE', #8257, 0.2478952639013744200 ) ;
#8259 = FACE_OUTER_BOUND ( 'NONE', #5639, .T. ) ;
#8260 = DIRECTION ( 'NONE',  ( 1.000000000000000000, 0.0000000000000000000, 0.0000000000000000000 ) ) ;
#8261 = DIRECTION ( 'NONE',  ( 6.162975822039154700E-033, 1.000000000000000000, -3.916066504679276500E-017 ) ) ;
#8262 = CARTESIAN_POINT ( 'NONE',  ( 18.68464016343151000, 8.273939768064542100, 1.017083167578189700 ) ) ;
#8263 = AXIS2_PLACEMENT_3D ( 'NONE', #8335, #8292, #8291 ) ;
#8264 = CIRCLE ( 'NONE', #8263, 0.2580747173118180800 ) ;
#8265 = SURFACE_STYLE_USAGE ( .BOTH. , #8307 ) ;
#8266 = FILL_AREA_STYLE_COLOUR ( '', #8249 ) ;
#8267 = DIRECTION ( 'NONE',  ( -1.000000000000000000, 0.0000000000000000000, -2.048885995248158700E-016 ) ) ;
#8268 = AXIS2_PLACEMENT_3D ( 'NONE', #8250, #8333, #8267 ) ;
#8269 = CIRCLE ( 'NONE', #8268, 3.175000000000059800 ) ;
#8270 = DIRECTION ( 'NONE',  ( -1.224606353822377300E-016, 3.916066504679276500E-017, 1.000000000000000000 ) ) ;
#8271 = CARTESIAN_POINT ( 'NONE',  ( 15.73244327975309700, 7.105539768064542000, -2.704016832421814800 ) ) ;
#8272 = AXIS2_PLACEMENT_3D ( 'NONE', #8271, #8270, #8277 ) ;
#8273 = CARTESIAN_POINT ( 'NONE',  ( 18.42656544611969200, 5.911739768064540700, 1.258383167578188000 ) ) ;
#8274 = AXIS2_PLACEMENT_3D ( 'NONE', #8273, #8288, #8287 ) ;
#8275 = CIRCLE ( 'NONE', #8274, 0.7900320437682871700 ) ;
#8276 = CARTESIAN_POINT ( 'NONE',  ( 18.42656544611969200, 8.273939768064542100, 1.258383167578187600 ) ) ;
#8277 = DIRECTION ( 'NONE',  ( 1.000000000000000000, 0.0000000000000000000, 1.177520686924224100E-016 ) ) ;
#8278 = AXIS2_PLACEMENT_3D ( 'NONE', #8252, #8251, #8253 ) ;
#8279 = PLANE ( 'NONE',  #8278 ) ;
#8280 =( NAMED_UNIT ( * ) PLANE_ANGLE_UNIT ( ) SI_UNIT ( $, .RADIAN. ) );
#8281 = CARTESIAN_POINT ( 'NONE',  ( 18.76225951306668800, 6.149841956619432900, 0.2897548709480432500 ) ) ;
#8282 = CARTESIAN_POINT ( 'NONE',  ( 18.82201979210983100, 6.365498087653795900, 0.07409567911058200000 ) ) ;
#8283 =( GEOMETRIC_REPRESENTATION_CONTEXT ( 3 ) GLOBAL_UNCERTAINTY_ASSIGNED_CONTEXT ( ( #8331 ) ) GLOBAL_UNIT_ASSIGNED_CONTEXT ( ( #8308, #8280, #8290 ) ) REPRESENTATION_CONTEXT ( 'NONE', 'WORKASPACE' ) );
#8284 = AXIS2_PLACEMENT_3D ( 'NONE', #8276, #8261, #8260 ) ;
#8285 = CIRCLE ( 'NONE', #8284, 0.7986318243978045600 ) ;
#8286 = CARTESIAN_POINT ( 'NONE',  ( 18.42656544611969200, 5.911739768064540700, 1.258383167578188000 ) ) ;
#8287 = DIRECTION ( 'NONE',  ( 1.000000000000000000, 0.0000000000000000000, 0.0000000000000000000 ) ) ;
#8288 = DIRECTION ( 'NONE',  ( 6.162975822039154700E-033, 1.000000000000000000, -3.916066504679276500E-017 ) ) ;
#8289 = FILL_AREA_STYLE ('',( #8266 ) ) ;
#8290 =( NAMED_UNIT ( * ) SI_UNIT ( $, .STERADIAN. ) SOLID_ANGLE_UNIT ( ) );
#8291 = DIRECTION ( 'NONE',  ( 1.000000000000000000, 0.0000000000000000000, 0.0000000000000000000 ) ) ;
#8292 = DIRECTION ( 'NONE',  ( 6.162975822039154700E-033, 1.000000000000000000, -3.916066504679276500E-017 ) ) ;
#8293 = FACE_OUTER_BOUND ( 'NONE', #5508, .T. ) ;
#8294 = MECHANICAL_DESIGN_GEOMETRIC_PRESENTATION_REPRESENTATION (  '', ( #8330 ), #8283 ) ;
#8295 = MECHANICAL_DESIGN_GEOMETRIC_PRESENTATION_REPRESENTATION (  '', ( #8297 ), #8343 ) ;
#8296 = PRESENTATION_LAYER_ASSIGNMENT (  '', '', ( #8297 ) ) ;
#8297 = STYLED_ITEM ( 'NONE', ( #8298 ), #5638 ) ;
#8298 = PRESENTATION_STYLE_ASSIGNMENT (( #8299 ) ) ;
#8299 = SURFACE_STYLE_USAGE ( .BOTH. , #8300 ) ;
#8300 = SURFACE_SIDE_STYLE ('',( #8301 ) ) ;
#8301 = SURFACE_STYLE_FILL_AREA ( #8302 ) ;
#8302 = FILL_AREA_STYLE ('',( #8303 ) ) ;
#8303 = FILL_AREA_STYLE_COLOUR ( '', #8304 ) ;
#8304 = COLOUR_RGB ( '',0.8313725490196077800, 0.8392156862745098200, 0.8274509803921568100 ) ;
#8305 = DIRECTION ( 'NONE',  ( 1.000000000000000000, 0.0000000000000000000, 0.0000000000000000000 ) ) ;
#8306 =( NAMED_UNIT ( * ) PLANE_ANGLE_UNIT ( ) SI_UNIT ( $, .RADIAN. ) );
#8307 = SURFACE_SIDE_STYLE ('',( #8321 ) ) ;
#8308 =( LENGTH_UNIT ( ) NAMED_UNIT ( * ) SI_UNIT ( .MILLI., .METRE. ) );
#8309 = FILL_AREA_STYLE ('',( #8310 ) ) ;
#8310 = FILL_AREA_STYLE_COLOUR ( '', #8311 ) ;
#8311 = COLOUR_RGB ( '',0.8313725490196077800, 0.8392156862745098200, 0.8274509803921568100 ) ;
#8312 = FACE_OUTER_BOUND ( 'NONE', #5625, .T. ) ;
#8313 = CARTESIAN_POINT ( 'NONE',  ( 19.22519727051749800, 8.273939768064542100, 1.258383167578188900 ) ) ;
#8314 = PRESENTATION_STYLE_ASSIGNMENT (( #8265 ) ) ;
#8315 = PRESENTATION_LAYER_ASSIGNMENT (  '', '', ( #8316 ) ) ;
#8316 = STYLED_ITEM ( 'NONE', ( #8317 ), #5624 ) ;
#8317 = PRESENTATION_STYLE_ASSIGNMENT (( #8318 ) ) ;
#8318 = SURFACE_STYLE_USAGE ( .BOTH. , #8319 ) ;
#8319 = SURFACE_SIDE_STYLE ('',( #8320 ) ) ;
#8320 = SURFACE_STYLE_FILL_AREA ( #8309 ) ;
#8321 = SURFACE_STYLE_FILL_AREA ( #8289 ) ;
#8322 = CARTESIAN_POINT ( 'NONE',  ( 18.67446071002106600, 5.911739768064540700, 0.8595008679779518900 ) ) ;
#8323 = CARTESIAN_POINT ( 'NONE',  ( 18.68796191379421900, 5.943851845036181000, 0.7033995824151165800 ) ) ;
#8324 = CARTESIAN_POINT ( 'NONE',  ( 18.73179831135938400, 6.062237979964720600, 0.4200650830688221800 ) ) ;
#8325 = CYLINDRICAL_SURFACE ( 'NONE', #8272, 3.683000000000085500 ) ;
#8326 =( GEOMETRIC_REPRESENTATION_CONTEXT ( 3 ) GLOBAL_UNCERTAINTY_ASSIGNED_CONTEXT ( ( #8245 ) ) GLOBAL_UNIT_ASSIGNED_CONTEXT ( ( #8247, #8306, #8246 ) ) REPRESENTATION_CONTEXT ( 'NONE', 'WORKASPACE' ) );
#8327 = CARTESIAN_POINT ( 'NONE',  ( 18.85162001198298400, 6.495482327441192400, -0.01348013817033305200 ) ) ;
#8328 = CARTESIAN_POINT ( 'NONE',  ( 18.89408928830042100, 6.780842856497690400, -0.1325057007552443700 ) ) ;
#8329 = CARTESIAN_POINT ( 'NONE',  ( 18.90678762164571900, 6.935276527120625400, -0.1640168324218102000 ) ) ;
#8330 = STYLED_ITEM ( 'NONE', ( #8314 ), #5605 ) ;
#8331 = UNCERTAINTY_MEASURE_WITH_UNIT (LENGTH_MEASURE( 1.000000000000000100E-005 ), #8308, 'distance_accuracy_value', 'NONE');
#8332 = CARTESIAN_POINT ( 'NONE',  ( 18.90741787965158200, 7.092839768064540500, -0.1640168324218102000 ) ) ;
#8333 = DIRECTION ( 'NONE',  ( 1.836909530733565900E-016, -3.916066504679276500E-017, -1.000000000000000000 ) ) ;
#8334 = CARTESIAN_POINT ( 'NONE',  ( 18.68464016343151000, 8.273939768064542100, 1.258383167578188500 ) ) ;
#8335 = CARTESIAN_POINT ( 'NONE',  ( 18.42656544611969200, 8.273939768064542100, 1.258383167578187600 ) ) ;
#8336 = CARTESIAN_POINT ( 'NONE',  ( 18.42656544611968900, 8.273939768064542100, 1.516457884890007000 ) ) ;
#8337 = B_SPLINE_CURVE_WITH_KNOTS ( 'NONE', 3,
 ( #8358, #8357, #8356, #8355, #8354, #8353, #8352, #8351, #8350, #8349 ),
 .UNSPECIFIED., .F., .F.,
 ( 4, 2, 2, 2, 4 ),
 ( 0.0000000000000000000, 0.0004653386727038503400, 0.0009306773454077006900, 0.001396016018111551000, 0.001861354690815401400 ),
 .UNSPECIFIED. ) ;
#8338 = DIRECTION ( 'NONE',  ( 4.795639923621230800E-033, 1.000000000000000000, -3.916066504679276500E-017 ) ) ;
#8339 = LINE ( 'NONE', #8346, #8341 ) ;
#8340 = CARTESIAN_POINT ( 'NONE',  ( 19.21659748988798100, 5.911739768064540700, 1.258383167578188900 ) ) ;
#8341 = VECTOR ( 'NONE', #8348, 1000.000000000000000 ) ;
#8342 = CARTESIAN_POINT ( 'NONE',  ( 19.22519727051749800, 8.273939768064542100, 1.017083167578189700 ) ) ;
#8343 =( GEOMETRIC_REPRESENTATION_CONTEXT ( 3 ) GLOBAL_UNCERTAINTY_ASSIGNED_CONTEXT ( ( #8111 ) ) GLOBAL_UNIT_ASSIGNED_CONTEXT ( ( #7863, #7870, #7882 ) ) REPRESENTATION_CONTEXT ( 'NONE', 'WORKASPACE' ) );
#8344 = AXIS2_PLACEMENT_3D ( 'NONE', #8336, #8338, #8345 ) ;
#8345 = DIRECTION ( 'NONE',  ( 1.000000000000000000, -5.872771121110819100E-049, 1.224606353822377300E-016 ) ) ;
#8346 = CARTESIAN_POINT ( 'NONE',  ( 19.21659748988798100, 5.911739768064540700, 1.017083167578189700 ) ) ;
#8347 = PLANE ( 'NONE',  #8344 ) ;
#8348 = DIRECTION ( 'NONE',  ( 1.000000000000000000, 2.397819961810614400E-033, 1.836909530733565900E-016 ) ) ;
#8349 = CARTESIAN_POINT ( 'NONE',  ( 18.90741787965158200, 7.092839768064540500, -0.1640168324218102000 ) ) ;
#8350 = CARTESIAN_POINT ( 'NONE',  ( 18.90804770818358800, 7.250295641404081300, -0.1640168324218103100 ) ) ;
#8351 = CARTESIAN_POINT ( 'NONE',  ( 18.89639788126256200, 7.406415412820063400, -0.1319557543259454500 ) ) ;
#8352 = CARTESIAN_POINT ( 'NONE',  ( 18.85646166536481900, 7.690042976250732700, -0.01343537042419842000 ) ) ;
#8353 = CARTESIAN_POINT ( 'NONE',  ( 18.82790072831257800, 7.820543455157056700, 0.07436644951504713100 ) ) ;
#8354 = CARTESIAN_POINT ( 'NONE',  ( 18.77003940660144800, 8.036183017948269800, 0.2901918554670932500 ) ) ;
#8355 = CARTESIAN_POINT ( 'NONE',  ( 18.74045036659877900, 8.123630382207663200, 0.4201532793353948100 ) ) ;
#8356 = CARTESIAN_POINT ( 'NONE',  ( 18.69757567958742700, 8.242467639379560400, 0.7052974411909595000 ) ) ;
#8357 = CARTESIAN_POINT ( 'NONE',  ( 18.68464016343151400, 8.273939768064542100, 0.8596155873282593800 ) ) ;
#8358 = CARTESIAN_POINT ( 'NONE',  ( 18.68464016343151000, 8.273939768064542100, 1.017083167578189700 ) ) ;
#8359 = CARTESIAN_POINT ( 'NONE',  ( 18.90741787965158200, 7.092839768064540500, -0.1640168324218102000 ) ) ;
#8360 = CARTESIAN_POINT ( 'NONE',  ( 19.22519727051749800, 8.273939768064542100, 1.258383167578188900 ) ) ;
#8361 = LINE ( 'NONE', #8360, #7878 ) ;
#8362 = CARTESIAN_POINT ( 'NONE',  ( 18.67446071002106200, 5.911739768064540700, 1.258383167578188900 ) ) ;
#8363 = DIRECTION ( 'NONE',  ( 1.224606353822377300E-016, -3.916066504679276500E-017, -1.000000000000000000 ) ) ;
#8364 = VECTOR ( 'NONE', #8363, 1000.000000000000000 ) ;
#8365 = CARTESIAN_POINT ( 'NONE',  ( 18.67446071002106200, 5.911739768064540700, 1.258383167578188900 ) ) ;
#8366 = LINE ( 'NONE', #8365, #8364 ) ;
#8367 = CARTESIAN_POINT ( 'NONE',  ( 19.34721644134523200, 7.819830666070431300, 0.07375551886063876100 ) ) ;
#8368 = CARTESIAN_POINT ( 'NONE',  ( 18.67446071002106200, 5.911739768064540700, -2.462716832421815800 ) ) ;
#8369 = B_SPLINE_CURVE_WITH_KNOTS ( 'NONE', 3,
 ( #8368, #8392, #8390, #8389, #8421, #8420, #8424, #8423, #8385, #8384 ),
 .UNSPECIFIED., .F., .F.,
 ( 4, 2, 2, 2, 4 ),
 ( 0.0000000000000000000, 0.0004656603259977075700, 0.0009313206519954151400, 0.001396980977993122600, 0.001862641303990830300 ),
 .UNSPECIFIED. ) ;
#8370 = CARTESIAN_POINT ( 'NONE',  ( 19.27240854943058700, 8.123850098337111800, 0.4207582996027932600 ) ) ;
#8371 = DIRECTION ( 'NONE',  ( 1.000000000000000000, 0.0000000000000000000, 1.365923996832106000E-016 ) ) ;
#8372 = DIRECTION ( 'NONE',  ( -1.224606353822377300E-016, 3.916066504679276500E-017, 1.000000000000000000 ) ) ;
#8373 = AXIS2_PLACEMENT_3D ( 'NONE', #8402, #8372, #8371 ) ;
#8374 = CYLINDRICAL_SURFACE ( 'NONE', #8373, 3.175000000000059800 ) ;
#8375 =( GEOMETRIC_REPRESENTATION_CONTEXT ( 3 ) GLOBAL_UNCERTAINTY_ASSIGNED_CONTEXT ( ( #8654 ) ) GLOBAL_UNIT_ASSIGNED_CONTEXT ( ( #8684, #8683, #8655 ) ) REPRESENTATION_CONTEXT ( 'NONE', 'WORKASPACE' ) );
#8376 = COLOUR_RGB ( '',0.8313725490196077800, 0.8392156862745098200, 0.8274509803921568100 ) ;
#8377 = CARTESIAN_POINT ( 'NONE',  ( 18.90744327975318100, 7.105539768064541100, -1.281685113965448200 ) ) ;
#8378 = CARTESIAN_POINT ( 'NONE',  ( 18.90744327975318100, 7.101310618157077300, -1.281639636606131600 ) ) ;
#8379 = DIRECTION ( 'NONE',  ( -1.224606353822377300E-016, 3.916066504679276500E-017, 1.000000000000000000 ) ) ;
#8380 = CARTESIAN_POINT ( 'NONE',  ( 19.40614879478796700, 7.403963960591810600, -0.1327491431403607600 ) ) ;
#8381 = FILL_AREA_STYLE ('',( #8382 ) ) ;
#8382 = FILL_AREA_STYLE_COLOUR ( '', #8376 ) ;
#8383 = CARTESIAN_POINT ( 'NONE',  ( 19.22519727051749800, 8.273939768064542100, 1.017083167578189700 ) ) ;
#8384 = CARTESIAN_POINT ( 'NONE',  ( 18.90741787965158200, 7.092839768064540500, -1.281616832421815800 ) ) ;
#8385 = CARTESIAN_POINT ( 'NONE',  ( 18.90678761667781400, 6.935275285152697800, -1.281616832421815800 ) ) ;
#8386 = FACE_OUTER_BOUND ( 'NONE', #5667, .T. ) ;
#8387 = B_SPLINE_CURVE_WITH_KNOTS ( 'NONE', 3,
 ( #8411, #8418, #8380, #8391, #8367, #8412, #8370, #8422, #8401, #8383 ),
 .UNSPECIFIED., .F., .F.,
 ( 4, 2, 2, 2, 4 ),
 ( 0.0000000000000000000, 0.0004642560117341452500, 0.0009285120234682905100, 0.001392768035202435800, 0.001857024046936581000 ),
 .UNSPECIFIED. ) ;
#8388 =( NAMED_UNIT ( * ) PLANE_ANGLE_UNIT ( ) SI_UNIT ( $, .RADIAN. ) );
#8389 = CARTESIAN_POINT ( 'NONE',  ( 18.73178286822734900, 6.062176562587781700, -1.865562664380180600 ) ) ;
#8390 = CARTESIAN_POINT ( 'NONE',  ( 18.68773863445533900, 5.943268667156056400, -2.150713583257353600 ) ) ;
#8391 = CARTESIAN_POINT ( 'NONE',  ( 19.37169507408118800, 7.689505167179025800, -0.01388870761902235600 ) ) ;
#8392 = CARTESIAN_POINT ( 'NONE',  ( 18.67446071002106200, 5.911739768064538900, -2.305135059819304600 ) ) ;
#8393 =( LENGTH_UNIT ( ) NAMED_UNIT ( * ) SI_UNIT ( .MILLI., .METRE. ) );
#8394 = CARTESIAN_POINT ( 'NONE',  ( 18.90743482988651500, 7.097077292896679000, -1.281616832421815800 ) ) ;
#8395 = B_SPLINE_CURVE_WITH_KNOTS ( 'NONE', 3,
 ( #8397, #8394, #8378, #8377 ),
 .UNSPECIFIED., .F., .F.,
 ( 4, 4 ),
 ( 0.0000000000000000000, 1.252448928530474700E-005 ),
 .UNSPECIFIED. ) ;
#8396 = DIRECTION ( 'NONE',  ( 1.224606353822377300E-016, -3.916066504679276500E-017, -1.000000000000000000 ) ) ;
#8397 = CARTESIAN_POINT ( 'NONE',  ( 18.90741787965158200, 7.092839768064540500, -1.281616832421815800 ) ) ;
#8398 = SURFACE_STYLE_USAGE ( .BOTH. , #8399 ) ;
#8399 = SURFACE_SIDE_STYLE ('',( #8400 ) ) ;
#8400 = SURFACE_STYLE_FILL_AREA ( #8381 ) ;
#8401 = CARTESIAN_POINT ( 'NONE',  ( 19.22519727051749400, 8.273939768064542100, 0.8600273141294596500 ) ) ;
#8402 = CARTESIAN_POINT ( 'NONE',  ( 15.73244327975312200, 7.105539768064541100, -2.704016832421814800 ) ) ;
#8403 = LINE ( 'NONE', #8407, #8419 ) ;
#8404 = CARTESIAN_POINT ( 'NONE',  ( 19.21659748988798100, 5.911739768064540700, 1.258383167578188900 ) ) ;
#8405 = VECTOR ( 'NONE', #8396, 1000.000000000000000 ) ;
#8406 = LINE ( 'NONE', #8404, #8405 ) ;
#8407 = CARTESIAN_POINT ( 'NONE',  ( 19.22519727051749800, 8.273939768064542100, -2.704016832421814300 ) ) ;
#8408 = CARTESIAN_POINT ( 'NONE',  ( 18.90741787965158200, 7.092839768064540500, -1.281616832421815800 ) ) ;
#8409 = UNCERTAINTY_MEASURE_WITH_UNIT (LENGTH_MEASURE( 1.000000000000000100E-005 ), #8393, 'distance_accuracy_value', 'NONE');
#8410 =( NAMED_UNIT ( * ) SI_UNIT ( $, .STERADIAN. ) SOLID_ANGLE_UNIT ( ) );
#8411 = CARTESIAN_POINT ( 'NONE',  ( 19.41542138313636600, 7.092839768064540500, -0.1640168324218100900 ) ) ;
#8412 = CARTESIAN_POINT ( 'NONE',  ( 19.29767012099710000, 8.036106298310590600, 0.2900129704610375200 ) ) ;
#8413 = MECHANICAL_DESIGN_GEOMETRIC_PRESENTATION_REPRESENTATION (  '', ( #8415 ), #8417 ) ;
#8414 = PRESENTATION_LAYER_ASSIGNMENT (  '', '', ( #8415 ) ) ;
#8415 = STYLED_ITEM ( 'NONE', ( #8416 ), #5669 ) ;
#8416 = PRESENTATION_STYLE_ASSIGNMENT (( #8398 ) ) ;
#8417 =( GEOMETRIC_REPRESENTATION_CONTEXT ( 3 ) GLOBAL_UNCERTAINTY_ASSIGNED_CONTEXT ( ( #8409 ) ) GLOBAL_UNIT_ASSIGNED_CONTEXT ( ( #8393, #8388, #8410 ) ) REPRESENTATION_CONTEXT ( 'NONE', 'WORKASPACE' ) );
#8418 = CARTESIAN_POINT ( 'NONE',  ( 19.41596294668578400, 7.249892263661527300, -0.1640168324218100900 ) ) ;
#8419 = VECTOR ( 'NONE', #8379, 1000.000000000000000 ) ;
#8420 = CARTESIAN_POINT ( 'NONE',  ( 18.82194918495293500, 6.365209943757078800, -1.519954589174038000 ) ) ;
#8421 = CARTESIAN_POINT ( 'NONE',  ( 18.76219494471629900, 6.149642369973872000, -1.735651170496923300 ) ) ;
#8422 = CARTESIAN_POINT ( 'NONE',  ( 19.23624222686699500, 8.242070883989747200, 0.7042677403947835700 ) ) ;
#8423 = CARTESIAN_POINT ( 'NONE',  ( 18.89387502425593000, 6.779164960352514600, -1.313710474930313900 ) ) ;
#8424 = CARTESIAN_POINT ( 'NONE',  ( 18.85160479239461800, 6.495619569747463000, -1.432214270915453300 ) ) ;
#8425 = FILL_AREA_STYLE_COLOUR ( '', #8487 ) ;
#8426 = FILL_AREA_STYLE_COLOUR ( '', #8458 ) ;
#8427 = FACE_OUTER_BOUND ( 'NONE', #5693, .T. ) ;
#8428 = CARTESIAN_POINT ( 'NONE',  ( 19.22519727051749800, 8.273939768064542100, -2.704016832421814300 ) ) ;
#8429 =( LENGTH_UNIT ( ) NAMED_UNIT ( * ) SI_UNIT ( .MILLI., .METRE. ) );
#8430 =( NAMED_UNIT ( * ) PLANE_ANGLE_UNIT ( ) SI_UNIT ( $, .RADIAN. ) );
#8431 =( LENGTH_UNIT ( ) NAMED_UNIT ( * ) SI_UNIT ( .MILLI., .METRE. ) );
#8432 = MECHANICAL_DESIGN_GEOMETRIC_PRESENTATION_REPRESENTATION (  '', ( #8482 ), #8485 ) ;
#8433 = UNCERTAINTY_MEASURE_WITH_UNIT (LENGTH_MEASURE( 1.000000000000000100E-005 ), #8429, 'distance_accuracy_value', 'NONE');
#8434 = UNCERTAINTY_MEASURE_WITH_UNIT (LENGTH_MEASURE( 1.000000000000000100E-005 ), #8431, 'distance_accuracy_value', 'NONE');
#8435 =( NAMED_UNIT ( * ) SI_UNIT ( $, .STERADIAN. ) SOLID_ANGLE_UNIT ( ) );
#8436 = STYLED_ITEM ( 'NONE', ( #8437 ), #5683 ) ;
#8437 = PRESENTATION_STYLE_ASSIGNMENT (( #8438 ) ) ;
#8438 = SURFACE_STYLE_USAGE ( .BOTH. , #8439 ) ;
#8439 = SURFACE_SIDE_STYLE ('',( #8440 ) ) ;
#8440 = SURFACE_STYLE_FILL_AREA ( #8441 ) ;
#8441 = FILL_AREA_STYLE ('',( #8442 ) ) ;
#8442 = FILL_AREA_STYLE_COLOUR ( '', #8447 ) ;
#8443 = DIRECTION ( 'NONE',  ( -0.6712839649510508000, -0.7412002687530518900, -5.317996541258242800E-017 ) ) ;
#8444 = DIRECTION ( 'NONE',  ( 0.7071067811865473500, -0.6404064646620194500, 0.2997991994970866700 ) ) ;
#8445 = CARTESIAN_POINT ( 'NONE',  ( 11.18756544611969200, 9.552345989847749400, -5.052527007283814900 ) ) ;
#8446 = AXIS2_PLACEMENT_3D ( 'NONE', #8445, #8444, #8443 ) ;
#8447 = COLOUR_RGB ( '',0.8313725490196077800, 0.8392156862745098200, 0.8274509803921568100 ) ;
#8448 = FACE_OUTER_BOUND ( 'NONE', #5756, .T. ) ;
#8449 = PLANE ( 'NONE',  #8446 ) ;
#8450 =( NAMED_UNIT ( * ) PLANE_ANGLE_UNIT ( ) SI_UNIT ( $, .RADIAN. ) );
#8451 = SURFACE_SIDE_STYLE ('',( #8476 ) ) ;
#8452 = PRESENTATION_LAYER_ASSIGNMENT (  '', '', ( #8482 ) ) ;
#8453 = AXIS2_PLACEMENT_3D ( 'NONE', #8455, #7874, #7876 ) ;
#8454 = CYLINDRICAL_SURFACE ( 'NONE', #8453, 3.683000000000085500 ) ;
#8455 = CARTESIAN_POINT ( 'NONE',  ( 15.73244327975309700, 7.105539768064542000, 1.258383167578188500 ) ) ;
#8456 = SURFACE_STYLE_FILL_AREA ( #8457 ) ;
#8457 = FILL_AREA_STYLE ('',( #8426 ) ) ;
#8458 = COLOUR_RGB ( '',0.8313725490196077800, 0.8392156862745098200, 0.8274509803921568100 ) ;
#8459 = DIRECTION ( 'NONE',  ( -1.000000000000000000, 6.162975822039154700E-033, -2.413462318583576400E-049 ) ) ;
#8460 = DIRECTION ( 'NONE',  ( -6.162975822039154700E-033, -1.000000000000000000, 3.916066504679276500E-017 ) ) ;
#8461 = CARTESIAN_POINT ( 'NONE',  ( 18.42656544611969200, 7.105539768064542000, -2.704016832421813900 ) ) ;
#8462 = AXIS2_PLACEMENT_3D ( 'NONE', #8461, #8460, #8459 ) ;
#8463 = FILL_AREA_STYLE ('',( #8425 ) ) ;
#8464 =( LENGTH_UNIT ( ) NAMED_UNIT ( * ) SI_UNIT ( .MILLI., .METRE. ) );
#8465 = MECHANICAL_DESIGN_GEOMETRIC_PRESENTATION_REPRESENTATION (  '', ( #8436 ), #8477 ) ;
#8466 = PRESENTATION_LAYER_ASSIGNMENT (  '', '', ( #8436 ) ) ;
#8467 = MECHANICAL_DESIGN_GEOMETRIC_PRESENTATION_REPRESENTATION (  '', ( #8469 ), #8486 ) ;
#8468 = PRESENTATION_LAYER_ASSIGNMENT (  '', '', ( #8469 ) ) ;
#8469 = STYLED_ITEM ( 'NONE', ( #8470 ), #5678 ) ;
#8470 = PRESENTATION_STYLE_ASSIGNMENT (( #8471 ) ) ;
#8471 = SURFACE_STYLE_USAGE ( .BOTH. , #8472 ) ;
#8472 = SURFACE_SIDE_STYLE ('',( #8456 ) ) ;
#8473 = UNCERTAINTY_MEASURE_WITH_UNIT (LENGTH_MEASURE( 1.000000000000000100E-005 ), #8464, 'distance_accuracy_value', 'NONE');
#8474 =( NAMED_UNIT ( * ) SI_UNIT ( $, .STERADIAN. ) SOLID_ANGLE_UNIT ( ) );
#8475 =( NAMED_UNIT ( * ) PLANE_ANGLE_UNIT ( ) SI_UNIT ( $, .RADIAN. ) );
#8476 = SURFACE_STYLE_FILL_AREA ( #8463 ) ;
#8477 =( GEOMETRIC_REPRESENTATION_CONTEXT ( 3 ) GLOBAL_UNCERTAINTY_ASSIGNED_CONTEXT ( ( #8473 ) ) GLOBAL_UNIT_ASSIGNED_CONTEXT ( ( #8464, #8475, #8474 ) ) REPRESENTATION_CONTEXT ( 'NONE', 'WORKASPACE' ) );
#8478 = SURFACE_STYLE_USAGE ( .BOTH. , #8451 ) ;
#8479 = CARTESIAN_POINT ( 'NONE',  ( 19.22519727051749800, 8.273939768064542100, -2.462716832421815800 ) ) ;
#8480 =( NAMED_UNIT ( * ) SI_UNIT ( $, .STERADIAN. ) SOLID_ANGLE_UNIT ( ) );
#8481 = FACE_OUTER_BOUND ( 'NONE', #5658, .T. ) ;
#8482 = STYLED_ITEM ( 'NONE', ( #8483 ), #5672 ) ;
#8483 = PRESENTATION_STYLE_ASSIGNMENT (( #8478 ) ) ;
#8484 = TOROIDAL_SURFACE ( 'NONE', #8462, -2.694122166366592600, 3.683000000000084700 ) ;
#8485 =( GEOMETRIC_REPRESENTATION_CONTEXT ( 3 ) GLOBAL_UNCERTAINTY_ASSIGNED_CONTEXT ( ( #8433 ) ) GLOBAL_UNIT_ASSIGNED_CONTEXT ( ( #8429, #8450, #8480 ) ) REPRESENTATION_CONTEXT ( 'NONE', 'WORKASPACE' ) );
#8486 =( GEOMETRIC_REPRESENTATION_CONTEXT ( 3 ) GLOBAL_UNCERTAINTY_ASSIGNED_CONTEXT ( ( #8434 ) ) GLOBAL_UNIT_ASSIGNED_CONTEXT ( ( #8431, #8430, #8435 ) ) REPRESENTATION_CONTEXT ( 'NONE', 'WORKASPACE' ) );
#8487 = COLOUR_RGB ( '',0.8313725490196077800, 0.8392156862745098200, 0.8274509803921568100 ) ;
#8488 = AXIS2_PLACEMENT_3D ( 'NONE', #8529, #8510, #8509 ) ;
#8489 = CIRCLE ( 'NONE', #8488, 3.175000000000059800 ) ;
#8490 = DIRECTION ( 'NONE',  ( -0.6712839649510506900, 0.7412002687530520100, -1.112317563270445100E-016 ) ) ;
#8491 =( LENGTH_UNIT ( ) NAMED_UNIT ( * ) SI_UNIT ( .MILLI., .METRE. ) );
#8492 = FACE_OUTER_BOUND ( 'NONE', #5701, .T. ) ;
#8493 = DIRECTION ( 'NONE',  ( -6.162975822039154700E-033, -1.000000000000000000, 3.916066504679276500E-017 ) ) ;
#8494 = AXIS2_PLACEMENT_3D ( 'NONE', #8526, #8493, #8524 ) ;
#8495 = CIRCLE ( 'NONE', #8494, 0.7986318243978045600 ) ;
#8496 =( LENGTH_UNIT ( ) NAMED_UNIT ( * ) SI_UNIT ( .MILLI., .METRE. ) );
#8497 = MECHANICAL_DESIGN_GEOMETRIC_PRESENTATION_REPRESENTATION (  '', ( #8499 ), #8549 ) ;
#8498 = PRESENTATION_LAYER_ASSIGNMENT (  '', '', ( #8499 ) ) ;
#8499 = STYLED_ITEM ( 'NONE', ( #8500 ), #5700 ) ;
#8500 = PRESENTATION_STYLE_ASSIGNMENT (( #8551 ) ) ;
#8501 =( NAMED_UNIT ( * ) SI_UNIT ( $, .STERADIAN. ) SOLID_ANGLE_UNIT ( ) );
#8502 =( GEOMETRIC_REPRESENTATION_CONTEXT ( 3 ) GLOBAL_UNCERTAINTY_ASSIGNED_CONTEXT ( ( #8535 ) ) GLOBAL_UNIT_ASSIGNED_CONTEXT ( ( #8491, #8505, #8501 ) ) REPRESENTATION_CONTEXT ( 'NONE', 'WORKASPACE' ) );
#8503 = FILL_AREA_STYLE ('',( #8541 ) ) ;
#8504 = DIRECTION ( 'NONE',  ( -1.000000000000000000, 0.0000000000000000000, 0.0000000000000000000 ) ) ;
#8505 =( NAMED_UNIT ( * ) PLANE_ANGLE_UNIT ( ) SI_UNIT ( $, .RADIAN. ) );
#8506 = AXIS2_PLACEMENT_3D ( 'NONE', #8512, #8511, #8490 ) ;
#8507 = PLANE ( 'NONE',  #8506 ) ;
#8508 = CARTESIAN_POINT ( 'NONE',  ( 18.67446071002106200, 5.911739768064540700, -2.704016832421814300 ) ) ;
#8509 = DIRECTION ( 'NONE',  ( -1.000000000000000000, 0.0000000000000000000, 0.0000000000000000000 ) ) ;
#8510 = DIRECTION ( 'NONE',  ( 6.123031769111886300E-017, -3.916066504679276500E-017, -1.000000000000000000 ) ) ;
#8511 = DIRECTION ( 'NONE',  ( -0.7071067811865475700, -0.6404064646620193400, 0.2997991994970864400 ) ) ;
#8512 = CARTESIAN_POINT ( 'NONE',  ( 17.10576544611969000, 11.48652165577457200, -3.736597793554087500 ) ) ;
#8513 = DIRECTION ( 'NONE',  ( 1.000000000000000000, -2.397819961810615700E-033, 6.123031769111886300E-017 ) ) ;
#8514 = VECTOR ( 'NONE', #8513, 1000.000000000000000 ) ;
#8515 = CARTESIAN_POINT ( 'NONE',  ( 18.42656544611968900, 8.273939768064542100, -2.462716832421815800 ) ) ;
#8516 = LINE ( 'NONE', #8515, #8514 ) ;
#8517 = DIRECTION ( 'NONE',  ( -1.000000000000000000, 5.872771121110819100E-049, -1.224606353822377300E-016 ) ) ;
#8518 = DIRECTION ( 'NONE',  ( -4.795639923621230800E-033, -1.000000000000000000, 3.916066504679276500E-017 ) ) ;
#8519 = CARTESIAN_POINT ( 'NONE',  ( 18.42656544611968900, 8.273939768064542100, -2.962091549733633300 ) ) ;
#8520 = PRESENTATION_STYLE_ASSIGNMENT (( #8546 ) ) ;
#8521 = CARTESIAN_POINT ( 'NONE',  ( 18.67446071002106200, 5.911739768064540700, -2.462716832421815800 ) ) ;
#8522 = FILL_AREA_STYLE_COLOUR ( '', #8523 ) ;
#8523 = COLOUR_RGB ( '',0.8313725490196077800, 0.8392156862745098200, 0.8274509803921568100 ) ;
#8524 = DIRECTION ( 'NONE',  ( -1.000000000000000000, 0.0000000000000000000, 0.0000000000000000000 ) ) ;
#8525 = CIRCLE ( 'NONE', #8538, 0.2478952639013744200 ) ;
#8526 = CARTESIAN_POINT ( 'NONE',  ( 18.42656544611969200, 8.273939768064542100, -2.704016832421813900 ) ) ;
#8527 =( NAMED_UNIT ( * ) SI_UNIT ( $, .STERADIAN. ) SOLID_ANGLE_UNIT ( ) );
#8528 =( NAMED_UNIT ( * ) PLANE_ANGLE_UNIT ( ) SI_UNIT ( $, .RADIAN. ) );
#8529 = CARTESIAN_POINT ( 'NONE',  ( 15.73244327975312200, 7.105539768064541100, -2.704016832421814800 ) ) ;
#8530 = LINE ( 'NONE', #8545, #8544 ) ;
#8531 = FACE_OUTER_BOUND ( 'NONE', #5628, .T. ) ;
#8532 = MECHANICAL_DESIGN_GEOMETRIC_PRESENTATION_REPRESENTATION (  '', ( #8542 ), #8502 ) ;
#8533 = PRESENTATION_LAYER_ASSIGNMENT (  '', '', ( #8542 ) ) ;
#8534 = COLOUR_RGB ( '',0.8313725490196077800, 0.8392156862745098200, 0.8274509803921568100 ) ;
#8535 = UNCERTAINTY_MEASURE_WITH_UNIT (LENGTH_MEASURE( 1.000000000000000100E-005 ), #8491, 'distance_accuracy_value', 'NONE');
#8536 = DIRECTION ( 'NONE',  ( -6.162975822039154700E-033, -1.000000000000000000, 3.916066504679276500E-017 ) ) ;
#8537 = CARTESIAN_POINT ( 'NONE',  ( 18.42656544611969200, 5.911739768064540700, -2.704016832421813500 ) ) ;
#8538 = AXIS2_PLACEMENT_3D ( 'NONE', #8537, #8536, #8504 ) ;
#8539 = SURFACE_SIDE_STYLE ('',( #8540 ) ) ;
#8540 = SURFACE_STYLE_FILL_AREA ( #8503 ) ;
#8541 = FILL_AREA_STYLE_COLOUR ( '', #8534 ) ;
#8542 = STYLED_ITEM ( 'NONE', ( #8520 ), #5684 ) ;
#8543 = DIRECTION ( 'NONE',  ( -1.224606353822377300E-016, 3.916066504679276500E-017, 1.000000000000000000 ) ) ;
#8544 = VECTOR ( 'NONE', #8543, 1000.000000000000000 ) ;
#8545 = CARTESIAN_POINT ( 'NONE',  ( 18.67446071002106200, 5.911739768064540700, -2.704016832421814300 ) ) ;
#8546 = SURFACE_STYLE_USAGE ( .BOTH. , #8539 ) ;
#8547 = AXIS2_PLACEMENT_3D ( 'NONE', #8519, #8518, #8517 ) ;
#8548 = PLANE ( 'NONE',  #8547 ) ;
#8549 =( GEOMETRIC_REPRESENTATION_CONTEXT ( 3 ) GLOBAL_UNCERTAINTY_ASSIGNED_CONTEXT ( ( #8550 ) ) GLOBAL_UNIT_ASSIGNED_CONTEXT ( ( #8496, #8528, #8527 ) ) REPRESENTATION_CONTEXT ( 'NONE', 'WORKASPACE' ) );
#8550 = UNCERTAINTY_MEASURE_WITH_UNIT (LENGTH_MEASURE( 1.000000000000000100E-005 ), #8496, 'distance_accuracy_value', 'NONE');
#8551 = SURFACE_STYLE_USAGE ( .BOTH. , #8552 ) ;
#8552 = SURFACE_SIDE_STYLE ('',( #8553 ) ) ;
#8553 = SURFACE_STYLE_FILL_AREA ( #8554 ) ;
#8554 = FILL_AREA_STYLE ('',( #8522 ) ) ;
#8555 =( NAMED_UNIT ( * ) PLANE_ANGLE_UNIT ( ) SI_UNIT ( $, .RADIAN. ) );
#8556 =( LENGTH_UNIT ( ) NAMED_UNIT ( * ) SI_UNIT ( .MILLI., .METRE. ) );
#8557 = MECHANICAL_DESIGN_GEOMETRIC_PRESENTATION_REPRESENTATION (  '', ( #8559 ), #8594 ) ;
#8558 = PRESENTATION_LAYER_ASSIGNMENT (  '', '', ( #8559 ) ) ;
#8559 = STYLED_ITEM ( 'NONE', ( #8560 ), #5717 ) ;
#8560 = PRESENTATION_STYLE_ASSIGNMENT (( #8561 ) ) ;
#8561 = SURFACE_STYLE_USAGE ( .BOTH. , #8589 ) ;
#8562 = CARTESIAN_POINT ( 'NONE',  ( 15.73244327975312200, 7.105539768064541100, 1.258383167578188500 ) ) ;
#8563 =( GEOMETRIC_REPRESENTATION_CONTEXT ( 3 ) GLOBAL_UNCERTAINTY_ASSIGNED_CONTEXT ( ( #8618 ) ) GLOBAL_UNIT_ASSIGNED_CONTEXT ( ( #8584, #8644, #8619 ) ) REPRESENTATION_CONTEXT ( 'NONE', 'WORKASPACE' ) );
#8564 = CARTESIAN_POINT ( 'NONE',  ( 19.21659748988797700, 5.911739768064538900, 0.8599392275243708000 ) ) ;
#8565 = CARTESIAN_POINT ( 'NONE',  ( 19.21659748988798100, 5.911739768064540700, 1.017083167578189700 ) ) ;
#8566 = B_SPLINE_CURVE_WITH_KNOTS ( 'NONE', 3,
 ( #8565, #8564, #8576, #8575, #8574, #8600, #8599, #8598, #8608, #8607 ),
 .UNSPECIFIED., .F., .F.,
 ( 4, 2, 2, 2, 4 ),
 ( 0.0000000000000000000, 0.0004644745749048605200, 0.0009289491498097210400, 0.001393423724714581500, 0.001857898299619442100 ),
 .UNSPECIFIED. ) ;
#8567 = VECTOR ( 'NONE', #8601, 1000.000000000000000 ) ;
#8568 = CARTESIAN_POINT ( 'NONE',  ( 19.21659748988798100, 5.911739768064540700, 1.017083167578189700 ) ) ;
#8569 = DIRECTION ( 'NONE',  ( 1.000000000000000000, -6.162975822039154700E-033, 2.413462318583576400E-049 ) ) ;
#8570 = DIRECTION ( 'NONE',  ( 6.162975822039154700E-033, 1.000000000000000000, -3.916066504679276500E-017 ) ) ;
#8571 = CARTESIAN_POINT ( 'NONE',  ( -12.25663455388030900, 11.27113976806454300, 2.751045254650729400 ) ) ;
#8572 = TOROIDAL_SURFACE ( 'NONE', #8628, -2.694122166366592600, 3.683000000000084700 ) ;
#8573 =( GEOMETRIC_REPRESENTATION_CONTEXT ( 3 ) GLOBAL_UNCERTAINTY_ASSIGNED_CONTEXT ( ( #8580 ) ) GLOBAL_UNIT_ASSIGNED_CONTEXT ( ( #8645, #8646, #8597 ) ) REPRESENTATION_CONTEXT ( 'NONE', 'WORKASPACE' ) );
#8574 = CARTESIAN_POINT ( 'NONE',  ( 19.29089861006879800, 6.149393769503485700, 0.2902594348276836800 ) ) ;
#8575 = CARTESIAN_POINT ( 'NONE',  ( 19.26501373821765000, 6.061839273424629600, 0.4204899943301631500 ) ) ;
#8576 = CARTESIAN_POINT ( 'NONE',  ( 19.22772125986848100, 5.943043915061760000, 0.7058679193471576500 ) ) ;
#8577 = CARTESIAN_POINT ( 'NONE',  ( 18.42656544611969200, 7.105539768064541100, 1.258383167578187600 ) ) ;
#8578 = TOROIDAL_SURFACE ( 'NONE', #8582, -2.694122166366567300, 3.175000000000059800 ) ;
#8579 = UNCERTAINTY_MEASURE_WITH_UNIT (LENGTH_MEASURE( 1.000000000000000100E-005 ), #8556, 'distance_accuracy_value', 'NONE');
#8580 = UNCERTAINTY_MEASURE_WITH_UNIT (LENGTH_MEASURE( 1.000000000000000100E-005 ), #8645, 'distance_accuracy_value', 'NONE');
#8581 = SURFACE_STYLE_FILL_AREA ( #8642 ) ;
#8582 = AXIS2_PLACEMENT_3D ( 'NONE', #8577, #8570, #8569 ) ;
#8583 = PRESENTATION_LAYER_ASSIGNMENT (  '', '', ( #8634 ) ) ;
#8584 =( LENGTH_UNIT ( ) NAMED_UNIT ( * ) SI_UNIT ( .MILLI., .METRE. ) );
#8585 = MECHANICAL_DESIGN_GEOMETRIC_PRESENTATION_REPRESENTATION (  '', ( #8587 ), #8563 ) ;
#8586 = PRESENTATION_LAYER_ASSIGNMENT (  '', '', ( #8587 ) ) ;
#8587 = STYLED_ITEM ( 'NONE', ( #8609 ), #5725 ) ;
#8588 = FACE_OUTER_BOUND ( 'NONE', #5708, .T. ) ;
#8589 = SURFACE_SIDE_STYLE ('',( #8590 ) ) ;
#8590 = SURFACE_STYLE_FILL_AREA ( #8591 ) ;
#8591 = FILL_AREA_STYLE ('',( #8592 ) ) ;
#8592 = FILL_AREA_STYLE_COLOUR ( '', #8593 ) ;
#8593 = COLOUR_RGB ( '',0.8313725490196077800, 0.8392156862745098200, 0.8274509803921568100 ) ;
#8594 =( GEOMETRIC_REPRESENTATION_CONTEXT ( 3 ) GLOBAL_UNCERTAINTY_ASSIGNED_CONTEXT ( ( #8579 ) ) GLOBAL_UNIT_ASSIGNED_CONTEXT ( ( #8556, #8555, #8639 ) ) REPRESENTATION_CONTEXT ( 'NONE', 'WORKASPACE' ) );
#8595 = CARTESIAN_POINT ( 'NONE',  ( 18.68464016343151000, 8.273939768064542100, 1.258383167578188500 ) ) ;
#8596 = COLOUR_RGB ( '',0.8313725490196077800, 0.8392156862745098200, 0.8274509803921568100 ) ;
#8597 =( NAMED_UNIT ( * ) SI_UNIT ( $, .STERADIAN. ) SOLID_ANGLE_UNIT ( ) );
#8598 = CARTESIAN_POINT ( 'NONE',  ( 19.40380174743376800, 6.779880625576308400, -0.1321176077954185600 ) ) ;
#8599 = CARTESIAN_POINT ( 'NONE',  ( 19.36751113158903300, 6.496270871890081900, -0.01379577735349278100 ) ) ;
#8600 = CARTESIAN_POINT ( 'NONE',  ( 19.34203844427144900, 6.365511216789466100, 0.07402629273428741600 ) ) ;
#8601 = DIRECTION ( 'NONE',  ( 1.224606353822377300E-016, -3.916066504679276500E-017, -1.000000000000000000 ) ) ;
#8602 = AXIS2_PLACEMENT_3D ( 'NONE', #8632, #8631, #8630 ) ;
#8603 = CIRCLE ( 'NONE', #8602, 3.683000000000085500 ) ;
#8604 = FACE_OUTER_BOUND ( 'NONE', #5718, .T. ) ;
#8605 = SURFACE_STYLE_USAGE ( .BOTH. , #8641 ) ;
#8606 = CARTESIAN_POINT ( 'NONE',  ( 19.41542138313636600, 7.092839768064540500, -0.1640168324218100900 ) ) ;
#8607 = CARTESIAN_POINT ( 'NONE',  ( 19.41542138313636600, 7.092839768064540500, -0.1640168324218100900 ) ) ;
#8608 = CARTESIAN_POINT ( 'NONE',  ( 19.41487955160037900, 6.935709556823321800, -0.1640168324218100900 ) ) ;
#8609 = PRESENTATION_STYLE_ASSIGNMENT (( #8610 ) ) ;
#8610 = SURFACE_STYLE_USAGE ( .BOTH. , #8611 ) ;
#8611 = SURFACE_SIDE_STYLE ('',( #8612 ) ) ;
#8612 = SURFACE_STYLE_FILL_AREA ( #8613 ) ;
#8613 = FILL_AREA_STYLE ('',( #8614 ) ) ;
#8614 = FILL_AREA_STYLE_COLOUR ( '', #8615 ) ;
#8615 = COLOUR_RGB ( '',0.8313725490196077800, 0.8392156862745098200, 0.8274509803921568100 ) ;
#8616 = FACE_OUTER_BOUND ( 'NONE', #5616, .T. ) ;
#8617 = DIRECTION ( 'NONE',  ( 1.000000000000000000, 2.424147212907173200E-033, 2.192792953001600800E-016 ) ) ;
#8618 = UNCERTAINTY_MEASURE_WITH_UNIT (LENGTH_MEASURE( 1.000000000000000100E-005 ), #8584, 'distance_accuracy_value', 'NONE');
#8619 =( NAMED_UNIT ( * ) SI_UNIT ( $, .STERADIAN. ) SOLID_ANGLE_UNIT ( ) );
#8620 = MECHANICAL_DESIGN_GEOMETRIC_PRESENTATION_REPRESENTATION (  '', ( #8634 ), #8573 ) ;
#8621 = DIRECTION ( 'NONE',  ( -1.000000000000000000, 0.0000000000000000000, 0.0000000000000000000 ) ) ;
#8622 = DIRECTION ( 'NONE',  ( -6.162975822039154700E-033, -1.000000000000000000, 3.916066504679276500E-017 ) ) ;
#8623 = CARTESIAN_POINT ( 'NONE',  ( 18.42656544611969200, 5.911739768064540700, -2.704016832421813500 ) ) ;
#8624 = AXIS2_PLACEMENT_3D ( 'NONE', #8623, #8622, #8621 ) ;
#8625 = CIRCLE ( 'NONE', #8624, 0.7900320437682871700 ) ;
#8626 = DIRECTION ( 'NONE',  ( 6.162975822039154700E-033, 1.000000000000000000, -3.916066504679276500E-017 ) ) ;
#8627 = CARTESIAN_POINT ( 'NONE',  ( 18.42656544611969200, 7.105539768064542000, 1.258383167578187600 ) ) ;
#8628 = AXIS2_PLACEMENT_3D ( 'NONE', #8627, #8626, #8617 ) ;
#8629 = CARTESIAN_POINT ( 'NONE',  ( 18.67446071002106200, 5.911739768064540700, 1.017083167578189700 ) ) ;
#8630 = DIRECTION ( 'NONE',  ( -1.000000000000000000, 0.0000000000000000000, -1.766281030386336000E-016 ) ) ;
#8631 = DIRECTION ( 'NONE',  ( -1.836909530733565900E-016, 3.916066504679276500E-017, 1.000000000000000000 ) ) ;
#8632 = CARTESIAN_POINT ( 'NONE',  ( 15.73244327975309700, 7.105539768064542000, 1.258383167578188500 ) ) ;
#8633 = PRESENTATION_STYLE_ASSIGNMENT (( #8605 ) ) ;
#8634 = STYLED_ITEM ( 'NONE', ( #8633 ), #5707 ) ;
#8635 = DIRECTION ( 'NONE',  ( -1.000000000000000000, 0.0000000000000000000, -1.365923996832106000E-016 ) ) ;
#8636 = DIRECTION ( 'NONE',  ( 1.224606353822377300E-016, -3.916066504679276500E-017, -1.000000000000000000 ) ) ;
#8637 = AXIS2_PLACEMENT_3D ( 'NONE', #8562, #8636, #8635 ) ;
#8638 = CYLINDRICAL_SURFACE ( 'NONE', #8637, 3.175000000000059800 ) ;
#8639 =( NAMED_UNIT ( * ) SI_UNIT ( $, .STERADIAN. ) SOLID_ANGLE_UNIT ( ) );
#8640 = FILL_AREA_STYLE_COLOUR ( '', #8596 ) ;
#8641 = SURFACE_SIDE_STYLE ('',( #8581 ) ) ;
#8642 = FILL_AREA_STYLE ('',( #8640 ) ) ;
#8643 = LINE ( 'NONE', #8595, #8567 ) ;
#8644 =( NAMED_UNIT ( * ) PLANE_ANGLE_UNIT ( ) SI_UNIT ( $, .RADIAN. ) );
#8645 =( LENGTH_UNIT ( ) NAMED_UNIT ( * ) SI_UNIT ( .MILLI., .METRE. ) );
#8646 =( NAMED_UNIT ( * ) PLANE_ANGLE_UNIT ( ) SI_UNIT ( $, .RADIAN. ) );
#8647 = B_SPLINE_CURVE_WITH_KNOTS ( 'NONE', 3,
 ( #8693, #8682, #8681, #8680, #8677, #8653, #8652, #8675, #8674, #8673 ),
 .UNSPECIFIED., .F., .F.,
 ( 4, 2, 2, 2, 4 ),
 ( 0.0000000000000000000, 0.0004611115134716473100, 0.0009222230269432952600, 0.001383334540414943200, 0.001844446053886591000 ),
 .UNSPECIFIED. ) ;
#8648 =( LENGTH_UNIT ( ) NAMED_UNIT ( * ) SI_UNIT ( .MILLI., .METRE. ) );
#8649 = MECHANICAL_DESIGN_GEOMETRIC_PRESENTATION_REPRESENTATION (  '', ( #8688 ), #8687 ) ;
#8650 = PRESENTATION_LAYER_ASSIGNMENT (  '', '', ( #8688 ) ) ;
#8651 = FILL_AREA_STYLE_COLOUR ( '', #8672 ) ;
#8652 = CARTESIAN_POINT ( 'NONE',  ( 19.37046840940872600, 7.696526153269942000, -1.436146497538424400 ) ) ;
#8653 = CARTESIAN_POINT ( 'NONE',  ( 19.34597870406776500, 7.825862878333460900, -1.524233755699334600 ) ) ;
#8654 = UNCERTAINTY_MEASURE_WITH_UNIT (LENGTH_MEASURE( 1.000000000000000100E-005 ), #8684, 'distance_accuracy_value', 'NONE');
#8655 =( NAMED_UNIT ( * ) SI_UNIT ( $, .STERADIAN. ) SOLID_ANGLE_UNIT ( ) );
#8656 =( NAMED_UNIT ( * ) PLANE_ANGLE_UNIT ( ) SI_UNIT ( $, .RADIAN. ) );
#8657 = DIRECTION ( 'NONE',  ( 1.000000000000000000, 0.0000000000000000000, 0.0000000000000000000 ) ) ;
#8658 = DIRECTION ( 'NONE',  ( 6.162975822039154700E-033, 1.000000000000000000, -3.916066504679276500E-017 ) ) ;
#8659 = CARTESIAN_POINT ( 'NONE',  ( 18.19796544611969200, 0.3491397680645407800, -0.7228168324218136000 ) ) ;
#8660 = AXIS2_PLACEMENT_3D ( 'NONE', #8659, #8658, #8657 ) ;
#8661 = CIRCLE ( 'NONE', #8660, 0.1904999999999997000 ) ;
#8662 = FACE_OUTER_BOUND ( 'NONE', #5737, .T. ) ;
#8663 = PRESENTATION_LAYER_ASSIGNMENT (  '', '', ( #8664 ) ) ;
#8664 = STYLED_ITEM ( 'NONE', ( #8665 ), #5736 ) ;
#8665 = PRESENTATION_STYLE_ASSIGNMENT (( #8666 ) ) ;
#8666 = SURFACE_STYLE_USAGE ( .BOTH. , #8667 ) ;
#8667 = SURFACE_SIDE_STYLE ('',( #8668 ) ) ;
#8668 = SURFACE_STYLE_FILL_AREA ( #8669 ) ;
#8669 = FILL_AREA_STYLE ('',( #8670 ) ) ;
#8670 = FILL_AREA_STYLE_COLOUR ( '', #8671 ) ;
#8671 = COLOUR_RGB ( '',0.8313725490196077800, 0.8392156862745098200, 0.8274509803921568100 ) ;
#8672 = COLOUR_RGB ( '',0.8313725490196077800, 0.8392156862745098200, 0.8274509803921568100 ) ;
#8673 = CARTESIAN_POINT ( 'NONE',  ( 19.41544327975318400, 7.105539768064542000, -1.281685113965448200 ) ) ;
#8674 = CARTESIAN_POINT ( 'NONE',  ( 19.41544327975318800, 7.261310356808557700, -1.283360163370247400 ) ) ;
#8675 = CARTESIAN_POINT ( 'NONE',  ( 19.40507681331398300, 7.415789151090663700, -1.316423850611315500 ) ) ;
#8676 = FILL_AREA_STYLE ('',( #8651 ) ) ;
#8677 = CARTESIAN_POINT ( 'NONE',  ( 19.29674529833616200, 8.039485572856868600, -1.740266082715025600 ) ) ;
#8678 = UNCERTAINTY_MEASURE_WITH_UNIT (LENGTH_MEASURE( 1.000000000000000100E-005 ), #8648, 'distance_accuracy_value', 'NONE');
#8679 =( NAMED_UNIT ( * ) SI_UNIT ( $, .STERADIAN. ) SOLID_ANGLE_UNIT ( ) );
#8680 = CARTESIAN_POINT ( 'NONE',  ( 19.27181275336811700, 8.125888231594917200, -1.869937961798419100 ) ) ;
#8681 = CARTESIAN_POINT ( 'NONE',  ( 19.23589342034132000, 8.243118059963212100, -2.153790030983830000 ) ) ;
#8682 = CARTESIAN_POINT ( 'NONE',  ( 19.22519727051750100, 8.273939768064543900, -2.306714284083899000 ) ) ;
#8683 =( NAMED_UNIT ( * ) PLANE_ANGLE_UNIT ( ) SI_UNIT ( $, .RADIAN. ) );
#8684 =( LENGTH_UNIT ( ) NAMED_UNIT ( * ) SI_UNIT ( .MILLI., .METRE. ) );
#8685 = MECHANICAL_DESIGN_GEOMETRIC_PRESENTATION_REPRESENTATION (  '', ( #8664 ), #8375 ) ;
#8686 = CARTESIAN_POINT ( 'NONE',  ( 18.42656544611969200, 7.105539768064541100, -2.704016832421813900 ) ) ;
#8687 =( GEOMETRIC_REPRESENTATION_CONTEXT ( 3 ) GLOBAL_UNCERTAINTY_ASSIGNED_CONTEXT ( ( #8678 ) ) GLOBAL_UNIT_ASSIGNED_CONTEXT ( ( #8648, #8656, #8679 ) ) REPRESENTATION_CONTEXT ( 'NONE', 'WORKASPACE' ) );
#8688 = STYLED_ITEM ( 'NONE', ( #8689 ), #5730 ) ;
#8689 = PRESENTATION_STYLE_ASSIGNMENT (( #8690 ) ) ;
#8690 = SURFACE_STYLE_USAGE ( .BOTH. , #8691 ) ;
#8691 = SURFACE_SIDE_STYLE ('',( #8692 ) ) ;
#8692 = SURFACE_STYLE_FILL_AREA ( #8676 ) ;
#8693 = CARTESIAN_POINT ( 'NONE',  ( 19.22519727051749800, 8.273939768064542100, -2.462716832421815800 ) ) ;
#8694 = DIRECTION ( 'NONE',  ( -1.000000000000000000, 6.162975822039154700E-033, -2.413462318583576400E-049 ) ) ;
#8695 = DIRECTION ( 'NONE',  ( -6.162975822039154700E-033, -1.000000000000000000, 3.916066504679276500E-017 ) ) ;
#8696 = AXIS2_PLACEMENT_3D ( 'NONE', #8686, #8695, #8694 ) ;
#8697 = TOROIDAL_SURFACE ( 'NONE', #8696, -2.694122166366567300, 3.175000000000059800 ) ;
#8698 = FACE_OUTER_BOUND ( 'NONE', #5731, .T. ) ;
#8699 =( LENGTH_UNIT ( ) NAMED_UNIT ( * ) SI_UNIT ( .MILLI., .METRE. ) );
#8700 = MECHANICAL_DESIGN_GEOMETRIC_PRESENTATION_REPRESENTATION (  '', ( #8730 ), #8706 ) ;
#8701 = AXIS2_PLACEMENT_3D ( 'NONE', #8715, #8734, #8703 ) ;
#8702 = COLOUR_RGB ( '',0.7960784313725489700, 0.8235294117647058400, 0.9372549019607843100 ) ;
#8703 = DIRECTION ( 'NONE',  ( -1.000000000000000000, -2.267858228996646100E-034, -1.631678531838962500E-016 ) ) ;
#8704 = FILL_AREA_STYLE ('',( #8732 ) ) ;
#8705 =( NAMED_UNIT ( * ) SI_UNIT ( $, .STERADIAN. ) SOLID_ANGLE_UNIT ( ) );
#8706 =( GEOMETRIC_REPRESENTATION_CONTEXT ( 3 ) GLOBAL_UNCERTAINTY_ASSIGNED_CONTEXT ( ( #8716 ) ) GLOBAL_UNIT_ASSIGNED_CONTEXT ( ( #8699, #8718, #8705 ) ) REPRESENTATION_CONTEXT ( 'NONE', 'WORKASPACE' ) );
#8707 = SURFACE_STYLE_USAGE ( .BOTH. , #8708 ) ;
#8708 = SURFACE_SIDE_STYLE ('',( #8709 ) ) ;
#8709 = SURFACE_STYLE_FILL_AREA ( #8710 ) ;
#8710 = FILL_AREA_STYLE ('',( #8712 ) ) ;
#8711 = SURFACE_STYLE_FILL_AREA ( #8704 ) ;
#8712 = FILL_AREA_STYLE_COLOUR ( '', #8713 ) ;
#8713 = COLOUR_RGB ( '',0.8313725490196077800, 0.8392156862745098200, 0.8274509803921568100 ) ;
#8714 = FACE_OUTER_BOUND ( 'NONE', #5742, .T. ) ;
#8715 = CARTESIAN_POINT ( 'NONE',  ( 18.19796544611969200, 0.2221397680645407800, -0.7228168324218136000 ) ) ;
#8716 = UNCERTAINTY_MEASURE_WITH_UNIT (LENGTH_MEASURE( 1.000000000000000100E-005 ), #8699, 'distance_accuracy_value', 'NONE');
#8717 =( NAMED_UNIT ( * ) PLANE_ANGLE_UNIT ( ) SI_UNIT ( $, .RADIAN. ) );
#8718 =( NAMED_UNIT ( * ) PLANE_ANGLE_UNIT ( ) SI_UNIT ( $, .RADIAN. ) );
#8719 = MECHANICAL_DESIGN_GEOMETRIC_PRESENTATION_REPRESENTATION (  '', ( #8721 ), #8733 ) ;
#8720 = PRESENTATION_LAYER_ASSIGNMENT (  '', '', ( #8721 ) ) ;
#8721 = STYLED_ITEM ( 'NONE', ( #8722 ), #5739 ) ;
#8722 = PRESENTATION_STYLE_ASSIGNMENT (( #8727 ) ) ;
#8723 = UNCERTAINTY_MEASURE_WITH_UNIT (LENGTH_MEASURE( 1.000000000000000100E-005 ), #8725, 'distance_accuracy_value', 'NONE');
#8724 =( NAMED_UNIT ( * ) SI_UNIT ( $, .STERADIAN. ) SOLID_ANGLE_UNIT ( ) );
#8725 =( LENGTH_UNIT ( ) NAMED_UNIT ( * ) SI_UNIT ( .MILLI., .METRE. ) );
#8726 = TOROIDAL_SURFACE ( 'NONE', #8701, 0.4104704525612473700, 0.2540000000000000000 ) ;
#8727 = SURFACE_STYLE_USAGE ( .BOTH. , #8728 ) ;
#8728 = SURFACE_SIDE_STYLE ('',( #8711 ) ) ;
#8729 = PRESENTATION_LAYER_ASSIGNMENT (  '', '', ( #8730 ) ) ;
#8730 = STYLED_ITEM ( 'NONE', ( #8731 ), #5740 ) ;
#8731 = PRESENTATION_STYLE_ASSIGNMENT (( #8707 ) ) ;
#8732 = FILL_AREA_STYLE_COLOUR ( '', #8702 ) ;
#8733 =( GEOMETRIC_REPRESENTATION_CONTEXT ( 3 ) GLOBAL_UNCERTAINTY_ASSIGNED_CONTEXT ( ( #8723 ) ) GLOBAL_UNIT_ASSIGNED_CONTEXT ( ( #8725, #8717, #8724 ) ) REPRESENTATION_CONTEXT ( 'NONE', 'WORKASPACE' ) );
#8734 = DIRECTION ( 'NONE',  ( -6.162975822039154700E-033, -1.000000000000000000, 3.916066504679276500E-017 ) ) ;
#8735 = DIRECTION ( 'NONE',  ( 1.000000000000000000, 6.697912673203520900E-017, 4.908584475015948200E-016 ) ) ;
#8736 = CARTESIAN_POINT ( 'NONE',  ( -7.456034553880309400, -7.232760231935460900, -0.7228168324218142700 ) ) ;
#8737 = CYLINDRICAL_SURFACE ( 'NONE', #8739, 0.9905999999999999300 ) ;
#8738 = DIRECTION ( 'NONE',  ( -8.755923056616228400E-016, 0.0000000000000000000, 1.000000000000000000 ) ) ;
#8739 = AXIS2_PLACEMENT_3D ( 'NONE', #8736, #8735, #8738 ) ;
#8740 = CARTESIAN_POINT ( 'NONE',  ( -10.30083455388031100, -2.013060231935459100, -1.700716832421814300 ) ) ;
#8741 = LINE ( 'NONE', #8740, #8775 ) ;
#8742 = DIRECTION ( 'NONE',  ( 6.697912673203516000E-017, -1.000000000000000000, 1.025202604387803500E-016 ) ) ;
#8743 = VECTOR ( 'NONE', #8742, 1000.000000000000000 ) ;
#8744 = DIRECTION ( 'NONE',  ( 1.000000000000000000, 6.697912673203520900E-017, 4.908584475015948200E-016 ) ) ;
#8745 = CARTESIAN_POINT ( 'NONE',  ( 18.68464016343151000, 8.273939768064542100, 1.017083167578189700 ) ) ;
#8746 = UNCERTAINTY_MEASURE_WITH_UNIT (LENGTH_MEASURE( 1.000000000000000100E-005 ), #8806, 'distance_accuracy_value', 'NONE');
#8747 = MECHANICAL_DESIGN_GEOMETRIC_PRESENTATION_REPRESENTATION (  '', ( #8783 ), #8778 ) ;
#8748 = PRESENTATION_LAYER_ASSIGNMENT (  '', '', ( #8783 ) ) ;
#8749 = DIRECTION ( 'NONE',  ( -8.755923056616228400E-016, 0.0000000000000000000, 1.000000000000000000 ) ) ;
#8750 =( LENGTH_UNIT ( ) NAMED_UNIT ( * ) SI_UNIT ( .MILLI., .METRE. ) );
#8751 = SURFACE_STYLE_FILL_AREA ( #8752 ) ;
#8752 = FILL_AREA_STYLE ('',( #8805 ) ) ;
#8753 = VECTOR ( 'NONE', #8768, 1000.000000000000000 ) ;
#8754 = SURFACE_SIDE_STYLE ('',( #8755 ) ) ;
#8755 = SURFACE_STYLE_FILL_AREA ( #8756 ) ;
#8756 = FILL_AREA_STYLE ('',( #8757 ) ) ;
#8757 = FILL_AREA_STYLE_COLOUR ( '', #8758 ) ;
#8758 = COLOUR_RGB ( '',0.8313725490196077800, 0.8392156862745098200, 0.8274509803921568100 ) ;
#8759 = DIRECTION ( 'NONE',  ( 0.0000000000000000000, 1.000000000000000000, 0.0000000000000000000 ) ) ;
#8760 = AXIS2_PLACEMENT_3D ( 'NONE', #8808, #8744, #8749 ) ;
#8761 = COLOUR_RGB ( '',0.8313725490196077800, 0.8392156862745098200, 0.8274509803921568100 ) ;
#8762 = FACE_OUTER_BOUND ( 'NONE', #5755, .T. ) ;
#8763 = DIRECTION ( 'NONE',  ( 0.0000000000000000000, 1.108704542883222300E-016, 1.000000000000000000 ) ) ;
#8764 = DIRECTION ( 'NONE',  ( 6.697912673203516000E-017, -1.000000000000000000, 1.025202604387803500E-016 ) ) ;
#8765 = CARTESIAN_POINT ( 'NONE',  ( -10.30083455388031100, 0.4761397680645407800, -0.7228168324218133800 ) ) ;
#8766 = AXIS2_PLACEMENT_3D ( 'NONE', #8765, #8764, #8763 ) ;
#8767 = CYLINDRICAL_SURFACE ( 'NONE', #7875, 0.9905999999999999300 ) ;
#8768 = DIRECTION ( 'NONE',  ( -1.000000000000000000, -2.397819961810614400E-033, -1.836909530733565900E-016 ) ) ;
#8769 = FACE_OUTER_BOUND ( 'NONE', #5762, .T. ) ;
#8770 = UNCERTAINTY_MEASURE_WITH_UNIT (LENGTH_MEASURE( 1.000000000000000100E-005 ), #8750, 'distance_accuracy_value', 'NONE');
#8771 =( NAMED_UNIT ( * ) SI_UNIT ( $, .STERADIAN. ) SOLID_ANGLE_UNIT ( ) );
#8772 = CIRCLE ( 'NONE', #8766, 0.9779000000000012100 ) ;
#8773 = CARTESIAN_POINT ( 'NONE',  ( -10.30083455388031100, 0.4761397680645408900, 0.2550831675781877700 ) ) ;
#8774 = DIRECTION ( 'NONE',  ( 6.697912673203516000E-017, -1.000000000000000000, 1.025202604387803500E-016 ) ) ;
#8775 = VECTOR ( 'NONE', #8774, 1000.000000000000000 ) ;
#8776 =( NAMED_UNIT ( * ) PLANE_ANGLE_UNIT ( ) SI_UNIT ( $, .RADIAN. ) );
#8777 = DIRECTION ( 'NONE',  ( -1.000000000000000000, 5.872771121110819100E-049, -1.224606353822377300E-016 ) ) ;
#8778 =( GEOMETRIC_REPRESENTATION_CONTEXT ( 3 ) GLOBAL_UNCERTAINTY_ASSIGNED_CONTEXT ( ( #8746 ) ) GLOBAL_UNIT_ASSIGNED_CONTEXT ( ( #8806, #8776, #8809 ) ) REPRESENTATION_CONTEXT ( 'NONE', 'WORKASPACE' ) );
#8779 = CARTESIAN_POINT ( 'NONE',  ( -10.30083455388031100, -2.013060231935459100, 0.2550831675781880000 ) ) ;
#8780 = LINE ( 'NONE', #8779, #8743 ) ;
#8781 = DIRECTION ( 'NONE',  ( 5.326524871121798400E-034, 1.025202604387803500E-016, 1.000000000000000000 ) ) ;
#8782 = DIRECTION ( 'NONE',  ( 6.697912673203516000E-017, -1.000000000000000000, 1.025202604387803500E-016 ) ) ;
#8783 = STYLED_ITEM ( 'NONE', ( #8784 ), #5754 ) ;
#8784 = PRESENTATION_STYLE_ASSIGNMENT (( #8791 ) ) ;
#8785 = DIRECTION ( 'NONE',  ( 1.000000000000000000, 6.697912673203516000E-017, -5.551115123125782700E-017 ) ) ;
#8786 = CARTESIAN_POINT ( 'NONE',  ( -10.30083455388031100, -0.01880692146822328000, 0.9837334711720429100 ) ) ;
#8787 = AXIS2_PLACEMENT_3D ( 'NONE', #8786, #8785, #8759 ) ;
#8788 = CIRCLE ( 'NONE', #8760, 0.9905999999999999300 ) ;
#8789 = PLANE ( 'NONE',  #8803 ) ;
#8790 = CIRCLE ( 'NONE', #8787, 0.8808538416825231200 ) ;
#8791 = SURFACE_STYLE_USAGE ( .BOTH. , #8792 ) ;
#8792 = SURFACE_SIDE_STYLE ('',( #8751 ) ) ;
#8793 = MECHANICAL_DESIGN_GEOMETRIC_PRESENTATION_REPRESENTATION (  '', ( #8795 ), #8800 ) ;
#8794 = PRESENTATION_LAYER_ASSIGNMENT (  '', '', ( #8795 ) ) ;
#8795 = STYLED_ITEM ( 'NONE', ( #8796 ), #5761 ) ;
#8796 = PRESENTATION_STYLE_ASSIGNMENT (( #8797 ) ) ;
#8797 = SURFACE_STYLE_USAGE ( .BOTH. , #8754 ) ;
#8798 = AXIS2_PLACEMENT_3D ( 'NONE', #8807, #8782, #8781 ) ;
#8799 = TOROIDAL_SURFACE ( 'NONE', #8798, 1.776418144902863500, 0.1864223314702933300 ) ;
#8800 =( GEOMETRIC_REPRESENTATION_CONTEXT ( 3 ) GLOBAL_UNCERTAINTY_ASSIGNED_CONTEXT ( ( #8770 ) ) GLOBAL_UNIT_ASSIGNED_CONTEXT ( ( #8750, #8810, #8771 ) ) REPRESENTATION_CONTEXT ( 'NONE', 'WORKASPACE' ) );
#8801 = DIRECTION ( 'NONE',  ( -4.795639923621230800E-033, -1.000000000000000000, 3.916066504679276500E-017 ) ) ;
#8802 = CARTESIAN_POINT ( 'NONE',  ( 18.42656544611968900, 5.911739768064540700, 1.506278431479561000 ) ) ;
#8803 = AXIS2_PLACEMENT_3D ( 'NONE', #8802, #8801, #8777 ) ;
#8804 = LINE ( 'NONE', #8745, #8753 ) ;
#8805 = FILL_AREA_STYLE_COLOUR ( '', #8761 ) ;
#8806 =( LENGTH_UNIT ( ) NAMED_UNIT ( * ) SI_UNIT ( .MILLI., .METRE. ) );
#8807 = CARTESIAN_POINT ( 'NONE',  ( -10.30083455388031100, 0.6721393242335133000, -0.7228168324218136000 ) ) ;
#8808 = CARTESIAN_POINT ( 'NONE',  ( -7.456034553880309400, -7.232760231935460900, -0.7228168324218142700 ) ) ;
#8809 =( NAMED_UNIT ( * ) SI_UNIT ( $, .STERADIAN. ) SOLID_ANGLE_UNIT ( ) );
#8810 =( NAMED_UNIT ( * ) PLANE_ANGLE_UNIT ( ) SI_UNIT ( $, .RADIAN. ) );
#8811 = PRESENTATION_LAYER_ASSIGNMENT (  '', '', ( #8812 ) ) ;
#8812 = STYLED_ITEM ( 'NONE', ( #8824 ), #5775 ) ;
#8813 =( LENGTH_UNIT ( ) NAMED_UNIT ( * ) SI_UNIT ( .MILLI., .METRE. ) );
#8814 = MECHANICAL_DESIGN_GEOMETRIC_PRESENTATION_REPRESENTATION (  '', ( #8816 ), #8848 ) ;
#8815 = PRESENTATION_LAYER_ASSIGNMENT (  '', '', ( #8816 ) ) ;
#8816 = STYLED_ITEM ( 'NONE', ( #8817 ), #5776 ) ;
#8817 = PRESENTATION_STYLE_ASSIGNMENT (( #8818 ) ) ;
#8818 = SURFACE_STYLE_USAGE ( .BOTH. , #8819 ) ;
#8819 = SURFACE_SIDE_STYLE ('',( #8820 ) ) ;
#8820 = SURFACE_STYLE_FILL_AREA ( #8821 ) ;
#8821 = FILL_AREA_STYLE ('',( #8822 ) ) ;
#8822 = FILL_AREA_STYLE_COLOUR ( '', #8843 ) ;
#8823 = UNCERTAINTY_MEASURE_WITH_UNIT (LENGTH_MEASURE( 1.000000000000000100E-005 ), #8813, 'distance_accuracy_value', 'NONE');
#8824 = PRESENTATION_STYLE_ASSIGNMENT (( #8825 ) ) ;
#8825 = SURFACE_STYLE_USAGE ( .BOTH. , #8853 ) ;
#8826 = FILL_AREA_STYLE ('',( #8849 ) ) ;
#8827 = COLOUR_RGB ( '',0.8313725490196077800, 0.8392156862745098200, 0.8274509803921568100 ) ;
#8828 =( LENGTH_UNIT ( ) NAMED_UNIT ( * ) SI_UNIT ( .MILLI., .METRE. ) );
#8829 = CARTESIAN_POINT ( 'NONE',  ( -10.30083455388031100, -0.01880692146822345700, -0.7228168324218133800 ) ) ;
#8830 =( GEOMETRIC_REPRESENTATION_CONTEXT ( 3 ) GLOBAL_UNCERTAINTY_ASSIGNED_CONTEXT ( ( #8832 ) ) GLOBAL_UNIT_ASSIGNED_CONTEXT ( ( #8828, #8834, #8833 ) ) REPRESENTATION_CONTEXT ( 'NONE', 'WORKASPACE' ) );
#8831 = FACE_OUTER_BOUND ( 'NONE', #5766, .T. ) ;
#8832 = UNCERTAINTY_MEASURE_WITH_UNIT (LENGTH_MEASURE( 1.000000000000000100E-005 ), #8828, 'distance_accuracy_value', 'NONE');
#8833 =( NAMED_UNIT ( * ) SI_UNIT ( $, .STERADIAN. ) SOLID_ANGLE_UNIT ( ) );
#8834 =( NAMED_UNIT ( * ) PLANE_ANGLE_UNIT ( ) SI_UNIT ( $, .RADIAN. ) );
#8835 = CARTESIAN_POINT ( 'NONE',  ( -10.30083455388031100, 0.8571397680645412900, -2.522215870543663900 ) ) ;
#8836 = CYLINDRICAL_SURFACE ( 'NONE', #7872, 1.587499999999997500 ) ;
#8837 = DIRECTION ( 'NONE',  ( 0.0000000000000000000, 0.0000000000000000000, 1.000000000000000000 ) ) ;
#8838 = DIRECTION ( 'NONE',  ( 6.697912673203516000E-017, -1.000000000000000000, 1.025202604387803500E-016 ) ) ;
#8839 = DIRECTION ( 'NONE',  ( -2.555182779713706200E-035, 1.025202604387803400E-016, 1.000000000000000000 ) ) ;
#8840 = DIRECTION ( 'NONE',  ( 6.697912673203516000E-017, -1.000000000000000000, 1.025202604387803500E-016 ) ) ;
#8841 = AXIS2_PLACEMENT_3D ( 'NONE', #8829, #8840, #8839 ) ;
#8842 = TOROIDAL_SURFACE ( 'NONE', #8841, 1.706550303593856300, 0.8808538416825231200 ) ;
#8843 = COLOUR_RGB ( '',0.8313725490196077800, 0.8392156862745098200, 0.8274509803921568100 ) ;
#8844 = FACE_OUTER_BOUND ( 'NONE', #5787, .T. ) ;
#8845 = AXIS2_PLACEMENT_3D ( 'NONE', #8847, #8838, #8837 ) ;
#8846 = CYLINDRICAL_SURFACE ( 'NONE', #8845, 1.961418588733892000 ) ;
#8847 = CARTESIAN_POINT ( 'NONE',  ( -10.30083455388031100, -2.013060231935459100, -0.7228168324218131600 ) ) ;
#8848 =( GEOMETRIC_REPRESENTATION_CONTEXT ( 3 ) GLOBAL_UNCERTAINTY_ASSIGNED_CONTEXT ( ( #8823 ) ) GLOBAL_UNIT_ASSIGNED_CONTEXT ( ( #8813, #8852, #8851 ) ) REPRESENTATION_CONTEXT ( 'NONE', 'WORKASPACE' ) );
#8849 = FILL_AREA_STYLE_COLOUR ( '', #8827 ) ;
#8850 = MECHANICAL_DESIGN_GEOMETRIC_PRESENTATION_REPRESENTATION (  '', ( #8812 ), #8830 ) ;
#8851 =( NAMED_UNIT ( * ) SI_UNIT ( $, .STERADIAN. ) SOLID_ANGLE_UNIT ( ) );
#8852 =( NAMED_UNIT ( * ) PLANE_ANGLE_UNIT ( ) SI_UNIT ( $, .RADIAN. ) );
#8853 = SURFACE_SIDE_STYLE ('',( #8854 ) ) ;
#8854 = SURFACE_STYLE_FILL_AREA ( #8826 ) ;
#8855 = CARTESIAN_POINT ( 'NONE',  ( -7.456034553880308600, -2.267060231935456500, -2.310316832421811700 ) ) ;
#8856 = LINE ( 'NONE', #8855, #8891 ) ;
#8857 = CARTESIAN_POINT ( 'NONE',  ( -10.30083455388031100, 0.8571397680645417300, 1.076582205700036900 ) ) ;
#8858 = DIRECTION ( 'NONE',  ( 0.0000000000000000000, 1.105528599262805700E-016, 1.000000000000000000 ) ) ;
#8859 = DIRECTION ( 'NONE',  ( 6.697912673203516000E-017, -1.000000000000000000, 1.025202604387803500E-016 ) ) ;
#8860 = DIRECTION ( 'NONE',  ( 1.000000000000000000, 6.697912673203520900E-017, 4.908584475015948200E-016 ) ) ;
#8861 = CARTESIAN_POINT ( 'NONE',  ( -7.456034553880309400, -7.232760231935460900, -0.7228168324218142700 ) ) ;
#8862 = AXIS2_PLACEMENT_3D ( 'NONE', #8861, #8860, #8881 ) ;
#8863 = CIRCLE ( 'NONE', #8862, 1.587499999999997500 ) ;
#8864 = FACE_OUTER_BOUND ( 'NONE', #5810, .T. ) ;
#8865 = CIRCLE ( 'NONE', #8920, 0.9779000000000012100 ) ;
#8866 = DIRECTION ( 'NONE',  ( 6.697912673203516000E-017, -1.000000000000000000, 1.025202604387803500E-016 ) ) ;
#8867 = DIRECTION ( 'NONE',  ( 0.0000000000000000000, 1.108704542883222300E-016, 1.000000000000000000 ) ) ;
#8868 = CARTESIAN_POINT ( 'NONE',  ( -7.456034553880308600, -2.267060231935456000, -2.310316832421811700 ) ) ;
#8869 = CARTESIAN_POINT ( 'NONE',  ( -7.456034553880308600, -7.232760231935460900, -2.310316832421810900 ) ) ;
#8870 = VECTOR ( 'NONE', #8887, 1000.000000000000000 ) ;
#8871 = CARTESIAN_POINT ( 'NONE',  ( -10.30083455388031100, 0.6491584310145271900, 1.238601756312078400 ) ) ;
#8872 = PRESENTATION_LAYER_ASSIGNMENT (  '', '', ( #8873 ) ) ;
#8873 = STYLED_ITEM ( 'NONE', ( #8874 ), #5809 ) ;
#8874 = PRESENTATION_STYLE_ASSIGNMENT (( #8875 ) ) ;
#8875 = SURFACE_STYLE_USAGE ( .BOTH. , #8876 ) ;
#8876 = SURFACE_SIDE_STYLE ('',( #8877 ) ) ;
#8877 = SURFACE_STYLE_FILL_AREA ( #8878 ) ;
#8878 = FILL_AREA_STYLE ('',( #8879 ) ) ;
#8879 = FILL_AREA_STYLE_COLOUR ( '', #8880 ) ;
#8880 = COLOUR_RGB ( '',0.8313725490196077800, 0.8392156862745098200, 0.8274509803921568100 ) ;
#8881 = DIRECTION ( 'NONE',  ( -5.463695987328535300E-016, 0.0000000000000000000, 1.000000000000000000 ) ) ;
#8882 = DIRECTION ( 'NONE',  ( 6.697912673203516000E-017, -1.000000000000000000, 1.025202604387803500E-016 ) ) ;
#8883 = CARTESIAN_POINT ( 'NONE',  ( -10.30083455388031100, 0.4761397680645407800, -0.7228168324218133800 ) ) ;
#8884 = AXIS2_PLACEMENT_3D ( 'NONE', #8883, #8882, #8867 ) ;
#8885 = CIRCLE ( 'NONE', #8884, 0.9779000000000012100 ) ;
#8886 = CARTESIAN_POINT ( 'NONE',  ( -10.30083455388031100, -0.01880692146822363400, -2.429367136015669400 ) ) ;
#8887 = DIRECTION ( 'NONE',  ( 1.000000000000000000, 6.697912673203520900E-017, 4.908584475015948200E-016 ) ) ;
#8888 = CARTESIAN_POINT ( 'NONE',  ( -7.456034553880308600, -7.232760231935460900, -2.310316832421810900 ) ) ;
#8889 = LINE ( 'NONE', #8888, #8870 ) ;
#8890 = DIRECTION ( 'NONE',  ( 4.908584475015948200E-016, -1.025202604387803100E-016, -1.000000000000000000 ) ) ;
#8891 = VECTOR ( 'NONE', #8890, 1000.000000000000000 ) ;
#8892 = DIRECTION ( 'NONE',  ( 0.0000000000000000000, 1.205071414973253000E-016, 1.000000000000000000 ) ) ;
#8893 = DIRECTION ( 'NONE',  ( 6.697912673203516000E-017, -1.000000000000000000, 1.025202604387803500E-016 ) ) ;
#8894 = CARTESIAN_POINT ( 'NONE',  ( -10.30083455388031100, 0.8571397680645415100, -0.7228168324218134900 ) ) ;
#8895 = AXIS2_PLACEMENT_3D ( 'NONE', #8894, #8893, #8892 ) ;
#8896 = CIRCLE ( 'NONE', #8895, 1.799399038121850500 ) ;
#8897 = VECTOR ( 'NONE', #8866, 1000.000000000000000 ) ;
#8898 = DIRECTION ( 'NONE',  ( 0.0000000000000000000, 1.000000000000000000, 0.0000000000000000000 ) ) ;
#8899 = DIRECTION ( 'NONE',  ( 1.000000000000000000, 6.697912673203516000E-017, -5.551115123125782700E-017 ) ) ;
#8900 = CARTESIAN_POINT ( 'NONE',  ( -10.30083455388031100, 0.6721393242335135200, 1.053601312481049900 ) ) ;
#8901 = AXIS2_PLACEMENT_3D ( 'NONE', #8900, #8899, #8898 ) ;
#8902 = UNCERTAINTY_MEASURE_WITH_UNIT (LENGTH_MEASURE( 1.000000000000000100E-005 ), #8922, 'distance_accuracy_value', 'NONE');
#8903 =( NAMED_UNIT ( * ) SI_UNIT ( $, .STERADIAN. ) SOLID_ANGLE_UNIT ( ) );
#8904 = CARTESIAN_POINT ( 'NONE',  ( -10.30083455388031100, 0.6491584310145269700, -0.7228168324218134900 ) ) ;
#8905 = AXIS2_PLACEMENT_3D ( 'NONE', #8904, #8859, #8858 ) ;
#8906 = CIRCLE ( 'NONE', #8905, 1.961418588733892000 ) ;
#8907 = DIRECTION ( 'NONE',  ( 1.000000000000000000, 6.697912673203520900E-017, 4.908584475015948200E-016 ) ) ;
#8908 = DIRECTION ( 'NONE',  ( 0.0000000000000000000, 0.0000000000000000000, 1.000000000000000000 ) ) ;
#8909 = DIRECTION ( 'NONE',  ( -1.000000000000000000, -6.697912673203514800E-017, 1.779717866134955500E-016 ) ) ;
#8910 = AXIS2_PLACEMENT_3D ( 'NONE', #8886, #8909, #8908 ) ;
#8911 = CIRCLE ( 'NONE', #8910, 0.8808538416825231200 ) ;
#8912 = CARTESIAN_POINT ( 'NONE',  ( -10.30083455388031100, -2.013060231935459100, -2.684235421155705100 ) ) ;
#8913 = CARTESIAN_POINT ( 'NONE',  ( -10.30083455388031100, 0.4761397680645406700, -1.700716832421814500 ) ) ;
#8914 = LINE ( 'NONE', #8916, #8915 ) ;
#8915 = VECTOR ( 'NONE', #8907, 1000.000000000000000 ) ;
#8916 = CARTESIAN_POINT ( 'NONE',  ( -7.456034553880310300, -7.232760231935460900, 0.2677831675781856500 ) ) ;
#8917 = DIRECTION ( 'NONE',  ( 0.0000000000000000000, -1.108704542883222300E-016, -1.000000000000000000 ) ) ;
#8918 = DIRECTION ( 'NONE',  ( 6.697912673203516000E-017, -1.000000000000000000, 1.025202604387803500E-016 ) ) ;
#8919 = CARTESIAN_POINT ( 'NONE',  ( -10.30083455388031100, -0.3620602319354593300, -0.7228168324218133800 ) ) ;
#8920 = AXIS2_PLACEMENT_3D ( 'NONE', #8919, #8918, #8917 ) ;
#8921 =( NAMED_UNIT ( * ) PLANE_ANGLE_UNIT ( ) SI_UNIT ( $, .RADIAN. ) );
#8922 =( LENGTH_UNIT ( ) NAMED_UNIT ( * ) SI_UNIT ( .MILLI., .METRE. ) );
#8923 = MECHANICAL_DESIGN_GEOMETRIC_PRESENTATION_REPRESENTATION (  '', ( #8873 ), #7884 ) ;
#8924 = LINE ( 'NONE', #8912, #8897 ) ;
#8925 = CIRCLE ( 'NONE', #8901, 0.1864223314702933800 ) ;
#8926 = CARTESIAN_POINT ( 'NONE',  ( -10.30083455388031100, -0.3620602319354591100, 0.2550831675781880000 ) ) ;
#8927 = UNCERTAINTY_MEASURE_WITH_UNIT (LENGTH_MEASURE( 1.000000000000000100E-005 ), #8969, 'distance_accuracy_value', 'NONE');
#8928 = PRESENTATION_STYLE_ASSIGNMENT (( #8963 ) ) ;
#8929 = UNCERTAINTY_MEASURE_WITH_UNIT (LENGTH_MEASURE( 1.000000000000000100E-005 ), #8950, 'distance_accuracy_value', 'NONE');
#8930 =( NAMED_UNIT ( * ) SI_UNIT ( $, .STERADIAN. ) SOLID_ANGLE_UNIT ( ) );
#8931 =( NAMED_UNIT ( * ) PLANE_ANGLE_UNIT ( ) SI_UNIT ( $, .RADIAN. ) );
#8932 = UNCERTAINTY_MEASURE_WITH_UNIT (LENGTH_MEASURE( 1.000000000000000100E-005 ), #8958, 'distance_accuracy_value', 'NONE');
#8933 = DIRECTION ( 'NONE',  ( 0.0000000000000000000, -1.000000000000000000, 0.0000000000000000000 ) ) ;
#8934 = DIRECTION ( 'NONE',  ( -5.551115123125782100E-017, -1.025202604387803600E-016, -1.000000000000000000 ) ) ;
#8935 = CARTESIAN_POINT ( 'NONE',  ( -7.557634553880309800, -2.114660231935459000, -2.310316832421813500 ) ) ;
#8936 = AXIS2_PLACEMENT_3D ( 'NONE', #8935, #8934, #8933 ) ;
#8937 = DIRECTION ( 'NONE',  ( -5.551115123125782100E-017, -1.025202604387803400E-016, -1.000000000000000000 ) ) ;
#8938 = CARTESIAN_POINT ( 'NONE',  ( -7.557634553880309800, -2.114660231935458600, 0.8646831675781865300 ) ) ;
#8939 = PRESENTATION_LAYER_ASSIGNMENT (  '', '', ( #8970 ) ) ;
#8940 = CARTESIAN_POINT ( 'NONE',  ( -7.456034553880309400, -7.232760231935460900, -0.7228168324218142700 ) ) ;
#8941 = PLANE ( 'NONE',  #8983 ) ;
#8942 = MECHANICAL_DESIGN_GEOMETRIC_PRESENTATION_REPRESENTATION (  '', ( #8970 ), #8959 ) ;
#8943 = AXIS2_PLACEMENT_3D ( 'NONE', #8977, #8976, #8975 ) ;
#8944 = CIRCLE ( 'NONE', #8943, 0.9905999999999999300 ) ;
#8945 =( NAMED_UNIT ( * ) SI_UNIT ( $, .STERADIAN. ) SOLID_ANGLE_UNIT ( ) );
#8946 = SURFACE_STYLE_FILL_AREA ( #8947 ) ;
#8947 = FILL_AREA_STYLE ('',( #8962 ) ) ;
#8948 = COLOUR_RGB ( '',0.8313725490196077800, 0.8392156862745098200, 0.8274509803921568100 ) ;
#8949 = FACE_OUTER_BOUND ( 'NONE', #6161, .T. ) ;
#8950 =( LENGTH_UNIT ( ) NAMED_UNIT ( * ) SI_UNIT ( .MILLI., .METRE. ) );
#8951 = MECHANICAL_DESIGN_GEOMETRIC_PRESENTATION_REPRESENTATION (  '', ( #8953 ), #7873 ) ;
#8952 = PRESENTATION_LAYER_ASSIGNMENT (  '', '', ( #8953 ) ) ;
#8953 = STYLED_ITEM ( 'NONE', ( #8954 ), #5834 ) ;
#8954 = PRESENTATION_STYLE_ASSIGNMENT (( #8955 ) ) ;
#8955 = SURFACE_STYLE_USAGE ( .BOTH. , #8956 ) ;
#8956 = SURFACE_SIDE_STYLE ('',( #8987 ) ) ;
#8957 =( GEOMETRIC_REPRESENTATION_CONTEXT ( 3 ) GLOBAL_UNCERTAINTY_ASSIGNED_CONTEXT ( ( #8932 ) ) GLOBAL_UNIT_ASSIGNED_CONTEXT ( ( #8958, #8971, #8960 ) ) REPRESENTATION_CONTEXT ( 'NONE', 'WORKASPACE' ) );
#8958 =( LENGTH_UNIT ( ) NAMED_UNIT ( * ) SI_UNIT ( .MILLI., .METRE. ) );
#8959 =( GEOMETRIC_REPRESENTATION_CONTEXT ( 3 ) GLOBAL_UNCERTAINTY_ASSIGNED_CONTEXT ( ( #8927 ) ) GLOBAL_UNIT_ASSIGNED_CONTEXT ( ( #8969, #8996, #8945 ) ) REPRESENTATION_CONTEXT ( 'NONE', 'WORKASPACE' ) );
#8960 =( NAMED_UNIT ( * ) SI_UNIT ( $, .STERADIAN. ) SOLID_ANGLE_UNIT ( ) );
#8961 = CARTESIAN_POINT ( 'NONE',  ( -7.049634553880309800, -2.114660231935458600, 0.8646831675781865300 ) ) ;
#8962 = FILL_AREA_STYLE_COLOUR ( '', #8948 ) ;
#8963 = SURFACE_STYLE_USAGE ( .BOTH. , #8985 ) ;
#8964 = FACE_BOUND ( 'NONE', #5828, .T. ) ;
#8965 = DIRECTION ( 'NONE',  ( 5.551115123125782100E-017, 1.025202604387803400E-016, 1.000000000000000000 ) ) ;
#8966 = VECTOR ( 'NONE', #8965, 1000.000000000000000 ) ;
#8967 = MECHANICAL_DESIGN_GEOMETRIC_PRESENTATION_REPRESENTATION (  '', ( #9000 ), #8957 ) ;
#8968 = PRESENTATION_LAYER_ASSIGNMENT (  '', '', ( #9000 ) ) ;
#8969 =( LENGTH_UNIT ( ) NAMED_UNIT ( * ) SI_UNIT ( .MILLI., .METRE. ) );
#8970 = STYLED_ITEM ( 'NONE', ( #8928 ), #5815 ) ;
#8971 =( NAMED_UNIT ( * ) PLANE_ANGLE_UNIT ( ) SI_UNIT ( $, .RADIAN. ) );
#8972 = SURFACE_STYLE_FILL_AREA ( #8973 ) ;
#8973 = FILL_AREA_STYLE ('',( #8984 ) ) ;
#8974 = CARTESIAN_POINT ( 'NONE',  ( -7.456034553880310300, -7.232760231935460900, 0.8646831675781839800 ) ) ;
#8975 = DIRECTION ( 'NONE',  ( -8.755923056616228400E-016, 0.0000000000000000000, 1.000000000000000000 ) ) ;
#8976 = DIRECTION ( 'NONE',  ( 1.000000000000000000, 6.697912673203520900E-017, 4.908584475015948200E-016 ) ) ;
#8977 = CARTESIAN_POINT ( 'NONE',  ( -7.456034553880309400, -7.232760231935460900, -0.7228168324218142700 ) ) ;
#8978 = DIRECTION ( 'NONE',  ( 0.0000000000000000000, -1.000000000000000000, 0.0000000000000000000 ) ) ;
#8979 = AXIS2_PLACEMENT_3D ( 'NONE', #8938, #8937, #8978 ) ;
#8980 = CYLINDRICAL_SURFACE ( 'NONE', #8979, 0.5079999999999997900 ) ;
#8981 = DIRECTION ( 'NONE',  ( -4.908584475015948200E-016, -1.994037494345742800E-017, 1.000000000000000000 ) ) ;
#8982 = DIRECTION ( 'NONE',  ( 1.000000000000000000, 6.697912673203520900E-017, 4.908584475015948200E-016 ) ) ;
#8983 = AXIS2_PLACEMENT_3D ( 'NONE', #8940, #8982, #8981 ) ;
#8984 = FILL_AREA_STYLE_COLOUR ( '', #8986 ) ;
#8985 = SURFACE_SIDE_STYLE ('',( #8972 ) ) ;
#8986 = COLOUR_RGB ( '',0.8313725490196077800, 0.8392156862745098200, 0.8274509803921568100 ) ;
#8987 = SURFACE_STYLE_FILL_AREA ( #8988 ) ;
#8988 = FILL_AREA_STYLE ('',( #8995 ) ) ;
#8989 = COLOUR_RGB ( '',0.8313725490196077800, 0.8392156862745098200, 0.8274509803921568100 ) ;
#8990 = FACE_OUTER_BOUND ( 'NONE', #5822, .T. ) ;
#8991 = DIRECTION ( 'NONE',  ( 6.697912673203513500E-017, -1.000000000000000000, -1.445684768441992700E-016 ) ) ;
#8992 = VECTOR ( 'NONE', #8991, 1000.000000000000000 ) ;
#8993 = CARTESIAN_POINT ( 'NONE',  ( -7.456034553880310300, -7.232760231935460900, 0.8646831675781839800 ) ) ;
#8994 = LINE ( 'NONE', #8993, #8992 ) ;
#8995 = FILL_AREA_STYLE_COLOUR ( '', #8989 ) ;
#8996 =( NAMED_UNIT ( * ) PLANE_ANGLE_UNIT ( ) SI_UNIT ( $, .RADIAN. ) );
#8997 = FACE_OUTER_BOUND ( 'NONE', #5816, .T. ) ;
#8998 = CIRCLE ( 'NONE', #8936, 0.5080000000000002300 ) ;
#8999 = LINE ( 'NONE', #8961, #8966 ) ;
#9000 = STYLED_ITEM ( 'NONE', ( #9001 ), #5827 ) ;
#9001 = PRESENTATION_STYLE_ASSIGNMENT (( #9002 ) ) ;
#9002 = SURFACE_STYLE_USAGE ( .BOTH. , #9003 ) ;
#9003 = SURFACE_SIDE_STYLE ('',( #8946 ) ) ;
#9004 =( GEOMETRIC_REPRESENTATION_CONTEXT ( 3 ) GLOBAL_UNCERTAINTY_ASSIGNED_CONTEXT ( ( #7397 ) ) GLOBAL_UNIT_ASSIGNED_CONTEXT ( ( #7400, #7399, #7398 ) ) REPRESENTATION_CONTEXT ( 'NONE', 'WORKASPACE' ) );
#9005 = CYLINDRICAL_SURFACE ( 'NONE', #9008, 0.6858000000000003000 ) ;
#9006 = CARTESIAN_POINT ( 'NONE',  ( -14.21243455388030900, 1.161939768064540700, -3.491416832421812900 ) ) ;
#9007 = DIRECTION ( 'NONE',  ( 0.0000000000000000000, 0.0000000000000000000, -1.000000000000000000 ) ) ;
#9008 = AXIS2_PLACEMENT_3D ( 'NONE', #9006, #9009, #9007 ) ;
#9009 = DIRECTION ( 'NONE',  ( 1.000000000000000000, -0.0000000000000000000, 0.0000000000000000000 ) ) ;
#9010 =( GEOMETRIC_REPRESENTATION_CONTEXT ( 3 ) GLOBAL_UNCERTAINTY_ASSIGNED_CONTEXT ( ( #9029 ) ) GLOBAL_UNIT_ASSIGNED_CONTEXT ( ( #9018, #9014, #9030 ) ) REPRESENTATION_CONTEXT ( 'NONE', 'WORKASPACE' ) );
#9011 = COLOUR_RGB ( '',0.8313725490196077800, 0.8392156862745098200, 0.8274509803921568100 ) ;
#9012 = SURFACE_SIDE_STYLE ('',( #9013 ) ) ;
#9013 = SURFACE_STYLE_FILL_AREA ( #9020 ) ;
#9014 =( NAMED_UNIT ( * ) PLANE_ANGLE_UNIT ( ) SI_UNIT ( $, .RADIAN. ) );
#9015 =( GEOMETRIC_REPRESENTATION_CONTEXT ( 3 ) GLOBAL_UNCERTAINTY_ASSIGNED_CONTEXT ( ( #9044 ) ) GLOBAL_UNIT_ASSIGNED_CONTEXT ( ( #9016, #9043, #9045 ) ) REPRESENTATION_CONTEXT ( 'NONE', 'WORKASPACE' ) );
#9016 =( LENGTH_UNIT ( ) NAMED_UNIT ( * ) SI_UNIT ( .MILLI., .METRE. ) );
#9017 = STYLED_ITEM ( 'NONE', ( #9019 ), #3911 ) ;
#9018 =( LENGTH_UNIT ( ) NAMED_UNIT ( * ) SI_UNIT ( .MILLI., .METRE. ) );
#9019 = PRESENTATION_STYLE_ASSIGNMENT (( #9028 ) ) ;
#9020 = FILL_AREA_STYLE ('',( #9027 ) ) ;
#9021 = SURFACE_STYLE_USAGE ( .BOTH. , #9022 ) ;
#9022 = SURFACE_SIDE_STYLE ('',( #9023 ) ) ;
#9023 = SURFACE_STYLE_FILL_AREA ( #9024 ) ;
#9024 = FILL_AREA_STYLE ('',( #9025 ) ) ;
#9025 = FILL_AREA_STYLE_COLOUR ( '', #9032 ) ;
#9026 = PLANE ( 'NONE',  #9031 ) ;
#9027 = FILL_AREA_STYLE_COLOUR ( '', #9011 ) ;
#9028 = SURFACE_STYLE_USAGE ( .BOTH. , #9012 ) ;
#9029 = UNCERTAINTY_MEASURE_WITH_UNIT (LENGTH_MEASURE( 1.000000000000000100E-005 ), #9018, 'distance_accuracy_value', 'NONE');
#9030 =( NAMED_UNIT ( * ) SI_UNIT ( $, .STERADIAN. ) SOLID_ANGLE_UNIT ( ) );
#9031 = AXIS2_PLACEMENT_3D ( 'NONE', #9036, #9042, #9041 ) ;
#9032 = COLOUR_RGB ( '',0.8313725490196077800, 0.8392156862745098200, 0.8274509803921568100 ) ;
#9033 = FACE_OUTER_BOUND ( 'NONE', #3914, .T. ) ;
#9034 = MECHANICAL_DESIGN_GEOMETRIC_PRESENTATION_REPRESENTATION (  '', ( #9017 ), #9015 ) ;
#9035 = PRESENTATION_LAYER_ASSIGNMENT (  '', '', ( #9017 ) ) ;
#9036 = CARTESIAN_POINT ( 'NONE',  ( -13.45043455388031000, 4.819539768064540700, 2.076907439440272500 ) ) ;
#9037 = MECHANICAL_DESIGN_GEOMETRIC_PRESENTATION_REPRESENTATION (  '', ( #9039 ), #9010 ) ;
#9038 = PRESENTATION_LAYER_ASSIGNMENT (  '', '', ( #9039 ) ) ;
#9039 = STYLED_ITEM ( 'NONE', ( #9040 ), #3913 ) ;
#9040 = PRESENTATION_STYLE_ASSIGNMENT (( #9021 ) ) ;
#9041 = DIRECTION ( 'NONE',  ( -1.250846150945177000E-016, 1.000000000000000000, -3.916066504679277800E-017 ) ) ;
#9042 = DIRECTION ( 'NONE',  ( 1.000000000000000000, 1.250846150945177000E-016, -4.898396714223407500E-033 ) ) ;
#9043 =( NAMED_UNIT ( * ) PLANE_ANGLE_UNIT ( ) SI_UNIT ( $, .RADIAN. ) );
#9044 = UNCERTAINTY_MEASURE_WITH_UNIT (LENGTH_MEASURE( 1.000000000000000100E-005 ), #9016, 'distance_accuracy_value', 'NONE');
#9045 =( NAMED_UNIT ( * ) SI_UNIT ( $, .STERADIAN. ) SOLID_ANGLE_UNIT ( ) );
#9046 = FACE_OUTER_BOUND ( 'NONE', #3932, .T. ) ;
#9047 = PRESENTATION_STYLE_ASSIGNMENT (( #9048 ) ) ;
#9048 = SURFACE_STYLE_USAGE ( .BOTH. , #9090 ) ;
#9049 = PLANE ( 'NONE',  #9088 ) ;
#9050 = DIRECTION ( 'NONE',  ( -1.383662747167360600E-017, -1.000000000000000000, 2.525907955783947300E-018 ) ) ;
#9051 = CIRCLE ( 'NONE', #9052, 0.5080000000000002300 ) ;
#9052 = AXIS2_PLACEMENT_3D ( 'NONE', #9071, #9068, #9067 ) ;
#9053 = CARTESIAN_POINT ( 'NONE',  ( 17.99476544611969300, -7.232760231935460900, -2.310316832421810900 ) ) ;
#9054 = CARTESIAN_POINT ( 'NONE',  ( 17.99476544611969300, -7.232760231935460900, -2.310316832421810900 ) ) ;
#9055 =( GEOMETRIC_REPRESENTATION_CONTEXT ( 3 ) GLOBAL_UNCERTAINTY_ASSIGNED_CONTEXT ( ( #9082 ) ) GLOBAL_UNIT_ASSIGNED_CONTEXT ( ( #9087, #9081, #9097 ) ) REPRESENTATION_CONTEXT ( 'NONE', 'WORKASPACE' ) );
#9056 =( LENGTH_UNIT ( ) NAMED_UNIT ( * ) SI_UNIT ( .MILLI., .METRE. ) );
#9057 = MECHANICAL_DESIGN_GEOMETRIC_PRESENTATION_REPRESENTATION (  '', ( #9059 ), #9108 ) ;
#9058 = PRESENTATION_LAYER_ASSIGNMENT (  '', '', ( #9059 ) ) ;
#9059 = STYLED_ITEM ( 'NONE', ( #9060 ), #3928 ) ;
#9060 = PRESENTATION_STYLE_ASSIGNMENT (( #9061 ) ) ;
#9061 = SURFACE_STYLE_USAGE ( .BOTH. , #9062 ) ;
#9062 = SURFACE_SIDE_STYLE ('',( #9063 ) ) ;
#9063 = SURFACE_STYLE_FILL_AREA ( #9064 ) ;
#9064 = FILL_AREA_STYLE ('',( #9077 ) ) ;
#9065 = COLOUR_RGB ( '',0.8313725490196077800, 0.8392156862745098200, 0.8274509803921568100 ) ;
#9066 = FACE_OUTER_BOUND ( 'NONE', #3929, .T. ) ;
#9067 = DIRECTION ( 'NONE',  ( 0.0000000000000000000, -1.000000000000000000, 0.0000000000000000000 ) ) ;
#9068 = DIRECTION ( 'NONE',  ( 1.110223024625156500E-016, -2.525907955783947700E-018, -1.000000000000000000 ) ) ;
#9069 = PRESENTATION_LAYER_ASSIGNMENT (  '', '', ( #9070 ) ) ;
#9070 = STYLED_ITEM ( 'NONE', ( #9047 ), #3922 ) ;
#9071 = CARTESIAN_POINT ( 'NONE',  ( 17.89316544611969200, -2.114660231935459000, -2.310316832421812600 ) ) ;
#9072 = DIRECTION ( 'NONE',  ( 1.000000000000000000, -1.383662747167359800E-017, 6.573919011953683000E-016 ) ) ;
#9073 = DIRECTION ( 'NONE',  ( -0.0000000000000000000, -0.4577119952413404300, -0.8891005170464085800 ) ) ;
#9074 = VECTOR ( 'NONE', #9073, 1000.000000000000100 ) ;
#9075 = CARTESIAN_POINT ( 'NONE',  ( -13.45043455388031000, 4.552321655774579600, 1.643108271332258200 ) ) ;
#9076 = LINE ( 'NONE', #9075, #9074 ) ;
#9077 = FILL_AREA_STYLE_COLOUR ( '', #9065 ) ;
#9078 = DIRECTION ( 'NONE',  ( -0.6644521835340654300, -0.6644521835340729800, 0.3420622627441022300 ) ) ;
#9079 = DIRECTION ( 'NONE',  ( -0.7473307807101301500, 0.5907647799327527800, -0.3041277346678424300 ) ) ;
#9080 = LINE ( 'NONE', #9053, #9096 ) ;
#9081 =( NAMED_UNIT ( * ) PLANE_ANGLE_UNIT ( ) SI_UNIT ( $, .RADIAN. ) );
#9082 = UNCERTAINTY_MEASURE_WITH_UNIT (LENGTH_MEASURE( 1.000000000000000100E-005 ), #9087, 'distance_accuracy_value', 'NONE');
#9083 = FACE_OUTER_BOUND ( 'NONE', #3900, .T. ) ;
#9084 = CARTESIAN_POINT ( 'NONE',  ( -15.37521904001615000, 2.627537169638718000, 2.633993925617438900 ) ) ;
#9085 = AXIS2_PLACEMENT_3D ( 'NONE', #9084, #9079, #9078 ) ;
#9086 = PLANE ( 'NONE',  #9085 ) ;
#9087 =( LENGTH_UNIT ( ) NAMED_UNIT ( * ) SI_UNIT ( .MILLI., .METRE. ) );
#9088 = AXIS2_PLACEMENT_3D ( 'NONE', #9092, #9095, #9050 ) ;
#9089 = MECHANICAL_DESIGN_GEOMETRIC_PRESENTATION_REPRESENTATION (  '', ( #9070 ), #9055 ) ;
#9090 = SURFACE_SIDE_STYLE ('',( #9091 ) ) ;
#9091 = SURFACE_STYLE_FILL_AREA ( #9093 ) ;
#9092 = CARTESIAN_POINT ( 'NONE',  ( 18.40116544611969100, -1.606660231935459300, -2.310316832421812600 ) ) ;
#9093 = FILL_AREA_STYLE ('',( #9094 ) ) ;
#9094 = FILL_AREA_STYLE_COLOUR ( '', #9098 ) ;
#9095 = DIRECTION ( 'NONE',  ( 1.110223024625156500E-016, -2.525907955783948900E-018, -1.000000000000000000 ) ) ;
#9096 = VECTOR ( 'NONE', #9072, 1000.000000000000000 ) ;
#9097 =( NAMED_UNIT ( * ) SI_UNIT ( $, .STERADIAN. ) SOLID_ANGLE_UNIT ( ) );
#9098 = COLOUR_RGB ( '',0.8313725490196077800, 0.8392156862745098200, 0.8274509803921568100 ) ;
#9099 = MECHANICAL_DESIGN_GEOMETRIC_PRESENTATION_REPRESENTATION (  '', ( #9101 ), #9123 ) ;
#9100 = PRESENTATION_LAYER_ASSIGNMENT (  '', '', ( #9101 ) ) ;
#9101 = STYLED_ITEM ( 'NONE', ( #9102 ), #3936 ) ;
#9102 = PRESENTATION_STYLE_ASSIGNMENT (( #9103 ) ) ;
#9103 = SURFACE_STYLE_USAGE ( .BOTH. , #9104 ) ;
#9104 = SURFACE_SIDE_STYLE ('',( #9105 ) ) ;
#9105 = SURFACE_STYLE_FILL_AREA ( #9106 ) ;
#9106 = FILL_AREA_STYLE ('',( #9110 ) ) ;
#9107 = AXIS2_PLACEMENT_3D ( 'NONE', #9113, #9112, #9111 ) ;
#9108 =( GEOMETRIC_REPRESENTATION_CONTEXT ( 3 ) GLOBAL_UNCERTAINTY_ASSIGNED_CONTEXT ( ( #9118 ) ) GLOBAL_UNIT_ASSIGNED_CONTEXT ( ( #9056, #9116, #9117 ) ) REPRESENTATION_CONTEXT ( 'NONE', 'WORKASPACE' ) );
#9109 = PLANE ( 'NONE',  #9107 ) ;
#9110 = FILL_AREA_STYLE_COLOUR ( '', #9114 ) ;
#9111 = DIRECTION ( 'NONE',  ( 1.132855719497850000E-016, -0.9056715077564336800, -0.4239800939173772900 ) ) ;
#9112 = DIRECTION ( 'NONE',  ( -1.000000000000000000, -1.025995147548117300E-016, -4.803082743475364700E-017 ) ) ;
#9113 = CARTESIAN_POINT ( 'NONE',  ( -13.45043455388031000, 9.485527622608367800, 1.354220915697650400 ) ) ;
#9114 = COLOUR_RGB ( '',0.8313725490196077800, 0.8392156862745098200, 0.8274509803921568100 ) ;
#9115 = FACE_OUTER_BOUND ( 'NONE', #3937, .T. ) ;
#9116 =( NAMED_UNIT ( * ) PLANE_ANGLE_UNIT ( ) SI_UNIT ( $, .RADIAN. ) );
#9117 =( NAMED_UNIT ( * ) SI_UNIT ( $, .STERADIAN. ) SOLID_ANGLE_UNIT ( ) );
#9118 = UNCERTAINTY_MEASURE_WITH_UNIT (LENGTH_MEASURE( 1.000000000000000100E-005 ), #9056, 'distance_accuracy_value', 'NONE');
#9119 =( LENGTH_UNIT ( ) NAMED_UNIT ( * ) SI_UNIT ( .MILLI., .METRE. ) );
#9120 = UNCERTAINTY_MEASURE_WITH_UNIT (LENGTH_MEASURE( 1.000000000000000100E-005 ), #9119, 'distance_accuracy_value', 'NONE');
#9121 = PLANE ( 'NONE',  #9127 ) ;
#9122 =( NAMED_UNIT ( * ) PLANE_ANGLE_UNIT ( ) SI_UNIT ( $, .RADIAN. ) );
#9123 =( GEOMETRIC_REPRESENTATION_CONTEXT ( 3 ) GLOBAL_UNCERTAINTY_ASSIGNED_CONTEXT ( ( #9120 ) ) GLOBAL_UNIT_ASSIGNED_CONTEXT ( ( #9119, #9122, #9124 ) ) REPRESENTATION_CONTEXT ( 'NONE', 'WORKASPACE' ) );
#9124 =( NAMED_UNIT ( * ) SI_UNIT ( $, .STERADIAN. ) SOLID_ANGLE_UNIT ( ) );
#9125 = CARTESIAN_POINT ( 'NONE',  ( -13.82532981778168400, 5.911739768064540700, -2.462716832421816300 ) ) ;
#9126 = CARTESIAN_POINT ( 'NONE',  ( -13.91312862082731500, 6.149841956619434700, -1.735388535791670700 ) ) ;
#9127 = AXIS2_PLACEMENT_3D ( 'NONE', #9145, #9166, #9159 ) ;
#9128 = LINE ( 'NONE', #9146, #9158 ) ;
#9129 = MECHANICAL_DESIGN_GEOMETRIC_PRESENTATION_REPRESENTATION (  '', ( #9151 ), #9149 ) ;
#9130 = PRESENTATION_LAYER_ASSIGNMENT (  '', '', ( #9151 ) ) ;
#9131 = CARTESIAN_POINT ( 'NONE',  ( -13.97288889987044800, 6.365498087653795900, -1.519729343954209000 ) ) ;
#9132 = CARTESIAN_POINT ( 'NONE',  ( -14.00248911974360400, 6.495482327441192400, -1.432153526673293400 ) ) ;
#9133 = CARTESIAN_POINT ( 'NONE',  ( -13.82532981778168400, 5.911739768064540700, -2.462716832421816300 ) ) ;
#9134 = CARTESIAN_POINT ( 'NONE',  ( -13.82532981778168400, 5.911739768064542500, -2.305134532821578700 ) ) ;
#9135 =( LENGTH_UNIT ( ) NAMED_UNIT ( * ) SI_UNIT ( .MILLI., .METRE. ) );
#9136 = CARTESIAN_POINT ( 'NONE',  ( -14.04495839606103600, 6.780842856497688600, -1.313127964088382200 ) ) ;
#9137 =( LENGTH_UNIT ( ) NAMED_UNIT ( * ) SI_UNIT ( .MILLI., .METRE. ) );
#9138 = DIRECTION ( 'NONE',  ( 0.0000000000000000000, 3.916066504679277800E-017, 1.000000000000000000 ) ) ;
#9139 = VECTOR ( 'NONE', #9138, 1000.000000000000000 ) ;
#9140 = CARTESIAN_POINT ( 'NONE',  ( -14.36746659764859800, 5.911739768064540700, -2.704016832421815200 ) ) ;
#9141 = LINE ( 'NONE', #9140, #9139 ) ;
#9142 = SURFACE_SIDE_STYLE ('',( #9143 ) ) ;
#9143 = SURFACE_STYLE_FILL_AREA ( #9144 ) ;
#9144 = FILL_AREA_STYLE ('',( #9160 ) ) ;
#9145 = CARTESIAN_POINT ( 'NONE',  ( -12.25663455388031100, 11.48652165577457200, 2.290964128710460700 ) ) ;
#9146 = CARTESIAN_POINT ( 'NONE',  ( -13.45043455388031000, 10.40533100981494000, 1.784816692591895600 ) ) ;
#9147 = CYLINDRICAL_SURFACE ( 'NONE', #9164, 3.683000000000084700 ) ;
#9148 = CARTESIAN_POINT ( 'NONE',  ( -10.88331238751371700, 7.105539768064542000, -2.704016832421815200 ) ) ;
#9149 =( GEOMETRIC_REPRESENTATION_CONTEXT ( 3 ) GLOBAL_UNCERTAINTY_ASSIGNED_CONTEXT ( ( #9167 ) ) GLOBAL_UNIT_ASSIGNED_CONTEXT ( ( #9135, #9154, #9168 ) ) REPRESENTATION_CONTEXT ( 'NONE', 'WORKASPACE' ) );
#9150 = FACE_OUTER_BOUND ( 'NONE', #3956, .T. ) ;
#9151 = STYLED_ITEM ( 'NONE', ( #9152 ), #3955 ) ;
#9152 = PRESENTATION_STYLE_ASSIGNMENT (( #9153 ) ) ;
#9153 = SURFACE_STYLE_USAGE ( .BOTH. , #9142 ) ;
#9154 =( NAMED_UNIT ( * ) PLANE_ANGLE_UNIT ( ) SI_UNIT ( $, .RADIAN. ) );
#9155 = CARTESIAN_POINT ( 'NONE',  ( -14.05828698741220100, 7.092839768064540500, -1.281616832421816000 ) ) ;
#9156 = CARTESIAN_POINT ( 'NONE',  ( -14.05765672940633800, 6.935276527120627100, -1.281616832421816000 ) ) ;
#9157 = CARTESIAN_POINT ( 'NONE',  ( -13.83883102155483900, 5.943851845036181900, -2.149033247258742600 ) ) ;
#9158 = VECTOR ( 'NONE', #9165, 1000.000000000000100 ) ;
#9159 = DIRECTION ( 'NONE',  ( 0.6712839649510506900, 0.7412002687530520100, -2.902589545723105900E-017 ) ) ;
#9160 = FILL_AREA_STYLE_COLOUR ( '', #9169 ) ;
#9161 = CARTESIAN_POINT ( 'NONE',  ( -14.05828698741220100, 7.092839768064540500, -1.281616832421816000 ) ) ;
#9162 = DIRECTION ( 'NONE',  ( 1.000000000000000000, 0.0000000000000000000, 0.0000000000000000000 ) ) ;
#9163 = DIRECTION ( 'NONE',  ( 0.0000000000000000000, 3.916066504679277800E-017, 1.000000000000000000 ) ) ;
#9164 = AXIS2_PLACEMENT_3D ( 'NONE', #9148, #9163, #9162 ) ;
#9165 = DIRECTION ( 'NONE',  ( 4.930380657631323200E-032, 0.4239800939173768400, -0.9056715077564337900 ) ) ;
#9166 = DIRECTION ( 'NONE',  ( 0.7071067811865474600, -0.6404064646620193400, -0.2997991994970864400 ) ) ;
#9167 = UNCERTAINTY_MEASURE_WITH_UNIT (LENGTH_MEASURE( 1.000000000000000100E-005 ), #9135, 'distance_accuracy_value', 'NONE');
#9168 =( NAMED_UNIT ( * ) SI_UNIT ( $, .STERADIAN. ) SOLID_ANGLE_UNIT ( ) );
#9169 = COLOUR_RGB ( '',0.8313725490196077800, 0.8392156862745098200, 0.8274509803921568100 ) ;
#9170 = CARTESIAN_POINT ( 'NONE',  ( -13.83550927119212800, 8.273939768064542100, -2.462716832421816700 ) ) ;
#9171 = B_SPLINE_CURVE_WITH_KNOTS ( 'NONE', 3,
 ( #9155, #9156, #9136, #9132, #9131, #9126, #9172, #9157, #9134, #9133 ),
 .UNSPECIFIED., .F., .F.,
 ( 4, 2, 2, 2, 4 ),
 ( 0.0000000000000000000, 0.0004656841114861703500, 0.0009313682229723407000, 0.001397052334458511000, 0.001862736445944680500 ),
 .UNSPECIFIED. ) ;
#9172 = CARTESIAN_POINT ( 'NONE',  ( -13.88266741912000400, 6.062237979964720600, -1.865698747912448500 ) ) ;
#9173 = CARTESIAN_POINT ( 'NONE',  ( -14.36746659764859800, 5.911739768064540700, -2.462716832421816300 ) ) ;
#9174 = CARTESIAN_POINT ( 'NONE',  ( -14.36746659764859600, 5.911739768064538900, -2.305572892367997000 ) ) ;
#9175 = DIRECTION ( 'NONE',  ( 0.0000000000000000000, 0.0000000000000000000, -1.000000000000000000 ) ) ;
#9176 = CARTESIAN_POINT ( 'NONE',  ( -14.36746659764859800, 5.911739768064540700, -2.462716832421816300 ) ) ;
#9177 = AXIS2_PLACEMENT_3D ( 'NONE', #9187, #9209, #9175 ) ;
#9178 = CIRCLE ( 'NONE', #9177, 0.9779000000000012100 ) ;
#9179 =( LENGTH_UNIT ( ) NAMED_UNIT ( * ) SI_UNIT ( .MILLI., .METRE. ) );
#9180 = CARTESIAN_POINT ( 'NONE',  ( -14.55467085519438400, 6.779880625576310200, -1.313516057048208100 ) ) ;
#9181 = CARTESIAN_POINT ( 'NONE',  ( -14.05831238751380100, 7.101310618157077300, -0.1639940282374945900 ) ) ;
#9182 =( GEOMETRIC_REPRESENTATION_CONTEXT ( 3 ) GLOBAL_UNCERTAINTY_ASSIGNED_CONTEXT ( ( #9196 ) ) GLOBAL_UNIT_ASSIGNED_CONTEXT ( ( #9179, #9198, #9197 ) ) REPRESENTATION_CONTEXT ( 'NONE', 'WORKASPACE' ) );
#9183 = CARTESIAN_POINT ( 'NONE',  ( -14.41588284597827800, 6.061839273424628700, -1.866123659173789100 ) ) ;
#9184 = CARTESIAN_POINT ( 'NONE',  ( -14.37859036762910000, 5.943043915061761800, -2.151501584190783900 ) ) ;
#9185 = FILL_AREA_STYLE_COLOUR ( '', #9202 ) ;
#9186 = FACE_BOUND ( 'NONE', #3969, .T. ) ;
#9187 = CARTESIAN_POINT ( 'NONE',  ( 15.14996544611969000, -0.3620602319354593300, -0.7228168324218131600 ) ) ;
#9188 = B_SPLINE_CURVE_WITH_KNOTS ( 'NONE', 3,
 ( #9176, #9174, #9184, #9183, #9208, #9205, #9204, #9180, #9194, #9193 ),
 .UNSPECIFIED., .F., .F.,
 ( 4, 2, 2, 2, 4 ),
 ( 0.0000000000000000000, 0.0004644745749048605700, 0.0009289491498097211500, 0.001393423724714581700, 0.001857898299619442300 ),
 .UNSPECIFIED. ) ;
#9189 = DIRECTION ( 'NONE',  ( 0.0000000000000000000, 0.0000000000000000000, -1.000000000000000000 ) ) ;
#9190 = DIRECTION ( 'NONE',  ( -1.383662747167360600E-017, -1.000000000000000000, 2.525907955783923100E-018 ) ) ;
#9191 = CARTESIAN_POINT ( 'NONE',  ( 15.14996544611969000, -0.3620602319354593300, -0.7228168324218131600 ) ) ;
#9192 = AXIS2_PLACEMENT_3D ( 'NONE', #9191, #9190, #9189 ) ;
#9193 = CARTESIAN_POINT ( 'NONE',  ( -14.56629049089698600, 7.092839768064540500, -1.281616832421816000 ) ) ;
#9194 = CARTESIAN_POINT ( 'NONE',  ( -14.56574865936099900, 6.935709556823322700, -1.281616832421816000 ) ) ;
#9195 = CARTESIAN_POINT ( 'NONE',  ( -14.36746659764859800, 5.911739768064540700, -2.704016832421815200 ) ) ;
#9196 = UNCERTAINTY_MEASURE_WITH_UNIT (LENGTH_MEASURE( 1.000000000000000100E-005 ), #9179, 'distance_accuracy_value', 'NONE');
#9197 =( NAMED_UNIT ( * ) SI_UNIT ( $, .STERADIAN. ) SOLID_ANGLE_UNIT ( ) );
#9198 =( NAMED_UNIT ( * ) PLANE_ANGLE_UNIT ( ) SI_UNIT ( $, .RADIAN. ) );
#9199 = SURFACE_SIDE_STYLE ('',( #9200 ) ) ;
#9200 = SURFACE_STYLE_FILL_AREA ( #9201 ) ;
#9201 = FILL_AREA_STYLE ('',( #9185 ) ) ;
#9202 = COLOUR_RGB ( '',0.8313725490196077800, 0.8392156862745098200, 0.8274509803921568100 ) ;
#9203 = FACE_OUTER_BOUND ( 'NONE', #4142, .T. ) ;
#9204 = CARTESIAN_POINT ( 'NONE',  ( -14.51838023934964500, 6.496270871890082800, -1.431837887490133200 ) ) ;
#9205 = CARTESIAN_POINT ( 'NONE',  ( -14.49290755203206700, 6.365511216789466100, -1.519659957577913900 ) ) ;
#9206 = CIRCLE ( 'NONE', #9192, 0.9779000000000012100 ) ;
#9207 = CARTESIAN_POINT ( 'NONE',  ( 14.17206544611968900, -0.3620602319354593300, -0.7228168324218132700 ) ) ;
#9208 = CARTESIAN_POINT ( 'NONE',  ( -14.44176771782941800, 6.149393769503486600, -1.735893099671310200 ) ) ;
#9209 = DIRECTION ( 'NONE',  ( -1.383662747167360600E-017, -1.000000000000000000, 2.525907955783923100E-018 ) ) ;
#9210 = CARTESIAN_POINT ( 'NONE',  ( -14.56629049089698600, 7.092839768064540500, -1.281616832421816000 ) ) ;
#9211 = MECHANICAL_DESIGN_GEOMETRIC_PRESENTATION_REPRESENTATION (  '', ( #9213 ), #9182 ) ;
#9212 = PRESENTATION_LAYER_ASSIGNMENT (  '', '', ( #9213 ) ) ;
#9213 = STYLED_ITEM ( 'NONE', ( #9214 ), #3968 ) ;
#9214 = PRESENTATION_STYLE_ASSIGNMENT (( #9215 ) ) ;
#9215 = SURFACE_STYLE_USAGE ( .BOTH. , #9199 ) ;
#9216 = VECTOR ( 'NONE', #9223, 1000.000000000000000 ) ;
#9217 = CARTESIAN_POINT ( 'NONE',  ( 14.17206544611969000, -2.013060231935459100, -1.700716832421814700 ) ) ;
#9218 = PLANE ( 'NONE',  #9221 ) ;
#9219 = LINE ( 'NONE', #9217, #9216 ) ;
#9220 = CARTESIAN_POINT ( 'NONE',  ( 14.17206544611969000, -2.013060231935459100, -1.700716832421814700 ) ) ;
#9221 = AXIS2_PLACEMENT_3D ( 'NONE', #9227, #9224, #9225 ) ;
#9222 = CARTESIAN_POINT ( 'NONE',  ( 14.17206544611968900, -2.013060231935459100, 0.2550831675781880000 ) ) ;
#9223 = DIRECTION ( 'NONE',  ( -1.110223024625156500E-016, 2.525907955783923100E-018, 1.000000000000000000 ) ) ;
#9224 = DIRECTION ( 'NONE',  ( 1.383662747167360600E-017, 1.000000000000000000, -2.525907955783921500E-018 ) ) ;
#9225 = DIRECTION ( 'NONE',  ( 1.110223024625156500E-016, -2.525907955783923100E-018, -1.000000000000000000 ) ) ;
#9226 = VECTOR ( 'NONE', #9243, 1000.000000000000000 ) ;
#9227 = CARTESIAN_POINT ( 'NONE',  ( 15.14996544611969000, -2.013060231935459100, -1.700716832421814500 ) ) ;
#9228 = CARTESIAN_POINT ( 'NONE',  ( 15.14996544611969000, -2.013060231935459100, -1.700716832421814500 ) ) ;
#9229 = LINE ( 'NONE', #9228, #9226 ) ;
#9230 = MECHANICAL_DESIGN_GEOMETRIC_PRESENTATION_REPRESENTATION (  '', ( #9232 ), #9269 ) ;
#9231 = PRESENTATION_LAYER_ASSIGNMENT (  '', '', ( #9232 ) ) ;
#9232 = STYLED_ITEM ( 'NONE', ( #9233 ), #3985 ) ;
#9233 = PRESENTATION_STYLE_ASSIGNMENT (( #9234 ) ) ;
#9234 = SURFACE_STYLE_USAGE ( .BOTH. , #9235 ) ;
#9235 = SURFACE_SIDE_STYLE ('',( #9236 ) ) ;
#9236 = SURFACE_STYLE_FILL_AREA ( #9237 ) ;
#9237 = FILL_AREA_STYLE ('',( #9251 ) ) ;
#9238 = COLOUR_RGB ( '',0.8313725490196077800, 0.8392156862745098200, 0.8274509803921568100 ) ;
#9239 = DIRECTION ( 'NONE',  ( -1.383662747167360600E-017, -1.000000000000000000, 2.525907955783947300E-018 ) ) ;
#9240 = CARTESIAN_POINT ( 'NONE',  ( 18.40116544611969100, -1.606660231935459300, 0.8646831675781872000 ) ) ;
#9241 = LINE ( 'NONE', #9240, #9245 ) ;
#9242 = CARTESIAN_POINT ( 'NONE',  ( 16.12786544611969200, -2.013060231935459100, -1.700716832421814300 ) ) ;
#9243 = DIRECTION ( 'NONE',  ( -1.000000000000000000, 1.383662747167359800E-017, -1.110223024625156500E-016 ) ) ;
#9244 = CARTESIAN_POINT ( 'NONE',  ( 18.40116544611969100, -2.114660231935459000, 0.8646831675781872000 ) ) ;
#9245 = VECTOR ( 'NONE', #9239, 1000.000000000000000 ) ;
#9246 = FACE_OUTER_BOUND ( 'NONE', #3986, .T. ) ;
#9247 = DIRECTION ( 'NONE',  ( 1.000000000000000000, -2.397819961810616100E-033, -6.123031769111886300E-017 ) ) ;
#9248 = VECTOR ( 'NONE', #9247, 1000.000000000000000 ) ;
#9249 = CARTESIAN_POINT ( 'NONE',  ( -10.88331238751374200, 7.092839768064540500, -0.1640168324218109500 ) ) ;
#9250 = LINE ( 'NONE', #9249, #9248 ) ;
#9251 = FILL_AREA_STYLE_COLOUR ( '', #9238 ) ;
#9252 = DIRECTION ( 'NONE',  ( 0.0000000000000000000, 0.0000000000000000000, 1.000000000000000000 ) ) ;
#9253 = DIRECTION ( 'NONE',  ( -1.000000000000000000, 2.397819961810616100E-033, 6.123031769111886300E-017 ) ) ;
#9254 =( NAMED_UNIT ( * ) SI_UNIT ( $, .STERADIAN. ) SOLID_ANGLE_UNIT ( ) );
#9255 = DIRECTION ( 'NONE',  ( 0.0000000000000000000, -1.000000000000000000, 3.916066504679277800E-017 ) ) ;
#9256 = CARTESIAN_POINT ( 'NONE',  ( -13.57743455388030900, 8.273939768064542100, 1.516457884890006500 ) ) ;
#9257 = MECHANICAL_DESIGN_GEOMETRIC_PRESENTATION_REPRESENTATION (  '', ( #9259 ), #9278 ) ;
#9258 = PRESENTATION_LAYER_ASSIGNMENT (  '', '', ( #9259 ) ) ;
#9259 = STYLED_ITEM ( 'NONE', ( #9260 ), #3997 ) ;
#9260 = PRESENTATION_STYLE_ASSIGNMENT (( #9261 ) ) ;
#9261 = SURFACE_STYLE_USAGE ( .BOTH. , #9262 ) ;
#9262 = SURFACE_SIDE_STYLE ('',( #9265 ) ) ;
#9263 = COLOUR_RGB ( '',0.8313725490196077800, 0.8392156862745098200, 0.8274509803921568100 ) ;
#9264 = FACE_OUTER_BOUND ( 'NONE', #3998, .T. ) ;
#9265 = SURFACE_STYLE_FILL_AREA ( #9266 ) ;
#9266 = FILL_AREA_STYLE ('',( #9267 ) ) ;
#9267 = FILL_AREA_STYLE_COLOUR ( '', #9263 ) ;
#9268 =( NAMED_UNIT ( * ) PLANE_ANGLE_UNIT ( ) SI_UNIT ( $, .RADIAN. ) );
#9269 =( GEOMETRIC_REPRESENTATION_CONTEXT ( 3 ) GLOBAL_UNCERTAINTY_ASSIGNED_CONTEXT ( ( #9282 ) ) GLOBAL_UNIT_ASSIGNED_CONTEXT ( ( #9137, #9268, #9284 ) ) REPRESENTATION_CONTEXT ( 'NONE', 'WORKASPACE' ) );
#9270 = CARTESIAN_POINT ( 'NONE',  ( -14.05831238751380100, 7.105539768064541100, -0.1639485508781778900 ) ) ;
#9271 = DIRECTION ( 'NONE',  ( -1.000000000000000000, 2.397819961810616100E-033, 6.123031769111886300E-017 ) ) ;
#9272 = VECTOR ( 'NONE', #9271, 1000.000000000000000 ) ;
#9273 = CARTESIAN_POINT ( 'NONE',  ( -13.57743455388030900, 8.273939768064542100, 1.017083167578189300 ) ) ;
#9274 = LINE ( 'NONE', #9273, #9272 ) ;
#9275 = DIRECTION ( 'NONE',  ( 1.000000000000000000, 0.0000000000000000000, 0.0000000000000000000 ) ) ;
#9276 = AXIS2_PLACEMENT_3D ( 'NONE', #9256, #9255, #9275 ) ;
#9277 = PLANE ( 'NONE',  #9276 ) ;
#9278 =( GEOMETRIC_REPRESENTATION_CONTEXT ( 3 ) GLOBAL_UNCERTAINTY_ASSIGNED_CONTEXT ( ( #9285 ) ) GLOBAL_UNIT_ASSIGNED_CONTEXT ( ( #9287, #9286, #9254 ) ) REPRESENTATION_CONTEXT ( 'NONE', 'WORKASPACE' ) );
#9279 = CARTESIAN_POINT ( 'NONE',  ( -10.88331238751374200, 7.092839768064540500, 1.017083167578189300 ) ) ;
#9280 = AXIS2_PLACEMENT_3D ( 'NONE', #9279, #9253, #9252 ) ;
#9281 = CYLINDRICAL_SURFACE ( 'NONE', #9280, 1.181100000000000300 ) ;
#9282 = UNCERTAINTY_MEASURE_WITH_UNIT (LENGTH_MEASURE( 1.000000000000000100E-005 ), #9137, 'distance_accuracy_value', 'NONE');
#9283 = CARTESIAN_POINT ( 'NONE',  ( -14.37606637827811400, 8.273939768064542100, -2.462716832421816700 ) ) ;
#9284 =( NAMED_UNIT ( * ) SI_UNIT ( $, .STERADIAN. ) SOLID_ANGLE_UNIT ( ) );
#9285 = UNCERTAINTY_MEASURE_WITH_UNIT (LENGTH_MEASURE( 1.000000000000000100E-005 ), #9287, 'distance_accuracy_value', 'NONE');
#9286 =( NAMED_UNIT ( * ) PLANE_ANGLE_UNIT ( ) SI_UNIT ( $, .RADIAN. ) );
#9287 =( LENGTH_UNIT ( ) NAMED_UNIT ( * ) SI_UNIT ( .MILLI., .METRE. ) );
#9288 = LINE ( 'NONE', #9308, #9297 ) ;
#9289 = CARTESIAN_POINT ( 'NONE',  ( -13.83860774221596300, 5.943268667156056400, 0.7050799184137274100 ) ) ;
#9290 = CARTESIAN_POINT ( 'NONE',  ( -13.82532981778168200, 5.911739768064538900, 0.8595013949756781200 ) ) ;
#9291 = CARTESIAN_POINT ( 'NONE',  ( -14.05830393764713200, 7.097077292896679000, -0.1640168324218107500 ) ) ;
#9292 = CARTESIAN_POINT ( 'NONE',  ( -14.05828698741220100, 7.092839768064540500, -0.1640168324218107500 ) ) ;
#9293 = SURFACE_STYLE_USAGE ( .BOTH. , #9294 ) ;
#9294 = SURFACE_SIDE_STYLE ('',( #9295 ) ) ;
#9295 = SURFACE_STYLE_FILL_AREA ( #9364 ) ;
#9296 = DIRECTION ( 'NONE',  ( 0.0000000000000000000, -3.916066504679277800E-017, -1.000000000000000000 ) ) ;
#9297 = VECTOR ( 'NONE', #9296, 1000.000000000000000 ) ;
#9298 = CARTESIAN_POINT ( 'NONE',  ( -13.97281829271355800, 6.365209943757078800, 0.07432092433041191700 ) ) ;
#9299 = CARTESIAN_POINT ( 'NONE',  ( -13.91306405247691900, 6.149642369973872000, 0.2900175056532966500 ) ) ;
#9300 = CARTESIAN_POINT ( 'NONE',  ( -13.88265197598797200, 6.062176562587781700, 0.4199289995365546000 ) ) ;
#9301 = CIRCLE ( 'NONE', #9348, 3.175000000000059800 ) ;
#9302 = B_SPLINE_CURVE_WITH_KNOTS ( 'NONE', 3,
 ( #9292, #9291, #9181, #9270 ),
 .UNSPECIFIED., .F., .F.,
 ( 4, 4 ),
 ( 0.0000000000000000000, 1.252448928530484900E-005 ),
 .UNSPECIFIED. ) ;
#9303 = CARTESIAN_POINT ( 'NONE',  ( -13.82532981778168400, 5.911739768064540700, 1.017083167578189500 ) ) ;
#9304 = CARTESIAN_POINT ( 'NONE',  ( -13.82532981778168400, 5.911739768064540700, 1.017083167578189500 ) ) ;
#9305 = CARTESIAN_POINT ( 'NONE',  ( -14.05828698741220100, 7.092839768064540500, -0.1640168324218107500 ) ) ;
#9306 = CARTESIAN_POINT ( 'NONE',  ( -14.04474413201654800, 6.779164960352514600, -0.1319231899133121200 ) ) ;
#9307 = CARTESIAN_POINT ( 'NONE',  ( -14.00247390015523900, 6.495619569747463000, -0.01341939392817282000 ) ) ;
#9308 = CARTESIAN_POINT ( 'NONE',  ( -13.82532981778168400, 5.911739768064540700, 1.258383167578188000 ) ) ;
#9309 = B_SPLINE_CURVE_WITH_KNOTS ( 'NONE', 3,
 ( #9303, #9290, #9289, #9300, #9299, #9298, #9307, #9306, #9311, #9310 ),
 .UNSPECIFIED., .F., .F.,
 ( 4, 2, 2, 2, 4 ),
 ( 0.0000000000000000000, 0.0004656603259977073600, 0.0009313206519954147100, 0.001396980977993122200, 0.001862641303990829400 ),
 .UNSPECIFIED. ) ;
#9310 = CARTESIAN_POINT ( 'NONE',  ( -14.05828698741220100, 7.092839768064540500, -0.1640168324218107500 ) ) ;
#9311 = CARTESIAN_POINT ( 'NONE',  ( -14.05765672443843100, 6.935275285152697800, -0.1640168324218107300 ) ) ;
#9312 = CARTESIAN_POINT ( 'NONE',  ( -13.82532981778168400, 5.911739768064540700, -2.704016832421815200 ) ) ;
#9313 = DIRECTION ( 'NONE',  ( 0.0000000000000000000, 3.916066504679277800E-017, 1.000000000000000000 ) ) ;
#9314 = VECTOR ( 'NONE', #9313, 1000.000000000000000 ) ;
#9315 = CARTESIAN_POINT ( 'NONE',  ( -13.82532981778168400, 5.911739768064540700, -2.704016832421815200 ) ) ;
#9316 = LINE ( 'NONE', #9315, #9314 ) ;
#9317 =( LENGTH_UNIT ( ) NAMED_UNIT ( * ) SI_UNIT ( .MILLI., .METRE. ) );
#9318 = VECTOR ( 'NONE', #9336, 1000.000000000000000 ) ;
#9319 = CARTESIAN_POINT ( 'NONE',  ( 18.40116544611969100, -1.606660231935459300, -2.310316832421812600 ) ) ;
#9320 = LINE ( 'NONE', #9319, #9318 ) ;
#9321 = CARTESIAN_POINT ( 'NONE',  ( 18.40116544611969100, -2.114660231935459000, -2.310316832421812600 ) ) ;
#9322 = DIRECTION ( 'NONE',  ( -1.110223024625156500E-016, 2.525907955783923100E-018, 1.000000000000000000 ) ) ;
#9323 = DIRECTION ( 'NONE',  ( 1.000000000000000000, 0.0000000000000000000, 0.0000000000000000000 ) ) ;
#9324 = DIRECTION ( 'NONE',  ( 0.0000000000000000000, -1.000000000000000000, 3.916066504679277800E-017 ) ) ;
#9325 = AXIS2_PLACEMENT_3D ( 'NONE', #9342, #9324, #9323 ) ;
#9326 = TOROIDAL_SURFACE ( 'NONE', #9325, -2.694122166366592600, 3.683000000000084700 ) ;
#9327 =( NAMED_UNIT ( * ) PLANE_ANGLE_UNIT ( ) SI_UNIT ( $, .RADIAN. ) );
#9328 = MECHANICAL_DESIGN_GEOMETRIC_PRESENTATION_REPRESENTATION (  '', ( #9337 ), #9343 ) ;
#9329 = PRESENTATION_LAYER_ASSIGNMENT (  '', '', ( #9337 ) ) ;
#9330 = VECTOR ( 'NONE', #9322, 1000.000000000000000 ) ;
#9331 =( NAMED_UNIT ( * ) SI_UNIT ( $, .STERADIAN. ) SOLID_ANGLE_UNIT ( ) );
#9332 = LINE ( 'NONE', #9333, #9330 ) ;
#9333 = CARTESIAN_POINT ( 'NONE',  ( 18.40116544611969100, -2.114660231935459000, 0.8646831675781872000 ) ) ;
#9334 = FACE_OUTER_BOUND ( 'NONE', #4021, .T. ) ;
#9335 = CARTESIAN_POINT ( 'NONE',  ( 18.40116544611969500, -7.232760231935460900, -2.310316832421810900 ) ) ;
#9336 = DIRECTION ( 'NONE',  ( -1.383662747167360600E-017, -1.000000000000000000, 2.525907955783947300E-018 ) ) ;
#9337 = STYLED_ITEM ( 'NONE', ( #9338 ), #4020 ) ;
#9338 = PRESENTATION_STYLE_ASSIGNMENT (( #9339 ) ) ;
#9339 = SURFACE_STYLE_USAGE ( .BOTH. , #9340 ) ;
#9340 = SURFACE_SIDE_STYLE ('',( #9344 ) ) ;
#9341 = UNCERTAINTY_MEASURE_WITH_UNIT (LENGTH_MEASURE( 1.000000000000000100E-005 ), #9317, 'distance_accuracy_value', 'NONE');
#9342 = CARTESIAN_POINT ( 'NONE',  ( -13.57743455388030900, 7.105539768064542000, 1.258383167578187100 ) ) ;
#9343 =( GEOMETRIC_REPRESENTATION_CONTEXT ( 3 ) GLOBAL_UNCERTAINTY_ASSIGNED_CONTEXT ( ( #9341 ) ) GLOBAL_UNIT_ASSIGNED_CONTEXT ( ( #9317, #9327, #9331 ) ) REPRESENTATION_CONTEXT ( 'NONE', 'WORKASPACE' ) );
#9344 = SURFACE_STYLE_FILL_AREA ( #9345 ) ;
#9345 = FILL_AREA_STYLE ('',( #9346 ) ) ;
#9346 = FILL_AREA_STYLE_COLOUR ( '', #9347 ) ;
#9347 = COLOUR_RGB ( '',0.8313725490196077800, 0.8392156862745098200, 0.8274509803921568100 ) ;
#9348 = AXIS2_PLACEMENT_3D ( 'NONE', #9358, #9363, #9361 ) ;
#9349 = DIRECTION ( 'NONE',  ( 0.0000000000000000000, 0.0000000000000000000, 1.000000000000000000 ) ) ;
#9350 = DIRECTION ( 'NONE',  ( 1.000000000000000000, -1.383662747167359800E-017, 6.573919011953683000E-016 ) ) ;
#9351 = CARTESIAN_POINT ( 'NONE',  ( 18.40116544611969100, -7.232760231935460900, -0.7228168324218140500 ) ) ;
#9352 = AXIS2_PLACEMENT_3D ( 'NONE', #9351, #9350, #9349 ) ;
#9353 = CARTESIAN_POINT ( 'NONE',  ( -13.57743455388030900, 5.911739768064540700, 1.258383167578187100 ) ) ;
#9354 = DIRECTION ( 'NONE',  ( 0.0000000000000000000, -1.000000000000000000, 3.916066504679277800E-017 ) ) ;
#9355 = CARTESIAN_POINT ( 'NONE',  ( 17.99476544611969000, -7.232760231935460900, 0.8646831675781839800 ) ) ;
#9356 = CARTESIAN_POINT ( 'NONE',  ( 17.99476544611969000, -2.267060231935456900, 0.8646831675781850900 ) ) ;
#9357 = DIRECTION ( 'NONE',  ( 1.000000000000000000, 0.0000000000000000000, 0.0000000000000000000 ) ) ;
#9358 = CARTESIAN_POINT ( 'NONE',  ( -10.88331238751374200, 7.105539768064541100, -2.704016832421815200 ) ) ;
#9359 = AXIS2_PLACEMENT_3D ( 'NONE', #9353, #9354, #9357 ) ;
#9360 = CIRCLE ( 'NONE', #9352, 0.9905999999999999300 ) ;
#9361 = DIRECTION ( 'NONE',  ( 1.000000000000000000, 0.0000000000000000000, 0.0000000000000000000 ) ) ;
#9362 = CIRCLE ( 'NONE', #9359, 0.2478952639013726800 ) ;
#9363 = DIRECTION ( 'NONE',  ( -6.123031769111886300E-017, 3.916066504679277800E-017, 1.000000000000000000 ) ) ;
#9364 = FILL_AREA_STYLE ('',( #9365 ) ) ;
#9365 = FILL_AREA_STYLE_COLOUR ( '', #9366 ) ;
#9366 = COLOUR_RGB ( '',0.8313725490196077800, 0.8392156862745098200, 0.8274509803921568100 ) ;
#9367 = FACE_OUTER_BOUND ( 'NONE', #4217, .T. ) ;
#9368 = DIRECTION ( 'NONE',  ( -1.383662747167357800E-017, -1.000000000000000000, -2.445628293271956800E-016 ) ) ;
#9369 = VECTOR ( 'NONE', #9368, 1000.000000000000000 ) ;
#9370 = CARTESIAN_POINT ( 'NONE',  ( 17.99476544611969000, -7.232760231935460900, 0.8646831675781839800 ) ) ;
#9371 = LINE ( 'NONE', #9370, #9369 ) ;
#9372 = PRESENTATION_STYLE_ASSIGNMENT (( #9293 ) ) ;
#9373 =( GEOMETRIC_REPRESENTATION_CONTEXT ( 3 ) GLOBAL_UNCERTAINTY_ASSIGNED_CONTEXT ( ( #9385 ) ) GLOBAL_UNIT_ASSIGNED_CONTEXT ( ( #9378, #9386, #9379 ) ) REPRESENTATION_CONTEXT ( 'NONE', 'WORKASPACE' ) );
#9374 = MECHANICAL_DESIGN_GEOMETRIC_PRESENTATION_REPRESENTATION (  '', ( #9388 ), #9408 ) ;
#9375 = FACE_OUTER_BOUND ( 'NONE', #4046, .T. ) ;
#9376 = DIRECTION ( 'NONE',  ( -1.000000000000000000, 0.0000000000000000000, 0.0000000000000000000 ) ) ;
#9377 = DIRECTION ( 'NONE',  ( 0.0000000000000000000, 1.000000000000000000, -3.916066504679277800E-017 ) ) ;
#9378 =( LENGTH_UNIT ( ) NAMED_UNIT ( * ) SI_UNIT ( .MILLI., .METRE. ) );
#9379 =( NAMED_UNIT ( * ) SI_UNIT ( $, .STERADIAN. ) SOLID_ANGLE_UNIT ( ) );
#9380 = PRESENTATION_LAYER_ASSIGNMENT (  '', '', ( #9394 ) ) ;
#9381 =( NAMED_UNIT ( * ) PLANE_ANGLE_UNIT ( ) SI_UNIT ( $, .RADIAN. ) );
#9382 =( LENGTH_UNIT ( ) NAMED_UNIT ( * ) SI_UNIT ( .MILLI., .METRE. ) );
#9383 = CARTESIAN_POINT ( 'NONE',  ( -13.57743455388030900, 7.105539768064541100, -2.704016832421814300 ) ) ;
#9384 = AXIS2_PLACEMENT_3D ( 'NONE', #9383, #9377, #9376 ) ;
#9385 = UNCERTAINTY_MEASURE_WITH_UNIT (LENGTH_MEASURE( 1.000000000000000100E-005 ), #9378, 'distance_accuracy_value', 'NONE');
#9386 =( NAMED_UNIT ( * ) PLANE_ANGLE_UNIT ( ) SI_UNIT ( $, .RADIAN. ) );
#9387 = PRESENTATION_LAYER_ASSIGNMENT (  '', '', ( #9388 ) ) ;
#9388 = STYLED_ITEM ( 'NONE', ( #9389 ), #4045 ) ;
#9389 = PRESENTATION_STYLE_ASSIGNMENT (( #9390 ) ) ;
#9390 = SURFACE_STYLE_USAGE ( .BOTH. , #9391 ) ;
#9391 = SURFACE_SIDE_STYLE ('',( #9392 ) ) ;
#9392 = SURFACE_STYLE_FILL_AREA ( #9393 ) ;
#9393 = FILL_AREA_STYLE ('',( #9396 ) ) ;
#9394 = STYLED_ITEM ( 'NONE', ( #9372 ), #4042 ) ;
#9395 = TOROIDAL_SURFACE ( 'NONE', #9384, -2.694122166366567300, 3.175000000000059800 ) ;
#9396 = FILL_AREA_STYLE_COLOUR ( '', #9397 ) ;
#9397 = COLOUR_RGB ( '',0.8313725490196077800, 0.8392156862745098200, 0.8274509803921568100 ) ;
#9398 = MECHANICAL_DESIGN_GEOMETRIC_PRESENTATION_REPRESENTATION (  '', ( #9394 ), #9373 ) ;
#9399 = UNCERTAINTY_MEASURE_WITH_UNIT (LENGTH_MEASURE( 1.000000000000000100E-005 ), #9382, 'distance_accuracy_value', 'NONE');
#9400 =( NAMED_UNIT ( * ) SI_UNIT ( $, .STERADIAN. ) SOLID_ANGLE_UNIT ( ) );
#9401 = MECHANICAL_DESIGN_GEOMETRIC_PRESENTATION_REPRESENTATION (  '', ( #9404 ), #9431 ) ;
#9402 = PRESENTATION_LAYER_ASSIGNMENT (  '', '', ( #9404 ) ) ;
#9403 = CIRCLE ( 'NONE', #9411, 1.587499999999997500 ) ;
#9404 = STYLED_ITEM ( 'NONE', ( #9405 ), #4052 ) ;
#9405 = PRESENTATION_STYLE_ASSIGNMENT (( #9406 ) ) ;
#9406 = SURFACE_STYLE_USAGE ( .BOTH. , #9409 ) ;
#9407 = DIRECTION ( 'NONE',  ( 1.000000000000000000, -1.383662747167359800E-017, 6.573919011953683000E-016 ) ) ;
#9408 =( GEOMETRIC_REPRESENTATION_CONTEXT ( 3 ) GLOBAL_UNCERTAINTY_ASSIGNED_CONTEXT ( ( #9399 ) ) GLOBAL_UNIT_ASSIGNED_CONTEXT ( ( #9382, #9381, #9400 ) ) REPRESENTATION_CONTEXT ( 'NONE', 'WORKASPACE' ) );
#9409 = SURFACE_SIDE_STYLE ('',( #9410 ) ) ;
#9410 = SURFACE_STYLE_FILL_AREA ( #9423 ) ;
#9411 = AXIS2_PLACEMENT_3D ( 'NONE', #9425, #9407, #9417 ) ;
#9412 = FACE_OUTER_BOUND ( 'NONE', #4609, .T. ) ;
#9413 = CYLINDRICAL_SURFACE ( 'NONE', #9415, 1.587499999999997500 ) ;
#9414 = CARTESIAN_POINT ( 'NONE',  ( 17.99476544611969300, -7.232760231935460900, -0.7228168324218143800 ) ) ;
#9415 = AXIS2_PLACEMENT_3D ( 'NONE', #9414, #9420, #9418 ) ;
#9416 = FILL_AREA_STYLE_COLOUR ( '', #9424 ) ;
#9417 = DIRECTION ( 'NONE',  ( 0.0000000000000000000, 0.0000000000000000000, 1.000000000000000000 ) ) ;
#9418 = DIRECTION ( 'NONE',  ( 0.0000000000000000000, 0.0000000000000000000, 1.000000000000000000 ) ) ;
#9419 = FACE_BOUND ( 'NONE', #4115, .T. ) ;
#9420 = DIRECTION ( 'NONE',  ( 1.000000000000000000, -1.383662747167359800E-017, 6.573919011953683000E-016 ) ) ;
#9421 =( NAMED_UNIT ( * ) PLANE_ANGLE_UNIT ( ) SI_UNIT ( $, .RADIAN. ) );
#9422 =( LENGTH_UNIT ( ) NAMED_UNIT ( * ) SI_UNIT ( .MILLI., .METRE. ) );
#9423 = FILL_AREA_STYLE ('',( #9416 ) ) ;
#9424 = COLOUR_RGB ( '',0.8313725490196077800, 0.8392156862745098200, 0.8274509803921568100 ) ;
#9425 = CARTESIAN_POINT ( 'NONE',  ( 17.99476544611969300, -7.232760231935460900, -0.7228168324218143800 ) ) ;
#9426 = CARTESIAN_POINT ( 'NONE',  ( -13.57743455388030900, 8.273939768064542100, 1.258383167578187100 ) ) ;
#9427 = DIRECTION ( 'NONE',  ( 0.7071067811865522400, -0.7071067811865428000, 8.029070957837715600E-017 ) ) ;
#9428 = VECTOR ( 'NONE', #9427, 1000.000000000000000 ) ;
#9429 = CARTESIAN_POINT ( 'NONE',  ( 17.74076544611968800, -2.013060231935459600, 0.8646831675781869700 ) ) ;
#9430 = LINE ( 'NONE', #9429, #9428 ) ;
#9431 =( GEOMETRIC_REPRESENTATION_CONTEXT ( 3 ) GLOBAL_UNCERTAINTY_ASSIGNED_CONTEXT ( ( #9432 ) ) GLOBAL_UNIT_ASSIGNED_CONTEXT ( ( #9422, #9421, #9450 ) ) REPRESENTATION_CONTEXT ( 'NONE', 'WORKASPACE' ) );
#9432 = UNCERTAINTY_MEASURE_WITH_UNIT (LENGTH_MEASURE( 1.000000000000000100E-005 ), #9422, 'distance_accuracy_value', 'NONE');
#9433 = CARTESIAN_POINT ( 'NONE',  ( 17.99476544611969300, -7.232760231935460900, -0.7228168324218143800 ) ) ;
#9434 = AXIS2_PLACEMENT_3D ( 'NONE', #9433, #9453, #9452 ) ;
#9435 = DIRECTION ( 'NONE',  ( 0.0000000000000000000, 1.000000000000000000, 0.0000000000000000000 ) ) ;
#9436 = DIRECTION ( 'NONE',  ( -1.110223024625156500E-016, 2.525907955783947700E-018, 1.000000000000000000 ) ) ;
#9437 = CARTESIAN_POINT ( 'NONE',  ( 17.89316544611969200, -2.114660231935459000, 0.8646831675781869700 ) ) ;
#9438 = AXIS2_PLACEMENT_3D ( 'NONE', #9437, #9436, #9435 ) ;
#9439 = PLANE ( 'NONE',  #9434 ) ;
#9440 = SURFACE_SIDE_STYLE ('',( #9441 ) ) ;
#9441 = SURFACE_STYLE_FILL_AREA ( #9442 ) ;
#9442 = FILL_AREA_STYLE ('',( #9443 ) ) ;
#9443 = FILL_AREA_STYLE_COLOUR ( '', #9444 ) ;
#9444 = COLOUR_RGB ( '',0.8313725490196077800, 0.8392156862745098200, 0.8274509803921568100 ) ;
#9445 = DIRECTION ( 'NONE',  ( 1.000000000000000000, 0.0000000000000000000, 0.0000000000000000000 ) ) ;
#9446 = DIRECTION ( 'NONE',  ( 0.0000000000000000000, -1.000000000000000000, 3.916066504679277800E-017 ) ) ;
#9447 = AXIS2_PLACEMENT_3D ( 'NONE', #9426, #9446, #9445 ) ;
#9448 = CIRCLE ( 'NONE', #9447, 0.2580747173118198000 ) ;
#9449 = FACE_OUTER_BOUND ( 'NONE', #4063, .T. ) ;
#9450 =( NAMED_UNIT ( * ) SI_UNIT ( $, .STERADIAN. ) SOLID_ANGLE_UNIT ( ) );
#9451 = CIRCLE ( 'NONE', #9438, 0.5080000000000000100 ) ;
#9452 = DIRECTION ( 'NONE',  ( -6.573919011953683000E-016, -1.199347274264538000E-016, 1.000000000000000000 ) ) ;
#9453 = DIRECTION ( 'NONE',  ( 1.000000000000000000, -1.383662747167359800E-017, 6.573919011953683000E-016 ) ) ;
#9454 = CARTESIAN_POINT ( 'NONE',  ( 18.40116544611969100, -7.232760231935460900, 0.8646831675781842000 ) ) ;
#9455 = UNCERTAINTY_MEASURE_WITH_UNIT (LENGTH_MEASURE( 1.000000000000000100E-005 ), #9477, 'distance_accuracy_value', 'NONE');
#9456 =( NAMED_UNIT ( * ) SI_UNIT ( $, .STERADIAN. ) SOLID_ANGLE_UNIT ( ) );
#9457 = FACE_OUTER_BOUND ( 'NONE', #4231, .T. ) ;
#9458 = CARTESIAN_POINT ( 'NONE',  ( -13.57743455388030900, 5.911739768064540700, 1.506278431479560100 ) ) ;
#9459 =( GEOMETRIC_REPRESENTATION_CONTEXT ( 3 ) GLOBAL_UNCERTAINTY_ASSIGNED_CONTEXT ( ( #9455 ) ) GLOBAL_UNIT_ASSIGNED_CONTEXT ( ( #9477, #9479, #9456 ) ) REPRESENTATION_CONTEXT ( 'NONE', 'WORKASPACE' ) );
#9460 = VECTOR ( 'NONE', #9467, 1000.000000000000000 ) ;
#9461 = STYLED_ITEM ( 'NONE', ( #9462 ), #4075 ) ;
#9462 = PRESENTATION_STYLE_ASSIGNMENT (( #9469 ) ) ;
#9463 =( NAMED_UNIT ( * ) SI_UNIT ( $, .STERADIAN. ) SOLID_ANGLE_UNIT ( ) );
#9464 = LINE ( 'NONE', #9468, #9460 ) ;
#9465 = SURFACE_STYLE_FILL_AREA ( #9466 ) ;
#9466 = FILL_AREA_STYLE ('',( #9480 ) ) ;
#9467 = DIRECTION ( 'NONE',  ( 1.000000000000000000, -2.397819961810616100E-033, -6.123031769111886300E-017 ) ) ;
#9468 = CARTESIAN_POINT ( 'NONE',  ( -13.57743455388030900, 5.911739768064540700, 1.017083167578189500 ) ) ;
#9469 = SURFACE_STYLE_USAGE ( .BOTH. , #9470 ) ;
#9470 = SURFACE_SIDE_STYLE ('',( #9465 ) ) ;
#9471 = PRESENTATION_STYLE_ASSIGNMENT (( #9487 ) ) ;
#9472 = COLOUR_RGB ( '',0.8745098039215686300, 0.0000000000000000000, 0.3568627450980392200 ) ;
#9473 = MECHANICAL_DESIGN_GEOMETRIC_PRESENTATION_REPRESENTATION (  '', ( #9461 ), #9491 ) ;
#9474 = PRESENTATION_LAYER_ASSIGNMENT (  '', '', ( #9461 ) ) ;
#9475 =( LENGTH_UNIT ( ) NAMED_UNIT ( * ) SI_UNIT ( .MILLI., .METRE. ) );
#9476 = STYLED_ITEM ( 'NONE', ( #9471 ), #4062 ) ;
#9477 =( LENGTH_UNIT ( ) NAMED_UNIT ( * ) SI_UNIT ( .MILLI., .METRE. ) );
#9478 = PLANE ( 'NONE',  #9486 ) ;
#9479 =( NAMED_UNIT ( * ) PLANE_ANGLE_UNIT ( ) SI_UNIT ( $, .RADIAN. ) );
#9480 = FILL_AREA_STYLE_COLOUR ( '', #9472 ) ;
#9481 = PRESENTATION_LAYER_ASSIGNMENT (  '', '', ( #9476 ) ) ;
#9482 = MECHANICAL_DESIGN_GEOMETRIC_PRESENTATION_REPRESENTATION (  '', ( #9476 ), #9459 ) ;
#9483 =( NAMED_UNIT ( * ) PLANE_ANGLE_UNIT ( ) SI_UNIT ( $, .RADIAN. ) );
#9484 = DIRECTION ( 'NONE',  ( -1.000000000000000000, 0.0000000000000000000, 0.0000000000000000000 ) ) ;
#9485 = DIRECTION ( 'NONE',  ( 0.0000000000000000000, 1.000000000000000000, -3.916066504679277800E-017 ) ) ;
#9486 = AXIS2_PLACEMENT_3D ( 'NONE', #9458, #9485, #9484 ) ;
#9487 = SURFACE_STYLE_USAGE ( .BOTH. , #9440 ) ;
#9488 = UNCERTAINTY_MEASURE_WITH_UNIT (LENGTH_MEASURE( 1.000000000000000100E-005 ), #9475, 'distance_accuracy_value', 'NONE');
#9489 = PLANE ( 'NONE',  #9506 ) ;
#9490 =( LENGTH_UNIT ( ) NAMED_UNIT ( * ) SI_UNIT ( .MILLI., .METRE. ) );
#9491 =( GEOMETRIC_REPRESENTATION_CONTEXT ( 3 ) GLOBAL_UNCERTAINTY_ASSIGNED_CONTEXT ( ( #9488 ) ) GLOBAL_UNIT_ASSIGNED_CONTEXT ( ( #9475, #9483, #9463 ) ) REPRESENTATION_CONTEXT ( 'NONE', 'WORKASPACE' ) );
#9492 = DIRECTION ( 'NONE',  ( 1.000000000000000000, 0.0000000000000000000, -0.0000000000000000000 ) ) ;
#9493 =( GEOMETRIC_REPRESENTATION_CONTEXT ( 3 ) GLOBAL_UNCERTAINTY_ASSIGNED_CONTEXT ( ( #9513 ) ) GLOBAL_UNIT_ASSIGNED_CONTEXT ( ( #9490, #9505, #9499 ) ) REPRESENTATION_CONTEXT ( 'NONE', 'WORKASPACE' ) );
#9494 = MECHANICAL_DESIGN_GEOMETRIC_PRESENTATION_REPRESENTATION (  '', ( #9496 ), #9493 ) ;
#9495 = PRESENTATION_LAYER_ASSIGNMENT (  '', '', ( #9496 ) ) ;
#9496 = STYLED_ITEM ( 'NONE', ( #9509 ), #4078 ) ;
#9497 = SURFACE_SIDE_STYLE ('',( #9500 ) ) ;
#9498 = FILL_AREA_STYLE_COLOUR ( '', #9510 ) ;
#9499 =( NAMED_UNIT ( * ) SI_UNIT ( $, .STERADIAN. ) SOLID_ANGLE_UNIT ( ) );
#9500 = SURFACE_STYLE_FILL_AREA ( #9517 ) ;
#9501 = AXIS2_PLACEMENT_3D ( 'NONE', #9530, #9532, #9533 ) ;
#9502 = CARTESIAN_POINT ( 'NONE',  ( -14.56631238751380200, 7.261310356808557700, -0.1622735014733787700 ) ) ;
#9503 = CARTESIAN_POINT ( 'NONE',  ( -14.37606637827811400, 8.273939768064542100, 1.258383167578188000 ) ) ;
#9504 = PLANE ( 'NONE',  #9501 ) ;
#9505 =( NAMED_UNIT ( * ) PLANE_ANGLE_UNIT ( ) SI_UNIT ( $, .RADIAN. ) );
#9506 = AXIS2_PLACEMENT_3D ( 'NONE', #9518, #9512, #9492 ) ;
#9507 = FACE_OUTER_BOUND ( 'NONE', #4070, .T. ) ;
#9508 = CARTESIAN_POINT ( 'NONE',  ( -15.10143455388031000, -0.03186023193545921300, 4.103183167578187400 ) ) ;
#9509 = PRESENTATION_STYLE_ASSIGNMENT (( #9516 ) ) ;
#9510 = COLOUR_RGB ( '',0.8745098039215686300, 0.0000000000000000000, 0.3568627450980392200 ) ;
#9511 = VECTOR ( 'NONE', #9514, 1000.000000000000000 ) ;
#9512 = DIRECTION ( 'NONE',  ( 0.0000000000000000000, -0.0000000000000000000, 1.000000000000000000 ) ) ;
#9513 = UNCERTAINTY_MEASURE_WITH_UNIT (LENGTH_MEASURE( 1.000000000000000100E-005 ), #9490, 'distance_accuracy_value', 'NONE');
#9514 = DIRECTION ( 'NONE',  ( -0.0000000000000000000, -1.000000000000000000, -0.0000000000000000000 ) ) ;
#9515 = LINE ( 'NONE', #9508, #9511 ) ;
#9516 = SURFACE_STYLE_USAGE ( .BOTH. , #9497 ) ;
#9517 = FILL_AREA_STYLE ('',( #9498 ) ) ;
#9518 = CARTESIAN_POINT ( 'NONE',  ( 19.95056544611968300, -0.03186023193545921300, -5.548816832421813700 ) ) ;
#9519 = CARTESIAN_POINT ( 'NONE',  ( 19.95056544611968300, -0.03186023193545921300, 4.103183167578187400 ) ) ;
#9520 = CARTESIAN_POINT ( 'NONE',  ( -10.88331238751371700, 7.105539768064542000, 1.258383167578188000 ) ) ;
#9521 = DIRECTION ( 'NONE',  ( -0.0000000000000000000, -1.000000000000000000, -0.0000000000000000000 ) ) ;
#9522 = VECTOR ( 'NONE', #9521, 1000.000000000000000 ) ;
#9523 = AXIS2_PLACEMENT_3D ( 'NONE', #9520, #9527, #9526 ) ;
#9524 = LINE ( 'NONE', #9503, #9555 ) ;
#9525 = CARTESIAN_POINT ( 'NONE',  ( -14.56631238751380200, 7.105539768064542000, -0.1639485508781780000 ) ) ;
#9526 = DIRECTION ( 'NONE',  ( 1.000000000000000000, 0.0000000000000000000, -5.887603434621121800E-017 ) ) ;
#9527 = DIRECTION ( 'NONE',  ( -6.123031769111886300E-017, -3.916066504679277800E-017, -1.000000000000000000 ) ) ;
#9528 = LINE ( 'NONE', #9519, #9522 ) ;
#9529 = CARTESIAN_POINT ( 'NONE',  ( -14.37606637827811400, 8.273939768064542100, 1.258383167578188000 ) ) ;
#9530 = CARTESIAN_POINT ( 'NONE',  ( 19.95056544611968300, -0.03186023193545921300, 4.103183167578187400 ) ) ;
#9531 = CIRCLE ( 'NONE', #9523, 3.683000000000084700 ) ;
#9532 = DIRECTION ( 'NONE',  ( -1.000000000000000000, 0.0000000000000000000, 0.0000000000000000000 ) ) ;
#9533 = DIRECTION ( 'NONE',  ( 0.0000000000000000000, 0.0000000000000000000, 1.000000000000000000 ) ) ;
#9534 = DIRECTION ( 'NONE',  ( 0.0000000000000000000, -3.916066504679277800E-017, -1.000000000000000000 ) ) ;
#9535 = COLOUR_RGB ( '',0.8313725490196077800, 0.8392156862745098200, 0.8274509803921568100 ) ;
#9536 = FACE_OUTER_BOUND ( 'NONE', #4092, .T. ) ;
#9537 = CARTESIAN_POINT ( 'NONE',  ( -14.55594592107460100, 7.415789151090663700, -0.1292098142323104300 ) ) ;
#9538 = CARTESIAN_POINT ( 'NONE',  ( -14.52133751716934600, 7.696526153269942000, -0.009487167305201950000 ) ) ;
#9539 = CARTESIAN_POINT ( 'NONE',  ( -14.49684781182838500, 7.825862878333457400, 0.07860009085570864000 ) ) ;
#9540 = CARTESIAN_POINT ( 'NONE',  ( -14.44761440609678100, 8.039485572856866800, 0.2946324178714000400 ) ) ;
#9541 = CARTESIAN_POINT ( 'NONE',  ( -14.42268186112873900, 8.125888231594917200, 0.4243042969547911600 ) ) ;
#9542 = CARTESIAN_POINT ( 'NONE',  ( -14.38676252810194200, 8.243118059963210300, 0.7081563661402025000 ) ) ;
#9543 = CARTESIAN_POINT ( 'NONE',  ( -14.37606637827811400, 8.273939768064540300, 0.8610806192402713500 ) ) ;
#9544 = CARTESIAN_POINT ( 'NONE',  ( -14.37606637827811400, 8.273939768064542100, 1.017083167578189300 ) ) ;
#9545 = FILL_AREA_STYLE ('',( #9548 ) ) ;
#9546 = B_SPLINE_CURVE_WITH_KNOTS ( 'NONE', 3,
 ( #9544, #9543, #9542, #9541, #9540, #9539, #9538, #9537, #9502, #9525 ),
 .UNSPECIFIED., .F., .F.,
 ( 4, 2, 2, 2, 4 ),
 ( 0.0000000000000000000, 0.0004611115134716477400, 0.0009222230269432954800, 0.001383334540414943200, 0.001844446053886591000 ),
 .UNSPECIFIED. ) ;
#9547 = CARTESIAN_POINT ( 'NONE',  ( -14.37606637827811400, 8.273939768064542100, 1.017083167578189300 ) ) ;
#9548 = FILL_AREA_STYLE_COLOUR ( '', #9535 ) ;
#9549 = PRESENTATION_LAYER_ASSIGNMENT (  '', '', ( #9550 ) ) ;
#9550 = STYLED_ITEM ( 'NONE', ( #9551 ), #4091 ) ;
#9551 = PRESENTATION_STYLE_ASSIGNMENT (( #9552 ) ) ;
#9552 = SURFACE_STYLE_USAGE ( .BOTH. , #9553 ) ;
#9553 = SURFACE_SIDE_STYLE ('',( #9554 ) ) ;
#9554 = SURFACE_STYLE_FILL_AREA ( #9545 ) ;
#9555 = VECTOR ( 'NONE', #9534, 1000.000000000000000 ) ;
#9556 =( LENGTH_UNIT ( ) NAMED_UNIT ( * ) SI_UNIT ( .MILLI., .METRE. ) );
#9557 = CARTESIAN_POINT ( 'NONE',  ( -10.88331238751374200, 7.105539768064541100, 1.258383167578188000 ) ) ;
#9558 =( GEOMETRIC_REPRESENTATION_CONTEXT ( 3 ) GLOBAL_UNCERTAINTY_ASSIGNED_CONTEXT ( ( #9568 ) ) GLOBAL_UNIT_ASSIGNED_CONTEXT ( ( #9556, #9570, #9569 ) ) REPRESENTATION_CONTEXT ( 'NONE', 'WORKASPACE' ) );
#9559 = MECHANICAL_DESIGN_GEOMETRIC_PRESENTATION_REPRESENTATION (  '', ( #9550 ), #9558 ) ;
#9560 = DIRECTION ( 'NONE',  ( 1.000000000000000000, 0.0000000000000000000, -6.829619984160529900E-017 ) ) ;
#9561 = DIRECTION ( 'NONE',  ( 6.123031769111886300E-017, 3.916066504679277800E-017, 1.000000000000000000 ) ) ;
#9562 = CARTESIAN_POINT ( 'NONE',  ( -10.88331238751374200, 7.105539768064541100, 1.258383167578188000 ) ) ;
#9563 = AXIS2_PLACEMENT_3D ( 'NONE', #9562, #9561, #9560 ) ;
#9564 = CIRCLE ( 'NONE', #9563, 3.175000000000059800 ) ;
#9565 = DIRECTION ( 'NONE',  ( -1.000000000000000000, 0.0000000000000000000, 0.0000000000000000000 ) ) ;
#9566 = DIRECTION ( 'NONE',  ( 0.0000000000000000000, -3.916066504679277800E-017, -1.000000000000000000 ) ) ;
#9567 = AXIS2_PLACEMENT_3D ( 'NONE', #9557, #9566, #9565 ) ;
#9568 = UNCERTAINTY_MEASURE_WITH_UNIT (LENGTH_MEASURE( 1.000000000000000100E-005 ), #9556, 'distance_accuracy_value', 'NONE');
#9569 =( NAMED_UNIT ( * ) SI_UNIT ( $, .STERADIAN. ) SOLID_ANGLE_UNIT ( ) );
#9570 =( NAMED_UNIT ( * ) PLANE_ANGLE_UNIT ( ) SI_UNIT ( $, .RADIAN. ) );
#9571 = CYLINDRICAL_SURFACE ( 'NONE', #9567, 3.175000000000059800 ) ;
#9572 = DIRECTION ( 'NONE',  ( 1.000000000000000000, 0.0000000000000000000, 0.0000000000000000000 ) ) ;
#9573 = DIRECTION ( 'NONE',  ( 0.0000000000000000000, -1.000000000000000000, 3.916066504679277800E-017 ) ) ;
#9574 = CARTESIAN_POINT ( 'NONE',  ( -13.57743455388030900, 8.273939768064542100, 1.258383167578187100 ) ) ;
#9575 = AXIS2_PLACEMENT_3D ( 'NONE', #9574, #9573, #9572 ) ;
#9576 = CIRCLE ( 'NONE', #9575, 0.7986318243978045600 ) ;
#9577 = DIRECTION ( 'NONE',  ( 1.000000000000000000, 0.0000000000000000000, 0.0000000000000000000 ) ) ;
#9578 = CARTESIAN_POINT ( 'NONE',  ( -13.82532981778168400, 5.911739768064540700, 1.258383167578188000 ) ) ;
#9579 = DIRECTION ( 'NONE',  ( 0.0000000000000000000, -1.000000000000000000, 3.916066504679277800E-017 ) ) ;
#9580 = CARTESIAN_POINT ( 'NONE',  ( -13.57743455388030900, 5.911739768064540700, 1.258383167578187100 ) ) ;
#9581 = AXIS2_PLACEMENT_3D ( 'NONE', #9580, #9579, #9577 ) ;
#9582 = AXIS2_PLACEMENT_3D ( 'NONE', #9628, #9647, #9631 ) ;
#9583 = CIRCLE ( 'NONE', #9581, 0.7900320437682888400 ) ;
#9584 = MECHANICAL_DESIGN_GEOMETRIC_PRESENTATION_REPRESENTATION (  '', ( #9586 ), #9629 ) ;
#9585 = PRESENTATION_LAYER_ASSIGNMENT (  '', '', ( #9586 ) ) ;
#9586 = STYLED_ITEM ( 'NONE', ( #9587 ), #4111 ) ;
#9587 = PRESENTATION_STYLE_ASSIGNMENT (( #9597 ) ) ;
#9588 = MECHANICAL_DESIGN_GEOMETRIC_PRESENTATION_REPRESENTATION (  '', ( #9605 ), #9608 ) ;
#9589 = SURFACE_STYLE_USAGE ( .BOTH. , #9609 ) ;
#9590 =( NAMED_UNIT ( * ) PLANE_ANGLE_UNIT ( ) SI_UNIT ( $, .RADIAN. ) );
#9591 =( LENGTH_UNIT ( ) NAMED_UNIT ( * ) SI_UNIT ( .MILLI., .METRE. ) );
#9592 = CARTESIAN_POINT ( 'NONE',  ( -13.57743455388030900, 7.105539768064541100, 1.258383167578187100 ) ) ;
#9593 = TOROIDAL_SURFACE ( 'NONE', #9620, -2.694122166366567300, 3.175000000000059800 ) ;
#9594 = PRESENTATION_LAYER_ASSIGNMENT (  '', '', ( #9605 ) ) ;
#9595 = UNCERTAINTY_MEASURE_WITH_UNIT (LENGTH_MEASURE( 1.000000000000000100E-005 ), #9606, 'distance_accuracy_value', 'NONE');
#9596 =( NAMED_UNIT ( * ) PLANE_ANGLE_UNIT ( ) SI_UNIT ( $, .RADIAN. ) );
#9597 = SURFACE_STYLE_USAGE ( .BOTH. , #9598 ) ;
#9598 = SURFACE_SIDE_STYLE ('',( #9599 ) ) ;
#9599 = SURFACE_STYLE_FILL_AREA ( #9600 ) ;
#9600 = FILL_AREA_STYLE ('',( #9624 ) ) ;
#9601 = COLOUR_RGB ( '',0.8313725490196077800, 0.8392156862745098200, 0.8274509803921568100 ) ;
#9602 = FACE_OUTER_BOUND ( 'NONE', #4112, .T. ) ;
#9603 = DIRECTION ( 'NONE',  ( 0.0000000000000000000, 3.916066504679277800E-017, 1.000000000000000000 ) ) ;
#9604 = FILL_AREA_STYLE ('',( #9614 ) ) ;
#9605 = STYLED_ITEM ( 'NONE', ( #9610 ), #4104 ) ;
#9606 =( LENGTH_UNIT ( ) NAMED_UNIT ( * ) SI_UNIT ( .MILLI., .METRE. ) );
#9607 =( NAMED_UNIT ( * ) SI_UNIT ( $, .STERADIAN. ) SOLID_ANGLE_UNIT ( ) );
#9608 =( GEOMETRIC_REPRESENTATION_CONTEXT ( 3 ) GLOBAL_UNCERTAINTY_ASSIGNED_CONTEXT ( ( #9595 ) ) GLOBAL_UNIT_ASSIGNED_CONTEXT ( ( #9606, #9596, #9607 ) ) REPRESENTATION_CONTEXT ( 'NONE', 'WORKASPACE' ) );
#9609 = SURFACE_SIDE_STYLE ('',( #9613 ) ) ;
#9610 = PRESENTATION_STYLE_ASSIGNMENT (( #9589 ) ) ;
#9611 = COLOUR_RGB ( '',0.8313725490196077800, 0.8392156862745098200, 0.8274509803921568100 ) ;
#9612 = FACE_OUTER_BOUND ( 'NONE', #4105, .T. ) ;
#9613 = SURFACE_STYLE_FILL_AREA ( #9604 ) ;
#9614 = FILL_AREA_STYLE_COLOUR ( '', #9611 ) ;
#9615 = UNCERTAINTY_MEASURE_WITH_UNIT (LENGTH_MEASURE( 1.000000000000000100E-005 ), #9591, 'distance_accuracy_value', 'NONE');
#9616 =( NAMED_UNIT ( * ) SI_UNIT ( $, .STERADIAN. ) SOLID_ANGLE_UNIT ( ) );
#9617 = CARTESIAN_POINT ( 'NONE',  ( -13.83550927119212800, 8.273939768064542100, -2.704016832421815200 ) ) ;
#9618 = DIRECTION ( 'NONE',  ( 1.000000000000000000, 0.0000000000000000000, 0.0000000000000000000 ) ) ;
#9619 = DIRECTION ( 'NONE',  ( 0.0000000000000000000, -1.000000000000000000, 3.916066504679277800E-017 ) ) ;
#9620 = AXIS2_PLACEMENT_3D ( 'NONE', #9592, #9619, #9618 ) ;
#9621 = VECTOR ( 'NONE', #9603, 1000.000000000000000 ) ;
#9622 = CARTESIAN_POINT ( 'NONE',  ( -13.83550927119212800, 8.273939768064542100, -2.704016832421815200 ) ) ;
#9623 = LINE ( 'NONE', #9622, #9621 ) ;
#9624 = FILL_AREA_STYLE_COLOUR ( '', #9601 ) ;
#9625 = TOROIDAL_SURFACE ( 'NONE', #9582, -2.694122166366592600, 3.683000000000084700 ) ;
#9626 = VECTOR ( 'NONE', #9652, 1000.000000000000000 ) ;
#9627 = CARTESIAN_POINT ( 'NONE',  ( 17.99476544611969300, -7.232760231935460900, -2.310316832421810900 ) ) ;
#9628 = CARTESIAN_POINT ( 'NONE',  ( -13.57743455388030900, 7.105539768064542000, -2.704016832421814300 ) ) ;
#9629 =( GEOMETRIC_REPRESENTATION_CONTEXT ( 3 ) GLOBAL_UNCERTAINTY_ASSIGNED_CONTEXT ( ( #9615 ) ) GLOBAL_UNIT_ASSIGNED_CONTEXT ( ( #9591, #9590, #9616 ) ) REPRESENTATION_CONTEXT ( 'NONE', 'WORKASPACE' ) );
#9630 = CARTESIAN_POINT ( 'NONE',  ( 17.99476544611969300, -7.232760231935460900, -0.7228168324218143800 ) ) ;
#9631 = DIRECTION ( 'NONE',  ( -1.000000000000000000, 0.0000000000000000000, 0.0000000000000000000 ) ) ;
#9632 = DIRECTION ( 'NONE',  ( 1.000000000000000000, -1.383662747167359800E-017, 6.573919011953683000E-016 ) ) ;
#9633 = CARTESIAN_POINT ( 'NONE',  ( 15.14996544611969000, -2.013060231935459100, 0.2550831675781877700 ) ) ;
#9634 = LINE ( 'NONE', #9633, #9640 ) ;
#9635 = VECTOR ( 'NONE', #9638, 1000.000000000000000 ) ;
#9636 = CARTESIAN_POINT ( 'NONE',  ( 16.12786544611969200, -2.013060231935459100, -1.700716832421814300 ) ) ;
#9637 = LINE ( 'NONE', #9636, #9635 ) ;
#9638 = DIRECTION ( 'NONE',  ( 1.110223024625156500E-016, -2.525907955783923100E-018, -1.000000000000000000 ) ) ;
#9639 = DIRECTION ( 'NONE',  ( 1.000000000000000000, -1.383662747167359800E-017, 1.110223024625156500E-016 ) ) ;
#9640 = VECTOR ( 'NONE', #9639, 1000.000000000000000 ) ;
#9641 = LINE ( 'NONE', #9627, #9626 ) ;
#9642 =( LENGTH_UNIT ( ) NAMED_UNIT ( * ) SI_UNIT ( .MILLI., .METRE. ) );
#9643 = CIRCLE ( 'NONE', #9646, 0.9905999999999999300 ) ;
#9644 = CARTESIAN_POINT ( 'NONE',  ( 16.12786544611969200, -2.013060231935459100, 0.2550831675781884400 ) ) ;
#9645 = DIRECTION ( 'NONE',  ( 0.0000000000000000000, 0.0000000000000000000, 1.000000000000000000 ) ) ;
#9646 = AXIS2_PLACEMENT_3D ( 'NONE', #9630, #9632, #9645 ) ;
#9647 = DIRECTION ( 'NONE',  ( 0.0000000000000000000, 1.000000000000000000, -3.916066504679277800E-017 ) ) ;
#9648 = DIRECTION ( 'NONE',  ( -0.7071067811865522400, 0.7071067811865428000, -8.029070957837715600E-017 ) ) ;
#9649 =( LENGTH_UNIT ( ) NAMED_UNIT ( * ) SI_UNIT ( .MILLI., .METRE. ) );
#9650 = SURFACE_STYLE_USAGE ( .BOTH. , #9671 ) ;
#9651 = UNCERTAINTY_MEASURE_WITH_UNIT (LENGTH_MEASURE( 1.000000000000000100E-005 ), #9649, 'distance_accuracy_value', 'NONE');
#9652 = DIRECTION ( 'NONE',  ( 1.383662747167360600E-017, 1.000000000000000000, -4.693374474288096600E-018 ) ) ;
#9653 = FILL_AREA_STYLE_COLOUR ( '', #9669 ) ;
#9654 = SURFACE_STYLE_FILL_AREA ( #9684 ) ;
#9655 = STYLED_ITEM ( 'NONE', ( #9668 ), #4132 ) ;
#9656 = CARTESIAN_POINT ( 'NONE',  ( 17.74076544611969200, -2.013060231935458700, -2.310316832421812600 ) ) ;
#9657 = SURFACE_STYLE_USAGE ( .BOTH. , #9658 ) ;
#9658 = SURFACE_SIDE_STYLE ('',( #9659 ) ) ;
#9659 = SURFACE_STYLE_FILL_AREA ( #9660 ) ;
#9660 = FILL_AREA_STYLE ('',( #9672 ) ) ;
#9661 =( NAMED_UNIT ( * ) SI_UNIT ( $, .STERADIAN. ) SOLID_ANGLE_UNIT ( ) );
#9662 = MECHANICAL_DESIGN_GEOMETRIC_PRESENTATION_REPRESENTATION (  '', ( #9655 ), #9664 ) ;
#9663 = FACE_OUTER_BOUND ( 'NONE', #4133, .T. ) ;
#9664 =( GEOMETRIC_REPRESENTATION_CONTEXT ( 3 ) GLOBAL_UNCERTAINTY_ASSIGNED_CONTEXT ( ( #9651 ) ) GLOBAL_UNIT_ASSIGNED_CONTEXT ( ( #9649, #9675, #9661 ) ) REPRESENTATION_CONTEXT ( 'NONE', 'WORKASPACE' ) );
#9665 = PRESENTATION_LAYER_ASSIGNMENT (  '', '', ( #9666 ) ) ;
#9666 = STYLED_ITEM ( 'NONE', ( #9667 ), #4138 ) ;
#9667 = PRESENTATION_STYLE_ASSIGNMENT (( #9657 ) ) ;
#9668 = PRESENTATION_STYLE_ASSIGNMENT (( #9650 ) ) ;
#9669 = COLOUR_RGB ( '',0.8313725490196077800, 0.8392156862745098200, 0.8274509803921568100 ) ;
#9670 = VECTOR ( 'NONE', #9648, 1000.000000000000000 ) ;
#9671 = SURFACE_SIDE_STYLE ('',( #9654 ) ) ;
#9672 = FILL_AREA_STYLE_COLOUR ( '', #9682 ) ;
#9673 = DIRECTION ( 'NONE',  ( -1.287289128761813300E-036, 2.525907955783923100E-018, 1.000000000000000000 ) ) ;
#9674 = DIRECTION ( 'NONE',  ( -1.383662747167360600E-017, -1.000000000000000000, 2.525907955783923100E-018 ) ) ;
#9675 =( NAMED_UNIT ( * ) PLANE_ANGLE_UNIT ( ) SI_UNIT ( $, .RADIAN. ) );
#9676 = LINE ( 'NONE', #9656, #9670 ) ;
#9677 = MECHANICAL_DESIGN_GEOMETRIC_PRESENTATION_REPRESENTATION (  '', ( #9666 ), #9728 ) ;
#9678 = PRESENTATION_LAYER_ASSIGNMENT (  '', '', ( #9655 ) ) ;
#9679 = CARTESIAN_POINT ( 'NONE',  ( 15.14996544611969000, -0.01880692146822345700, -0.7228168324218131600 ) ) ;
#9680 = AXIS2_PLACEMENT_3D ( 'NONE', #9679, #9674, #9673 ) ;
#9681 = TOROIDAL_SURFACE ( 'NONE', #9680, 1.706550303593856300, 0.8808538416825231200 ) ;
#9682 = COLOUR_RGB ( '',0.8313725490196077800, 0.8392156862745098200, 0.8274509803921568100 ) ;
#9683 = FACE_OUTER_BOUND ( 'NONE', #4139, .T. ) ;
#9684 = FILL_AREA_STYLE ('',( #9653 ) ) ;
#9685 = CARTESIAN_POINT ( 'NONE',  ( 17.99476544611969300, -2.267060231935456500, -2.310316832421811300 ) ) ;
#9686 = SURFACE_STYLE_FILL_AREA ( #9726 ) ;
#9687 = AXIS2_PLACEMENT_3D ( 'NONE', #9711, #9710, #9719 ) ;
#9688 =( LENGTH_UNIT ( ) NAMED_UNIT ( * ) SI_UNIT ( .MILLI., .METRE. ) );
#9689 = PLANE ( 'NONE',  #9687 ) ;
#9690 = FILL_AREA_STYLE_COLOUR ( '', #9722 ) ;
#9691 = PRESENTATION_STYLE_ASSIGNMENT (( #9697 ) ) ;
#9692 =( NAMED_UNIT ( * ) SI_UNIT ( $, .STERADIAN. ) SOLID_ANGLE_UNIT ( ) );
#9693 =( NAMED_UNIT ( * ) PLANE_ANGLE_UNIT ( ) SI_UNIT ( $, .RADIAN. ) );
#9694 = SURFACE_SIDE_STYLE ('',( #9686 ) ) ;
#9695 = UNCERTAINTY_MEASURE_WITH_UNIT (LENGTH_MEASURE( 1.000000000000000100E-005 ), #9688, 'distance_accuracy_value', 'NONE');
#9696 = DIRECTION ( 'NONE',  ( -1.250846150945177000E-016, 1.000000000000000000, -3.916066504679277800E-017 ) ) ;
#9697 = SURFACE_STYLE_USAGE ( .BOTH. , #9694 ) ;
#9698 =( GEOMETRIC_REPRESENTATION_CONTEXT ( 3 ) GLOBAL_UNCERTAINTY_ASSIGNED_CONTEXT ( ( #9695 ) ) GLOBAL_UNIT_ASSIGNED_CONTEXT ( ( #9688, #9693, #9692 ) ) REPRESENTATION_CONTEXT ( 'NONE', 'WORKASPACE' ) );
#9699 = CARTESIAN_POINT ( 'NONE',  ( -13.45043455388031000, 9.054763847188317200, 2.274383167578186700 ) ) ;
#9700 = FACE_OUTER_BOUND ( 'NONE', #3908, .T. ) ;
#9701 = PRESENTATION_LAYER_ASSIGNMENT (  '', '', ( #9702 ) ) ;
#9702 = STYLED_ITEM ( 'NONE', ( #9691 ), #3907 ) ;
#9703 =( NAMED_UNIT ( * ) SI_UNIT ( $, .STERADIAN. ) SOLID_ANGLE_UNIT ( ) );
#9704 = AXIS2_PLACEMENT_3D ( 'NONE', #9699, #9727, #9696 ) ;
#9705 = MECHANICAL_DESIGN_GEOMETRIC_PRESENTATION_REPRESENTATION (  '', ( #9707 ), #9698 ) ;
#9706 = PRESENTATION_LAYER_ASSIGNMENT (  '', '', ( #9707 ) ) ;
#9707 = STYLED_ITEM ( 'NONE', ( #9708 ), #3910 ) ;
#9708 = PRESENTATION_STYLE_ASSIGNMENT (( #9714 ) ) ;
#9709 =( LENGTH_UNIT ( ) NAMED_UNIT ( * ) SI_UNIT ( .MILLI., .METRE. ) );
#9710 = DIRECTION ( 'NONE',  ( -1.000000000000000000, -9.887935438584430700E-017, 5.090343073297079200E-017 ) ) ;
#9711 = CARTESIAN_POINT ( 'NONE',  ( -13.45043455388031000, 1.708356347983653000, 3.107191364828188800 ) ) ;
#9712 = COLOUR_RGB ( '',0.8313725490196077800, 0.8392156862745098200, 0.8274509803921568100 ) ;
#9713 = FACE_OUTER_BOUND ( 'NONE', #3636, .T. ) ;
#9714 = SURFACE_STYLE_USAGE ( .BOTH. , #9715 ) ;
#9715 = SURFACE_SIDE_STYLE ('',( #9716 ) ) ;
#9716 = SURFACE_STYLE_FILL_AREA ( #9717 ) ;
#9717 = FILL_AREA_STYLE ('',( #9718 ) ) ;
#9718 = FILL_AREA_STYLE_COLOUR ( '', #9712 ) ;
#9719 = DIRECTION ( 'NONE',  ( 1.112127959550866700E-016, -0.8891005170464085800, 0.4577119952413404300 ) ) ;
#9720 =( NAMED_UNIT ( * ) PLANE_ANGLE_UNIT ( ) SI_UNIT ( $, .RADIAN. ) );
#9721 =( GEOMETRIC_REPRESENTATION_CONTEXT ( 3 ) GLOBAL_UNCERTAINTY_ASSIGNED_CONTEXT ( ( #9724 ) ) GLOBAL_UNIT_ASSIGNED_CONTEXT ( ( #9709, #9720, #9703 ) ) REPRESENTATION_CONTEXT ( 'NONE', 'WORKASPACE' ) );
#9722 = COLOUR_RGB ( '',0.8313725490196077800, 0.8392156862745098200, 0.8274509803921568100 ) ;
#9723 = PLANE ( 'NONE',  #9704 ) ;
#9724 = UNCERTAINTY_MEASURE_WITH_UNIT (LENGTH_MEASURE( 1.000000000000000100E-005 ), #9709, 'distance_accuracy_value', 'NONE');
#9725 = MECHANICAL_DESIGN_GEOMETRIC_PRESENTATION_REPRESENTATION (  '', ( #9702 ), #9721 ) ;
#9726 = FILL_AREA_STYLE ('',( #9690 ) ) ;
#9727 = DIRECTION ( 'NONE',  ( 1.000000000000000000, 1.250846150945177000E-016, -4.898396714223407500E-033 ) ) ;
#9728 =( GEOMETRIC_REPRESENTATION_CONTEXT ( 3 ) GLOBAL_UNCERTAINTY_ASSIGNED_CONTEXT ( ( #9735 ) ) GLOBAL_UNIT_ASSIGNED_CONTEXT ( ( #9642, #9737, #9736 ) ) REPRESENTATION_CONTEXT ( 'NONE', 'WORKASPACE' ) );
#9729 = CARTESIAN_POINT ( 'NONE',  ( 17.74076544611969200, -2.013060231935459100, -2.310316832421812600 ) ) ;
#9730 = DIRECTION ( 'NONE',  ( 0.0000000000000000000, 0.0000000000000000000, 1.000000000000000000 ) ) ;
#9731 = CARTESIAN_POINT ( 'NONE',  ( 15.14996544611969000, -2.013060231935459100, -0.7228168324218131600 ) ) ;
#9732 = CYLINDRICAL_SURFACE ( 'NONE', #9734, 0.9779000000000012100 ) ;
#9733 = DIRECTION ( 'NONE',  ( -1.383662747167360600E-017, -1.000000000000000000, 2.525907955783923100E-018 ) ) ;
#9734 = AXIS2_PLACEMENT_3D ( 'NONE', #9731, #9733, #9730 ) ;
#9735 = UNCERTAINTY_MEASURE_WITH_UNIT (LENGTH_MEASURE( 1.000000000000000100E-005 ), #9642, 'distance_accuracy_value', 'NONE');
#9736 =( NAMED_UNIT ( * ) SI_UNIT ( $, .STERADIAN. ) SOLID_ANGLE_UNIT ( ) );
#9737 =( NAMED_UNIT ( * ) PLANE_ANGLE_UNIT ( ) SI_UNIT ( $, .RADIAN. ) );
#9738 = DIRECTION ( 'NONE',  ( 1.000000000000000000, -1.383662747167360000E-017, 1.110223024625156500E-016 ) ) ;
#9739 = VECTOR ( 'NONE', #9738, 1000.000000000000000 ) ;
#9740 = CARTESIAN_POINT ( 'NONE',  ( 18.40116544611969100, -2.013060231935459100, -2.310316832421812600 ) ) ;
#9741 = LINE ( 'NONE', #9740, #9739 ) ;
#9742 = CARTESIAN_POINT ( 'NONE',  ( -14.56683205444639900, 7.249892263661527300, -1.281616832421816200 ) ) ;
#9743 = DIRECTION ( 'NONE',  ( -6.573919011953683000E-016, 2.525907955783923100E-018, 1.000000000000000000 ) ) ;
#9744 = VECTOR ( 'NONE', #9743, 1000.000000000000000 ) ;
#9745 = CARTESIAN_POINT ( 'NONE',  ( 17.74076544611968800, -2.013060231935459100, 0.8646831675781869700 ) ) ;
#9746 = LINE ( 'NONE', #9745, #9744 ) ;
#9747 = COLOUR_RGB ( '',0.8313725490196077800, 0.8392156862745098200, 0.8274509803921568100 ) ;
#9748 = UNCERTAINTY_MEASURE_WITH_UNIT (LENGTH_MEASURE( 1.000000000000000100E-005 ), #9768, 'distance_accuracy_value', 'NONE');
#9749 =( NAMED_UNIT ( * ) SI_UNIT ( $, .STERADIAN. ) SOLID_ANGLE_UNIT ( ) );
#9750 = SURFACE_STYLE_FILL_AREA ( #9767 ) ;
#9751 =( NAMED_UNIT ( * ) SI_UNIT ( $, .STERADIAN. ) SOLID_ANGLE_UNIT ( ) );
#9752 = DIRECTION ( 'NONE',  ( 1.000000000000000000, -1.383662747167359800E-017, 1.110223024625156500E-016 ) ) ;
#9753 = AXIS2_PLACEMENT_3D ( 'NONE', #9769, #9752, #9802 ) ;
#9754 = CARTESIAN_POINT ( 'NONE',  ( 18.40116544611969100, -2.013060231935459100, 0.8646831675781872000 ) ) ;
#9755 = LINE ( 'NONE', #9761, #9760 ) ;
#9756 = DIRECTION ( 'NONE',  ( 1.383662747167360600E-017, 1.000000000000000000, -2.525907955783947300E-018 ) ) ;
#9757 = STYLED_ITEM ( 'NONE', ( #9803 ), #4154 ) ;
#9758 = FACE_OUTER_BOUND ( 'NONE', #4159, .T. ) ;
#9759 = DIRECTION ( 'NONE',  ( 1.000000000000000000, -1.383662747167359800E-017, 6.573919011953683000E-016 ) ) ;
#9760 = VECTOR ( 'NONE', #9759, 1000.000000000000000 ) ;
#9761 = CARTESIAN_POINT ( 'NONE',  ( 17.99476544611969000, -7.232760231935460900, 0.8646831675781839800 ) ) ;
#9762 = FILL_AREA_STYLE_COLOUR ( '', #9797 ) ;
#9763 = FILL_AREA_STYLE_COLOUR ( '', #9747 ) ;
#9764 = CARTESIAN_POINT ( 'NONE',  ( 17.74076544611968800, -2.013060231935459100, 0.8646831675781869700 ) ) ;
#9765 = DIRECTION ( 'NONE',  ( -1.000000000000000000, 1.383662747167359800E-017, -1.110223024625156500E-016 ) ) ;
#9766 =( GEOMETRIC_REPRESENTATION_CONTEXT ( 3 ) GLOBAL_UNCERTAINTY_ASSIGNED_CONTEXT ( ( #9816 ) ) GLOBAL_UNIT_ASSIGNED_CONTEXT ( ( #9772, #9794, #9751 ) ) REPRESENTATION_CONTEXT ( 'NONE', 'WORKASPACE' ) );
#9767 = FILL_AREA_STYLE ('',( #9763 ) ) ;
#9768 =( LENGTH_UNIT ( ) NAMED_UNIT ( * ) SI_UNIT ( .MILLI., .METRE. ) );
#9769 = CARTESIAN_POINT ( 'NONE',  ( 18.40116544611969100, -1.606660231935459300, 0.8646831675781872000 ) ) ;
#9770 = PLANE ( 'NONE',  #9753 ) ;
#9771 = AXIS2_PLACEMENT_3D ( 'NONE', #9815, #9814, #9756 ) ;
#9772 =( LENGTH_UNIT ( ) NAMED_UNIT ( * ) SI_UNIT ( .MILLI., .METRE. ) );
#9773 = MECHANICAL_DESIGN_GEOMETRIC_PRESENTATION_REPRESENTATION (  '', ( #9805 ), #9766 ) ;
#9774 = PRESENTATION_LAYER_ASSIGNMENT (  '', '', ( #9805 ) ) ;
#9775 = SURFACE_SIDE_STYLE ('',( #9750 ) ) ;
#9776 = MECHANICAL_DESIGN_GEOMETRIC_PRESENTATION_REPRESENTATION (  '', ( #9757 ), #9810 ) ;
#9777 = CARTESIAN_POINT ( 'NONE',  ( -14.56629049089698600, 7.092839768064540500, -1.281616832421816000 ) ) ;
#9778 =( LENGTH_UNIT ( ) NAMED_UNIT ( * ) SI_UNIT ( .MILLI., .METRE. ) );
#9779 = MECHANICAL_DESIGN_GEOMETRIC_PRESENTATION_REPRESENTATION (  '', ( #9790 ), #9841 ) ;
#9780 = PRESENTATION_LAYER_ASSIGNMENT (  '', '', ( #9790 ) ) ;
#9781 = SURFACE_STYLE_USAGE ( .BOTH. , #9821 ) ;
#9782 = B_SPLINE_CURVE_WITH_KNOTS ( 'NONE', 3,
 ( #9777, #9742, #9832, #9817, #9820, #9818, #9819, #9839, #9838, #9840 ),
 .UNSPECIFIED., .F., .F.,
 ( 4, 2, 2, 2, 4 ),
 ( 0.0000000000000000000, 0.0004642560117341456900, 0.0009285120234682913700, 0.001392768035202437100, 0.001857024046936581900 ),
 .UNSPECIFIED. ) ;
#9783 = CARTESIAN_POINT ( 'NONE',  ( -13.57743455388030900, 8.273939768064542100, -2.704016832421814300 ) ) ;
#9784 = AXIS2_PLACEMENT_3D ( 'NONE', #9783, #9793, #9792 ) ;
#9785 = CIRCLE ( 'NONE', #9784, 0.7986318243978045600 ) ;
#9786 = DIRECTION ( 'NONE',  ( -1.000000000000000000, 0.0000000000000000000, 0.0000000000000000000 ) ) ;
#9787 = DIRECTION ( 'NONE',  ( 0.0000000000000000000, 1.000000000000000000, -3.916066504679277800E-017 ) ) ;
#9788 = PRESENTATION_LAYER_ASSIGNMENT (  '', '', ( #9757 ) ) ;
#9789 = FACE_OUTER_BOUND ( 'NONE', #3977, .T. ) ;
#9790 = STYLED_ITEM ( 'NONE', ( #9791 ), #4171 ) ;
#9791 = PRESENTATION_STYLE_ASSIGNMENT (( #9781 ) ) ;
#9792 = DIRECTION ( 'NONE',  ( -1.000000000000000000, 0.0000000000000000000, 0.0000000000000000000 ) ) ;
#9793 = DIRECTION ( 'NONE',  ( 0.0000000000000000000, 1.000000000000000000, -3.916066504679277800E-017 ) ) ;
#9794 =( NAMED_UNIT ( * ) PLANE_ANGLE_UNIT ( ) SI_UNIT ( $, .RADIAN. ) );
#9795 = SURFACE_STYLE_FILL_AREA ( #9796 ) ;
#9796 = FILL_AREA_STYLE ('',( #9762 ) ) ;
#9797 = COLOUR_RGB ( '',0.8313725490196077800, 0.8392156862745098200, 0.8274509803921568100 ) ;
#9798 = FACE_BOUND ( 'NONE', #3945, .T. ) ;
#9799 = CARTESIAN_POINT ( 'NONE',  ( -13.57743455388030900, 5.911739768064540700, -2.704016832421814300 ) ) ;
#9800 = AXIS2_PLACEMENT_3D ( 'NONE', #9799, #9787, #9786 ) ;
#9801 = CIRCLE ( 'NONE', #9800, 0.7900320437682888400 ) ;
#9802 = DIRECTION ( 'NONE',  ( -1.110223024625156500E-016, -1.199347274264538000E-016, 1.000000000000000000 ) ) ;
#9803 = PRESENTATION_STYLE_ASSIGNMENT (( #9809 ) ) ;
#9804 =( NAMED_UNIT ( * ) PLANE_ANGLE_UNIT ( ) SI_UNIT ( $, .RADIAN. ) );
#9805 = STYLED_ITEM ( 'NONE', ( #9806 ), #4158 ) ;
#9806 = PRESENTATION_STYLE_ASSIGNMENT (( #9807 ) ) ;
#9807 = SURFACE_STYLE_USAGE ( .BOTH. , #9808 ) ;
#9808 = SURFACE_SIDE_STYLE ('',( #9795 ) ) ;
#9809 = SURFACE_STYLE_USAGE ( .BOTH. , #9775 ) ;
#9810 =( GEOMETRIC_REPRESENTATION_CONTEXT ( 3 ) GLOBAL_UNCERTAINTY_ASSIGNED_CONTEXT ( ( #9748 ) ) GLOBAL_UNIT_ASSIGNED_CONTEXT ( ( #9768, #9804, #9749 ) ) REPRESENTATION_CONTEXT ( 'NONE', 'WORKASPACE' ) );
#9811 = PLANE ( 'NONE',  #9771 ) ;
#9812 = VECTOR ( 'NONE', #9765, 1000.000000000000000 ) ;
#9813 = LINE ( 'NONE', #9754, #9812 ) ;
#9814 = DIRECTION ( 'NONE',  ( -1.110223024625156500E-016, 2.525907955783948900E-018, 1.000000000000000000 ) ) ;
#9815 = CARTESIAN_POINT ( 'NONE',  ( 18.40116544611969100, -1.606660231935459300, 0.8646831675781872000 ) ) ;
#9816 = UNCERTAINTY_MEASURE_WITH_UNIT (LENGTH_MEASURE( 1.000000000000000100E-005 ), #9772, 'distance_accuracy_value', 'NONE');
#9817 = CARTESIAN_POINT ( 'NONE',  ( -14.52256418184180500, 7.689505167179027500, -1.431744957224603700 ) ) ;
#9818 = CARTESIAN_POINT ( 'NONE',  ( -14.44853922875772100, 8.036106298310592400, -1.735646635304664000 ) ) ;
#9819 = CARTESIAN_POINT ( 'NONE',  ( -14.42327765719120900, 8.123850098337111800, -1.866391964446419700 ) ) ;
#9820 = CARTESIAN_POINT ( 'NONE',  ( -14.49808554910585000, 7.819830666070431300, -1.519389183704264800 ) ) ;
#9821 = SURFACE_SIDE_STYLE ('',( #9822 ) ) ;
#9822 = SURFACE_STYLE_FILL_AREA ( #9823 ) ;
#9823 = FILL_AREA_STYLE ('',( #9824 ) ) ;
#9824 = FILL_AREA_STYLE_COLOUR ( '', #9825 ) ;
#9825 = COLOUR_RGB ( '',0.8313725490196077800, 0.8392156862745098200, 0.8274509803921568100 ) ;
#9826 = DIRECTION ( 'NONE',  ( 1.000000000000000000, 0.0000000000000000000, 1.177520686924224400E-016 ) ) ;
#9827 = DIRECTION ( 'NONE',  ( 6.123031769111886300E-017, -3.916066504679277800E-017, -1.000000000000000000 ) ) ;
#9828 = CARTESIAN_POINT ( 'NONE',  ( -10.88331238751371700, 7.105539768064542000, -2.704016832421815200 ) ) ;
#9829 = AXIS2_PLACEMENT_3D ( 'NONE', #9828, #9827, #9826 ) ;
#9830 = CIRCLE ( 'NONE', #9829, 3.683000000000084700 ) ;
#9831 = FACE_OUTER_BOUND ( 'NONE', #4172, .T. ) ;
#9832 = CARTESIAN_POINT ( 'NONE',  ( -14.55701790254858500, 7.403963960591810600, -1.312884521703265600 ) ) ;
#9833 = DIRECTION ( 'NONE',  ( 0.0000000000000000000, 3.916066504679277800E-017, 1.000000000000000000 ) ) ;
#9834 = VECTOR ( 'NONE', #9833, 1000.000000000000000 ) ;
#9835 = CARTESIAN_POINT ( 'NONE',  ( -14.37606637827811400, 8.273939768064542100, -2.704016832421815200 ) ) ;
#9836 = LINE ( 'NONE', #9835, #9834 ) ;
#9837 = CARTESIAN_POINT ( 'NONE',  ( -14.37606637827811400, 8.273939768064542100, -2.704016832421815200 ) ) ;
#9838 = CARTESIAN_POINT ( 'NONE',  ( -14.37606637827811400, 8.273939768064542100, -2.305660978973086200 ) ) ;
#9839 = CARTESIAN_POINT ( 'NONE',  ( -14.38711133462761700, 8.242070883989747200, -2.149901405238409800 ) ) ;
#9840 = CARTESIAN_POINT ( 'NONE',  ( -14.37606637827811400, 8.273939768064542100, -2.462716832421816700 ) ) ;
#9841 =( GEOMETRIC_REPRESENTATION_CONTEXT ( 3 ) GLOBAL_UNCERTAINTY_ASSIGNED_CONTEXT ( ( #9842 ) ) GLOBAL_UNIT_ASSIGNED_CONTEXT ( ( #9778, #9844, #9843 ) ) REPRESENTATION_CONTEXT ( 'NONE', 'WORKASPACE' ) );
#9842 = UNCERTAINTY_MEASURE_WITH_UNIT (LENGTH_MEASURE( 1.000000000000000100E-005 ), #9778, 'distance_accuracy_value', 'NONE');
#9843 =( NAMED_UNIT ( * ) SI_UNIT ( $, .STERADIAN. ) SOLID_ANGLE_UNIT ( ) );
#9844 =( NAMED_UNIT ( * ) PLANE_ANGLE_UNIT ( ) SI_UNIT ( $, .RADIAN. ) );
#9845 = DIRECTION ( 'NONE',  ( 1.000000000000000000, 0.0000000000000000000, 0.0000000000000000000 ) ) ;
#9846 = DIRECTION ( 'NONE',  ( 0.0000000000000000000, 3.916066504679277800E-017, 1.000000000000000000 ) ) ;
#9847 = AXIS2_PLACEMENT_3D ( 'NONE', #9849, #9846, #9845 ) ;
#9848 = CYLINDRICAL_SURFACE ( 'NONE', #9847, 3.175000000000059800 ) ;
#9849 = CARTESIAN_POINT ( 'NONE',  ( -10.88331238751374200, 7.105539768064541100, -2.704016832421815200 ) ) ;
#9850 = CARTESIAN_POINT ( 'NONE',  ( -14.00733077312543500, 7.690042976250731000, -1.432198294419427800 ) ) ;
#9851 =( NAMED_UNIT ( * ) PLANE_ANGLE_UNIT ( ) SI_UNIT ( $, .RADIAN. ) );
#9852 = CARTESIAN_POINT ( 'NONE',  ( -13.92090851436207500, 8.036183017948269800, -1.735825520310718000 ) ) ;
#9853 = PRESENTATION_LAYER_ASSIGNMENT (  '', '', ( #9874 ) ) ;
#9854 = SURFACE_STYLE_USAGE ( .BOTH. , #9855 ) ;
#9855 = SURFACE_SIDE_STYLE ('',( #9873 ) ) ;
#9856 = MECHANICAL_DESIGN_GEOMETRIC_PRESENTATION_REPRESENTATION (  '', ( #9874 ), #9863 ) ;
#9857 = FILL_AREA_STYLE ('',( #9869 ) ) ;
#9858 = COLOUR_RGB ( '',0.8313725490196077800, 0.8392156862745098200, 0.8274509803921568100 ) ;
#9859 = CARTESIAN_POINT ( 'NONE',  ( -13.89131947435939700, 8.123630382207666800, -1.865786944179021600 ) ) ;
#9860 = PLANE ( 'NONE',  #9893 ) ;
#9861 = SURFACE_STYLE_USAGE ( .BOTH. , #9862 ) ;
#9862 = SURFACE_SIDE_STYLE ('',( #9880 ) ) ;
#9863 =( GEOMETRIC_REPRESENTATION_CONTEXT ( 3 ) GLOBAL_UNCERTAINTY_ASSIGNED_CONTEXT ( ( #9871 ) ) GLOBAL_UNIT_ASSIGNED_CONTEXT ( ( #9876, #9851, #9872 ) ) REPRESENTATION_CONTEXT ( 'NONE', 'WORKASPACE' ) );
#9864 = B_SPLINE_CURVE_WITH_KNOTS ( 'NONE', 3,
 ( #9878, #9866, #9879, #9859, #9852, #9867, #9850, #9870, #9868, #9877 ),
 .UNSPECIFIED., .F., .F.,
 ( 4, 2, 2, 2, 4 ),
 ( 0.0000000000000000000, 0.0004653386727038510500, 0.0009306773454077014400, 0.001396016018111551700, 0.001861354690815402000 ),
 .UNSPECIFIED. ) ;
#9865 = FACE_OUTER_BOUND ( 'NONE', #4179, .T. ) ;
#9866 = CARTESIAN_POINT ( 'NONE',  ( -13.83550927119213400, 8.273939768064543900, -2.305249252171886400 ) ) ;
#9867 = CARTESIAN_POINT ( 'NONE',  ( -13.97876983607320000, 7.820543455157056700, -1.520000114358672100 ) ) ;
#9868 = CARTESIAN_POINT ( 'NONE',  ( -14.05891681594420500, 7.250295641404079600, -1.281616832421816000 ) ) ;
#9869 = FILL_AREA_STYLE_COLOUR ( '', #9858 ) ;
#9870 = CARTESIAN_POINT ( 'NONE',  ( -14.04726698902318600, 7.406415412820062500, -1.313677910517681000 ) ) ;
#9871 = UNCERTAINTY_MEASURE_WITH_UNIT (LENGTH_MEASURE( 1.000000000000000100E-005 ), #9876, 'distance_accuracy_value', 'NONE');
#9872 =( NAMED_UNIT ( * ) SI_UNIT ( $, .STERADIAN. ) SOLID_ANGLE_UNIT ( ) );
#9873 = SURFACE_STYLE_FILL_AREA ( #9857 ) ;
#9874 = STYLED_ITEM ( 'NONE', ( #9875 ), #4178 ) ;
#9875 = PRESENTATION_STYLE_ASSIGNMENT (( #9854 ) ) ;
#9876 =( LENGTH_UNIT ( ) NAMED_UNIT ( * ) SI_UNIT ( .MILLI., .METRE. ) );
#9877 = CARTESIAN_POINT ( 'NONE',  ( -14.05828698741220100, 7.092839768064540500, -1.281616832421816000 ) ) ;
#9878 = CARTESIAN_POINT ( 'NONE',  ( -13.83550927119212800, 8.273939768064542100, -2.462716832421816700 ) ) ;
#9879 = CARTESIAN_POINT ( 'NONE',  ( -13.84844478734804000, 8.242467639379560400, -2.150931106034585900 ) ) ;
#9880 = SURFACE_STYLE_FILL_AREA ( #9881 ) ;
#9881 = FILL_AREA_STYLE ('',( #9882 ) ) ;
#9882 = FILL_AREA_STYLE_COLOUR ( '', #9883 ) ;
#9883 = COLOUR_RGB ( '',0.8313725490196077800, 0.8392156862745098200, 0.8274509803921568100 ) ;
#9884 = DIRECTION ( 'NONE',  ( -1.000000000000000000, 0.0000000000000000000, 0.0000000000000000000 ) ) ;
#9885 = AXIS2_PLACEMENT_3D ( 'NONE', #9889, #9888, #9884 ) ;
#9886 = FACE_OUTER_BOUND ( 'NONE', #4186, .T. ) ;
#9887 = DIRECTION ( 'NONE',  ( 0.0000000000000000000, 1.000000000000000000, -3.916066504679277800E-017 ) ) ;
#9888 = DIRECTION ( 'NONE',  ( 0.0000000000000000000, 1.000000000000000000, -3.916066504679277800E-017 ) ) ;
#9889 = CARTESIAN_POINT ( 'NONE',  ( -13.57743455388030900, 8.273939768064542100, -2.704016832421814300 ) ) ;
#9890 = CIRCLE ( 'NONE', #9885, 0.2580747173118198000 ) ;
#9891 = DIRECTION ( 'NONE',  ( -1.000000000000000000, 0.0000000000000000000, 0.0000000000000000000 ) ) ;
#9892 = CARTESIAN_POINT ( 'NONE',  ( -13.57743455388030900, 8.273939768064542100, -2.962091549733633800 ) ) ;
#9893 = AXIS2_PLACEMENT_3D ( 'NONE', #9892, #9887, #9891 ) ;
#9894 = MECHANICAL_DESIGN_GEOMETRIC_PRESENTATION_REPRESENTATION (  '', ( #9898 ), #9900 ) ;
#9895 = PRESENTATION_LAYER_ASSIGNMENT (  '', '', ( #9898 ) ) ;
#9896 = PRESENTATION_STYLE_ASSIGNMENT (( #9861 ) ) ;
#9897 = UNCERTAINTY_MEASURE_WITH_UNIT (LENGTH_MEASURE( 1.000000000000000100E-005 ), #9907, 'distance_accuracy_value', 'NONE');
#9898 = STYLED_ITEM ( 'NONE', ( #9896 ), #4185 ) ;
#9899 =( NAMED_UNIT ( * ) SI_UNIT ( $, .STERADIAN. ) SOLID_ANGLE_UNIT ( ) );
#9900 =( GEOMETRIC_REPRESENTATION_CONTEXT ( 3 ) GLOBAL_UNCERTAINTY_ASSIGNED_CONTEXT ( ( #9897 ) ) GLOBAL_UNIT_ASSIGNED_CONTEXT ( ( #9907, #9905, #9899 ) ) REPRESENTATION_CONTEXT ( 'NONE', 'WORKASPACE' ) );
#9901 = DIRECTION ( 'NONE',  ( 0.0000000000000000000, 0.0000000000000000000, 1.000000000000000000 ) ) ;
#9902 = DIRECTION ( 'NONE',  ( -1.000000000000000000, -2.397819961810616100E-033, -6.123031769111886300E-017 ) ) ;
#9903 = AXIS2_PLACEMENT_3D ( 'NONE', #9906, #9902, #9901 ) ;
#9904 = CYLINDRICAL_SURFACE ( 'NONE', #9903, 1.181100000000000000 ) ;
#9905 =( NAMED_UNIT ( * ) PLANE_ANGLE_UNIT ( ) SI_UNIT ( $, .RADIAN. ) );
#9906 = CARTESIAN_POINT ( 'NONE',  ( -13.57743455388030900, 7.092839768064540500, -2.462716832421816300 ) ) ;
#9907 =( LENGTH_UNIT ( ) NAMED_UNIT ( * ) SI_UNIT ( .MILLI., .METRE. ) );
#9908 = DIRECTION ( 'NONE',  ( 6.697912673203516000E-017, -1.000000000000000000, 1.025202604387803800E-016 ) ) ;
#9909 = SURFACE_STYLE_USAGE ( .BOTH. , #9970 ) ;
#9910 = DIRECTION ( 'NONE',  ( 1.000000000000000000, 6.697912673203516000E-017, -5.551115123125782700E-017 ) ) ;
#9911 = PRESENTATION_STYLE_ASSIGNMENT (( #9909 ) ) ;
#9912 = STYLED_ITEM ( 'NONE', ( #9913 ), #5864 ) ;
#9913 = PRESENTATION_STYLE_ASSIGNMENT (( #9914 ) ) ;
#9914 = SURFACE_STYLE_USAGE ( .BOTH. , #9915 ) ;
#9915 = SURFACE_SIDE_STYLE ('',( #9916 ) ) ;
#9916 = SURFACE_STYLE_FILL_AREA ( #9917 ) ;
#9917 = FILL_AREA_STYLE ('',( #9918 ) ) ;
#9918 = FILL_AREA_STYLE_COLOUR ( '', #9927 ) ;
#9919 = LINE ( 'NONE', #9928, #9920 ) ;
#9920 = VECTOR ( 'NONE', #9910, 1000.000000000000000 ) ;
#9921 = CIRCLE ( 'NONE', #9926, 2.374900000000000200 ) ;
#9922 = FACE_OUTER_BOUND ( 'NONE', #5878, .T. ) ;
#9923 = DIRECTION ( 'NONE',  ( 0.0000000000000000000, 9.130508000214781900E-017, 1.000000000000000000 ) ) ;
#9924 = DIRECTION ( 'NONE',  ( 6.697912673203516000E-017, -1.000000000000000000, 1.025202604387803500E-016 ) ) ;
#9925 = CARTESIAN_POINT ( 'NONE',  ( -10.30083455388031100, -1.606660231935458800, -0.7228168324218131600 ) ) ;
#9926 = AXIS2_PLACEMENT_3D ( 'NONE', #9925, #9924, #9923 ) ;
#9927 = COLOUR_RGB ( '',0.8313725490196077800, 0.8392156862745098200, 0.8274509803921568100 ) ;
#9928 = CARTESIAN_POINT ( 'NONE',  ( -7.049634553880309800, -1.606660231935459000, -2.310316832421813500 ) ) ;
#9929 = CYLINDRICAL_SURFACE ( 'NONE', #9941, 2.374900000000000200 ) ;
#9930 = MECHANICAL_DESIGN_GEOMETRIC_PRESENTATION_REPRESENTATION (  '', ( #9912 ), #9935 ) ;
#9931 = CARTESIAN_POINT ( 'NONE',  ( -10.30083455388031100, -2.013060231935458700, -0.7228168324218131600 ) ) ;
#9932 = AXIS2_PLACEMENT_3D ( 'NONE', #9931, #9949, #9948 ) ;
#9933 =( LENGTH_UNIT ( ) NAMED_UNIT ( * ) SI_UNIT ( .MILLI., .METRE. ) );
#9934 =( NAMED_UNIT ( * ) PLANE_ANGLE_UNIT ( ) SI_UNIT ( $, .RADIAN. ) );
#9935 =( GEOMETRIC_REPRESENTATION_CONTEXT ( 3 ) GLOBAL_UNCERTAINTY_ASSIGNED_CONTEXT ( ( #9937 ) ) GLOBAL_UNIT_ASSIGNED_CONTEXT ( ( #9933, #9934, #9938 ) ) REPRESENTATION_CONTEXT ( 'NONE', 'WORKASPACE' ) );
#9936 = PRESENTATION_LAYER_ASSIGNMENT (  '', '', ( #9912 ) ) ;
#9937 = UNCERTAINTY_MEASURE_WITH_UNIT (LENGTH_MEASURE( 1.000000000000000100E-005 ), #9933, 'distance_accuracy_value', 'NONE');
#9938 =( NAMED_UNIT ( * ) SI_UNIT ( $, .STERADIAN. ) SOLID_ANGLE_UNIT ( ) );
#9939 = DIRECTION ( 'NONE',  ( 6.697912673203516000E-017, -1.000000000000000000, 1.025202604387803500E-016 ) ) ;
#9940 = CARTESIAN_POINT ( 'NONE',  ( -10.30083455388031100, -2.013060231935459100, -0.7228168324218131600 ) ) ;
#9941 = AXIS2_PLACEMENT_3D ( 'NONE', #9940, #9939, #9953 ) ;
#9942 = CIRCLE ( 'NONE', #9932, 2.374900000000000200 ) ;
#9943 = VECTOR ( 'NONE', #9908, 1000.000000000000000 ) ;
#9944 = CARTESIAN_POINT ( 'NONE',  ( -8.534484146967797000, -1.606660231935458800, 0.8646831675781872000 ) ) ;
#9945 = LINE ( 'NONE', #9944, #9943 ) ;
#9946 = STYLED_ITEM ( 'NONE', ( #9911 ), #5892 ) ;
#9947 = VECTOR ( 'NONE', #9950, 1000.000000000000000 ) ;
#9948 = DIRECTION ( 'NONE',  ( 0.0000000000000000000, 1.826101600042956400E-016, 1.000000000000000000 ) ) ;
#9949 = DIRECTION ( 'NONE',  ( 6.697912673203516000E-017, -1.000000000000000000, 1.025202604387803500E-016 ) ) ;
#9950 = DIRECTION ( 'NONE',  ( 6.697912673203516000E-017, -1.000000000000000000, 1.025202604387803500E-016 ) ) ;
#9951 = CARTESIAN_POINT ( 'NONE',  ( -10.30083455388031100, -2.013060231935458700, 1.652083167578186900 ) ) ;
#9952 = LINE ( 'NONE', #9951, #9947 ) ;
#9953 = DIRECTION ( 'NONE',  ( 0.0000000000000000000, 1.826101600042956400E-016, 1.000000000000000000 ) ) ;
#9954 = SURFACE_SIDE_STYLE ('',( #9977 ) ) ;
#9955 = CARTESIAN_POINT ( 'NONE',  ( -7.049634553880308900, -7.232760231935460900, -0.7228168324218141600 ) ) ;
#9956 = AXIS2_PLACEMENT_3D ( 'NONE', #9955, #9985, #9984 ) ;
#9957 = CIRCLE ( 'NONE', #9956, 1.587499999999997500 ) ;
#9958 = PRESENTATION_LAYER_ASSIGNMENT (  '', '', ( #9991 ) ) ;
#9959 =( NAMED_UNIT ( * ) SI_UNIT ( $, .STERADIAN. ) SOLID_ANGLE_UNIT ( ) );
#9960 = FACE_OUTER_BOUND ( 'NONE', #5874, .T. ) ;
#9961 = FILL_AREA_STYLE_COLOUR ( '', #9993 ) ;
#9962 = SURFACE_STYLE_USAGE ( .BOTH. , #9954 ) ;
#9963 = CARTESIAN_POINT ( 'NONE',  ( -10.30083455388031100, -1.606660231935458800, -0.7228168324218131600 ) ) ;
#9964 = AXIS2_PLACEMENT_3D ( 'NONE', #9963, #9969, #9968 ) ;
#9965 = CIRCLE ( 'NONE', #9964, 2.374900000000000200 ) ;
#9966 = UNCERTAINTY_MEASURE_WITH_UNIT (LENGTH_MEASURE( 1.000000000000000100E-005 ), #10001, 'distance_accuracy_value', 'NONE');
#9967 = DIRECTION ( 'NONE',  ( 0.0000000000000000000, 1.826101600042956400E-016, 1.000000000000000000 ) ) ;
#9968 = DIRECTION ( 'NONE',  ( 0.0000000000000000000, 9.130508000214781900E-017, 1.000000000000000000 ) ) ;
#9969 = DIRECTION ( 'NONE',  ( 6.697912673203516000E-017, -1.000000000000000000, 1.025202604387803500E-016 ) ) ;
#9970 = SURFACE_SIDE_STYLE ('',( #9971 ) ) ;
#9971 = SURFACE_STYLE_FILL_AREA ( #9972 ) ;
#9972 = FILL_AREA_STYLE ('',( #9973 ) ) ;
#9973 = FILL_AREA_STYLE_COLOUR ( '', #9974 ) ;
#9974 = COLOUR_RGB ( '',0.8313725490196077800, 0.8392156862745098200, 0.8274509803921568100 ) ;
#9975 = DIRECTION ( 'NONE',  ( 0.0000000000000000000, 1.285748829408440700E-016, 1.000000000000000000 ) ) ;
#9976 = DIRECTION ( 'NONE',  ( 6.697912673203516000E-017, -1.000000000000000000, 1.025202604387803500E-016 ) ) ;
#9977 = SURFACE_STYLE_FILL_AREA ( #9986 ) ;
#9978 =( NAMED_UNIT ( * ) PLANE_ANGLE_UNIT ( ) SI_UNIT ( $, .RADIAN. ) );
#9979 = PRESENTATION_STYLE_ASSIGNMENT (( #9962 ) ) ;
#9980 = DIRECTION ( 'NONE',  ( 0.0000000000000000000, 1.105528599262805700E-016, 1.000000000000000000 ) ) ;
#9981 = DIRECTION ( 'NONE',  ( 6.697912673203516000E-017, -1.000000000000000000, 1.025202604387803500E-016 ) ) ;
#9982 = AXIS2_PLACEMENT_3D ( 'NONE', #9983, #9981, #9980 ) ;
#9983 = CARTESIAN_POINT ( 'NONE',  ( -10.30083455388031100, 0.6491584310145269700, -0.7228168324218134900 ) ) ;
#9984 = DIRECTION ( 'NONE',  ( -5.463695987328535300E-016, 0.0000000000000000000, 1.000000000000000000 ) ) ;
#9985 = DIRECTION ( 'NONE',  ( 1.000000000000000000, 6.697912673203520900E-017, 4.908584475015948200E-016 ) ) ;
#9986 = FILL_AREA_STYLE ('',( #9961 ) ) ;
#9987 = AXIS2_PLACEMENT_3D ( 'NONE', #9995, #9989, #9967 ) ;
#9988 = CYLINDRICAL_SURFACE ( 'NONE', #9987, 2.374900000000000200 ) ;
#9989 = DIRECTION ( 'NONE',  ( 6.697912673203516000E-017, -1.000000000000000000, 1.025202604387803500E-016 ) ) ;
#9990 = MECHANICAL_DESIGN_GEOMETRIC_PRESENTATION_REPRESENTATION (  '', ( #9991 ), #9992 ) ;
#9991 = STYLED_ITEM ( 'NONE', ( #9979 ), #5873 ) ;
#9992 =( GEOMETRIC_REPRESENTATION_CONTEXT ( 3 ) GLOBAL_UNCERTAINTY_ASSIGNED_CONTEXT ( ( #9966 ) ) GLOBAL_UNIT_ASSIGNED_CONTEXT ( ( #10001, #9978, #9959 ) ) REPRESENTATION_CONTEXT ( 'NONE', 'WORKASPACE' ) );
#9993 = COLOUR_RGB ( '',0.8313725490196077800, 0.8392156862745098200, 0.8274509803921568100 ) ;
#9994 = CIRCLE ( 'NONE', #9982, 1.961418588733892000 ) ;
#9995 = CARTESIAN_POINT ( 'NONE',  ( -10.30083455388031100, -2.013060231935459100, -0.7228168324218131600 ) ) ;
#9996 = CARTESIAN_POINT ( 'NONE',  ( -8.534484146967797000, -1.606660231935459300, -2.310316832421813100 ) ) ;
#9997 = CARTESIAN_POINT ( 'NONE',  ( -10.30083455388031100, -1.606660231935459300, -0.7228168324218131600 ) ) ;
#9998 = AXIS2_PLACEMENT_3D ( 'NONE', #9997, #9976, #9975 ) ;
#9999 = CIRCLE ( 'NONE', #9998, 1.686491401254993600 ) ;
#10000 = FACE_OUTER_BOUND ( 'NONE', #5893, .T. ) ;
#10001 =( LENGTH_UNIT ( ) NAMED_UNIT ( * ) SI_UNIT ( .MILLI., .METRE. ) );
#10002 = FILL_AREA_STYLE_COLOUR ( '', #10028 ) ;
#10003 = DIRECTION ( 'NONE',  ( -1.145397745551621800E-033, 1.025202604387803500E-016, 1.000000000000000000 ) ) ;
#10004 = DIRECTION ( 'NONE',  ( 6.697912673203516000E-017, -1.000000000000000000, 1.025202604387803500E-016 ) ) ;
#10005 = AXIS2_PLACEMENT_3D ( 'NONE', #10018, #10004, #10003 ) ;
#10006 = FACE_OUTER_BOUND ( 'NONE', #5902, .T. ) ;
#10007 = FACE_BOUND ( 'NONE', #5918, .T. ) ;
#10008 = UNCERTAINTY_MEASURE_WITH_UNIT (LENGTH_MEASURE( 1.000000000000000100E-005 ), #10030, 'distance_accuracy_value', 'NONE');
#10009 = PRESENTATION_LAYER_ASSIGNMENT (  '', '', ( #9946 ) ) ;
#10010 =( LENGTH_UNIT ( ) NAMED_UNIT ( * ) SI_UNIT ( .MILLI., .METRE. ) );
#10011 = MECHANICAL_DESIGN_GEOMETRIC_PRESENTATION_REPRESENTATION (  '', ( #10016 ), #10033 ) ;
#10012 = TOROIDAL_SURFACE ( 'NONE', #10005, 1.961418588733892000, 0.5771185887338917700 ) ;
#10013 =( NAMED_UNIT ( * ) PLANE_ANGLE_UNIT ( ) SI_UNIT ( $, .RADIAN. ) );
#10014 =( NAMED_UNIT ( * ) SI_UNIT ( $, .STERADIAN. ) SOLID_ANGLE_UNIT ( ) );
#10015 = PRESENTATION_LAYER_ASSIGNMENT (  '', '', ( #10016 ) ) ;
#10016 = STYLED_ITEM ( 'NONE', ( #10017 ), #5899 ) ;
#10017 = PRESENTATION_STYLE_ASSIGNMENT (( #10024 ) ) ;
#10018 = CARTESIAN_POINT ( 'NONE',  ( -10.30083455388031100, -1.099234466875050000, -0.7228168324218131600 ) ) ;
#10019 =( NAMED_UNIT ( * ) PLANE_ANGLE_UNIT ( ) SI_UNIT ( $, .RADIAN. ) );
#10020 = MECHANICAL_DESIGN_GEOMETRIC_PRESENTATION_REPRESENTATION (  '', ( #9946 ), #10029 ) ;
#10021 =( NAMED_UNIT ( * ) SI_UNIT ( $, .STERADIAN. ) SOLID_ANGLE_UNIT ( ) );
#10022 = UNCERTAINTY_MEASURE_WITH_UNIT (LENGTH_MEASURE( 1.000000000000000100E-005 ), #10010, 'distance_accuracy_value', 'NONE');
#10023 =( NAMED_UNIT ( * ) SI_UNIT ( $, .STERADIAN. ) SOLID_ANGLE_UNIT ( ) );
#10024 = SURFACE_STYLE_USAGE ( .BOTH. , #10025 ) ;
#10025 = SURFACE_SIDE_STYLE ('',( #10026 ) ) ;
#10026 = SURFACE_STYLE_FILL_AREA ( #10027 ) ;
#10027 = FILL_AREA_STYLE ('',( #10002 ) ) ;
#10028 = COLOUR_RGB ( '',0.8313725490196077800, 0.8392156862745098200, 0.8274509803921568100 ) ;
#10029 =( GEOMETRIC_REPRESENTATION_CONTEXT ( 3 ) GLOBAL_UNCERTAINTY_ASSIGNED_CONTEXT ( ( #10008 ) ) GLOBAL_UNIT_ASSIGNED_CONTEXT ( ( #10030, #10013, #10014 ) ) REPRESENTATION_CONTEXT ( 'NONE', 'WORKASPACE' ) );
#10030 =( LENGTH_UNIT ( ) NAMED_UNIT ( * ) SI_UNIT ( .MILLI., .METRE. ) );
#10031 =( LENGTH_UNIT ( ) NAMED_UNIT ( * ) SI_UNIT ( .MILLI., .METRE. ) );
#10032 = MECHANICAL_DESIGN_GEOMETRIC_PRESENTATION_REPRESENTATION (  '', ( #10047 ), #10034 ) ;
#10033 =( GEOMETRIC_REPRESENTATION_CONTEXT ( 3 ) GLOBAL_UNCERTAINTY_ASSIGNED_CONTEXT ( ( #10022 ) ) GLOBAL_UNIT_ASSIGNED_CONTEXT ( ( #10010, #10019, #10023 ) ) REPRESENTATION_CONTEXT ( 'NONE', 'WORKASPACE' ) );
#10034 =( GEOMETRIC_REPRESENTATION_CONTEXT ( 3 ) GLOBAL_UNCERTAINTY_ASSIGNED_CONTEXT ( ( #10043 ) ) GLOBAL_UNIT_ASSIGNED_CONTEXT ( ( #10031, #10050, #10044 ) ) REPRESENTATION_CONTEXT ( 'NONE', 'WORKASPACE' ) );
#10035 = CARTESIAN_POINT ( 'NONE',  ( -10.30083455388031100, 0.4761397680645407800, -0.7228168324218133800 ) ) ;
#10036 = CIRCLE ( 'NONE', #10054, 1.961418588733892000 ) ;
#10037 = FACE_OUTER_BOUND ( 'NONE', #5907, .T. ) ;
#10038 = AXIS2_PLACEMENT_3D ( 'NONE', #10056, #10055, #10057 ) ;
#10039 = SURFACE_SIDE_STYLE ('',( #10040 ) ) ;
#10040 = SURFACE_STYLE_FILL_AREA ( #10041 ) ;
#10041 = FILL_AREA_STYLE ('',( #10051 ) ) ;
#10042 = COLOUR_RGB ( '',0.8313725490196077800, 0.8392156862745098200, 0.8274509803921568100 ) ;
#10043 = UNCERTAINTY_MEASURE_WITH_UNIT (LENGTH_MEASURE( 1.000000000000000100E-005 ), #10031, 'distance_accuracy_value', 'NONE');
#10044 =( NAMED_UNIT ( * ) SI_UNIT ( $, .STERADIAN. ) SOLID_ANGLE_UNIT ( ) );
#10045 = PLANE ( 'NONE',  #10038 ) ;
#10046 = PRESENTATION_LAYER_ASSIGNMENT (  '', '', ( #10047 ) ) ;
#10047 = STYLED_ITEM ( 'NONE', ( #10048 ), #5906 ) ;
#10048 = PRESENTATION_STYLE_ASSIGNMENT (( #10049 ) ) ;
#10049 = SURFACE_STYLE_USAGE ( .BOTH. , #10039 ) ;
#10050 =( NAMED_UNIT ( * ) PLANE_ANGLE_UNIT ( ) SI_UNIT ( $, .RADIAN. ) );
#10051 = FILL_AREA_STYLE_COLOUR ( '', #10042 ) ;
#10052 = DIRECTION ( 'NONE',  ( 0.0000000000000000000, 1.105528599262805700E-016, 1.000000000000000000 ) ) ;
#10053 = DIRECTION ( 'NONE',  ( 6.697912673203516000E-017, -1.000000000000000000, 1.025202604387803500E-016 ) ) ;
#10054 = AXIS2_PLACEMENT_3D ( 'NONE', #10035, #10053, #10052 ) ;
#10055 = DIRECTION ( 'NONE',  ( -6.697912673203516000E-017, 1.000000000000000000, -1.025202604387803400E-016 ) ) ;
#10056 = CARTESIAN_POINT ( 'NONE',  ( -10.30083455388031100, 0.4761397680645403400, -2.684235421155705600 ) ) ;
#10057 = DIRECTION ( 'NONE',  ( -5.551115123125782100E-017, -1.025202604387803400E-016, -1.000000000000000000 ) ) ;
#10058 = FILL_AREA_STYLE_COLOUR ( '', #10061 ) ;
#10059 = FACE_OUTER_BOUND ( 'NONE', #5913, .T. ) ;
#10060 = SURFACE_STYLE_FILL_AREA ( #10088 ) ;
#10061 = COLOUR_RGB ( '',0.8313725490196077800, 0.8392156862745098200, 0.8274509803921568100 ) ;
#10062 = CARTESIAN_POINT ( 'NONE',  ( -10.30083455388031100, -2.013060231935459100, -0.7228168324218131600 ) ) ;
#10063 = UNCERTAINTY_MEASURE_WITH_UNIT (LENGTH_MEASURE( 1.000000000000000100E-005 ), #10100, 'distance_accuracy_value', 'NONE');
#10064 =( NAMED_UNIT ( * ) SI_UNIT ( $, .STERADIAN. ) SOLID_ANGLE_UNIT ( ) );
#10065 = DIRECTION ( 'NONE',  ( 0.0000000000000000000, 1.174819951403782200E-016, 1.000000000000000000 ) ) ;
#10066 = DIRECTION ( 'NONE',  ( 6.697912673203516000E-017, -1.000000000000000000, 1.025202604387803500E-016 ) ) ;
#10067 = CARTESIAN_POINT ( 'NONE',  ( -10.30083455388031100, 0.4761397680645403400, -0.7228168324218133800 ) ) ;
#10068 = AXIS2_PLACEMENT_3D ( 'NONE', #10067, #10066, #10065 ) ;
#10069 = FILL_AREA_STYLE_COLOUR ( '', #10098 ) ;
#10070 = MECHANICAL_DESIGN_GEOMETRIC_PRESENTATION_REPRESENTATION (  '', ( #10078 ), #10091 ) ;
#10071 = PRESENTATION_STYLE_ASSIGNMENT (( #10072 ) ) ;
#10072 = SURFACE_STYLE_USAGE ( .BOTH. , #10073 ) ;
#10073 = SURFACE_SIDE_STYLE ('',( #10060 ) ) ;
#10074 =( LENGTH_UNIT ( ) NAMED_UNIT ( * ) SI_UNIT ( .MILLI., .METRE. ) );
#10075 = MECHANICAL_DESIGN_GEOMETRIC_PRESENTATION_REPRESENTATION (  '', ( #10092 ), #10115 ) ;
#10076 = PRESENTATION_LAYER_ASSIGNMENT (  '', '', ( #10092 ) ) ;
#10077 = PRESENTATION_LAYER_ASSIGNMENT (  '', '', ( #10078 ) ) ;
#10078 = STYLED_ITEM ( 'NONE', ( #10071 ), #5912 ) ;
#10079 = CIRCLE ( 'NONE', #10068, 1.384300000000000800 ) ;
#10080 = DIRECTION ( 'NONE',  ( 0.0000000000000000000, 0.0000000000000000000, 1.000000000000000000 ) ) ;
#10081 =( NAMED_UNIT ( * ) PLANE_ANGLE_UNIT ( ) SI_UNIT ( $, .RADIAN. ) );
#10082 = DIRECTION ( 'NONE',  ( 6.697912673203516000E-017, -1.000000000000000000, 1.025202604387803500E-016 ) ) ;
#10083 = AXIS2_PLACEMENT_3D ( 'NONE', #10062, #10082, #10089 ) ;
#10084 = CYLINDRICAL_SURFACE ( 'NONE', #10083, 1.961418588733892000 ) ;
#10085 = DIRECTION ( 'NONE',  ( 6.697912673203516000E-017, -1.000000000000000000, 1.025202604387803500E-016 ) ) ;
#10086 = CARTESIAN_POINT ( 'NONE',  ( -10.30083455388031100, -2.013060231935459100, -0.7228168324218131600 ) ) ;
#10087 = AXIS2_PLACEMENT_3D ( 'NONE', #10086, #10085, #10080 ) ;
#10088 = FILL_AREA_STYLE ('',( #10058 ) ) ;
#10089 = DIRECTION ( 'NONE',  ( 0.0000000000000000000, 0.0000000000000000000, 1.000000000000000000 ) ) ;
#10090 = CYLINDRICAL_SURFACE ( 'NONE', #10087, 1.384300000000000300 ) ;
#10091 =( GEOMETRIC_REPRESENTATION_CONTEXT ( 3 ) GLOBAL_UNCERTAINTY_ASSIGNED_CONTEXT ( ( #10063 ) ) GLOBAL_UNIT_ASSIGNED_CONTEXT ( ( #10100, #10081, #10064 ) ) REPRESENTATION_CONTEXT ( 'NONE', 'WORKASPACE' ) );
#10092 = STYLED_ITEM ( 'NONE', ( #10093 ), #5920 ) ;
#10093 = PRESENTATION_STYLE_ASSIGNMENT (( #10094 ) ) ;
#10094 = SURFACE_STYLE_USAGE ( .BOTH. , #10095 ) ;
#10095 = SURFACE_SIDE_STYLE ('',( #10096 ) ) ;
#10096 = SURFACE_STYLE_FILL_AREA ( #10097 ) ;
#10097 = FILL_AREA_STYLE ('',( #10069 ) ) ;
#10098 = COLOUR_RGB ( '',0.8313725490196077800, 0.8392156862745098200, 0.8274509803921568100 ) ;
#10099 = FACE_OUTER_BOUND ( 'NONE', #5921, .T. ) ;
#10100 =( LENGTH_UNIT ( ) NAMED_UNIT ( * ) SI_UNIT ( .MILLI., .METRE. ) );
#10101 = AXIS2_PLACEMENT_3D ( 'NONE', #10129, #10128, #10127 ) ;
#10102 = CIRCLE ( 'NONE', #10101, 1.799399038121850500 ) ;
#10103 = FACE_OUTER_BOUND ( 'NONE', #5928, .T. ) ;
#10104 = DIRECTION ( 'NONE',  ( 5.326524871121798400E-034, 1.025202604387803500E-016, 1.000000000000000000 ) ) ;
#10105 = DIRECTION ( 'NONE',  ( 6.697912673203516000E-017, -1.000000000000000000, 1.025202604387803500E-016 ) ) ;
#10106 =( LENGTH_UNIT ( ) NAMED_UNIT ( * ) SI_UNIT ( .MILLI., .METRE. ) );
#10107 = MECHANICAL_DESIGN_GEOMETRIC_PRESENTATION_REPRESENTATION (  '', ( #10117 ), #10123 ) ;
#10108 = UNCERTAINTY_MEASURE_WITH_UNIT (LENGTH_MEASURE( 1.000000000000000100E-005 ), #10106, 'distance_accuracy_value', 'NONE');
#10109 =( NAMED_UNIT ( * ) SI_UNIT ( $, .STERADIAN. ) SOLID_ANGLE_UNIT ( ) );
#10110 = CARTESIAN_POINT ( 'NONE',  ( -10.30083455388031100, 0.6721393242335133000, -0.7228168324218136000 ) ) ;
#10111 = AXIS2_PLACEMENT_3D ( 'NONE', #10110, #10105, #10104 ) ;
#10112 =( NAMED_UNIT ( * ) PLANE_ANGLE_UNIT ( ) SI_UNIT ( $, .RADIAN. ) );
#10113 =( NAMED_UNIT ( * ) SI_UNIT ( $, .STERADIAN. ) SOLID_ANGLE_UNIT ( ) );
#10114 = TOROIDAL_SURFACE ( 'NONE', #10111, 1.776418144902863500, 0.1864223314702933300 ) ;
#10115 =( GEOMETRIC_REPRESENTATION_CONTEXT ( 3 ) GLOBAL_UNCERTAINTY_ASSIGNED_CONTEXT ( ( #10130 ) ) GLOBAL_UNIT_ASSIGNED_CONTEXT ( ( #10074, #10112, #10113 ) ) REPRESENTATION_CONTEXT ( 'NONE', 'WORKASPACE' ) );
#10116 = PRESENTATION_LAYER_ASSIGNMENT (  '', '', ( #10117 ) ) ;
#10117 = STYLED_ITEM ( 'NONE', ( #10118 ), #5927 ) ;
#10118 = PRESENTATION_STYLE_ASSIGNMENT (( #10119 ) ) ;
#10119 = SURFACE_STYLE_USAGE ( .BOTH. , #10120 ) ;
#10120 = SURFACE_SIDE_STYLE ('',( #10121 ) ) ;
#10121 = SURFACE_STYLE_FILL_AREA ( #10124 ) ;
#10122 =( NAMED_UNIT ( * ) PLANE_ANGLE_UNIT ( ) SI_UNIT ( $, .RADIAN. ) );
#10123 =( GEOMETRIC_REPRESENTATION_CONTEXT ( 3 ) GLOBAL_UNCERTAINTY_ASSIGNED_CONTEXT ( ( #10108 ) ) GLOBAL_UNIT_ASSIGNED_CONTEXT ( ( #10106, #10122, #10109 ) ) REPRESENTATION_CONTEXT ( 'NONE', 'WORKASPACE' ) );
#10124 = FILL_AREA_STYLE ('',( #10125 ) ) ;
#10125 = FILL_AREA_STYLE_COLOUR ( '', #10126 ) ;
#10126 = COLOUR_RGB ( '',0.8313725490196077800, 0.8392156862745098200, 0.8274509803921568100 ) ;
#10127 = DIRECTION ( 'NONE',  ( 0.0000000000000000000, 1.205071414973253000E-016, 1.000000000000000000 ) ) ;
#10128 = DIRECTION ( 'NONE',  ( 6.697912673203516000E-017, -1.000000000000000000, 1.025202604387803500E-016 ) ) ;
#10129 = CARTESIAN_POINT ( 'NONE',  ( -10.30083455388031100, 0.8571397680645415100, -0.7228168324218134900 ) ) ;
#10130 = UNCERTAINTY_MEASURE_WITH_UNIT (LENGTH_MEASURE( 1.000000000000000100E-005 ), #10074, 'distance_accuracy_value', 'NONE');
#10131 = SURFACE_STYLE_FILL_AREA ( #10150 ) ;
#10132 = DIRECTION ( 'NONE',  ( 6.697912673203516000E-017, -1.000000000000000000, 1.025202604387803500E-016 ) ) ;
#10133 = CARTESIAN_POINT ( 'NONE',  ( -10.30083455388031100, -0.01880692146822345700, -0.7228168324218133800 ) ) ;
#10134 = MECHANICAL_DESIGN_GEOMETRIC_PRESENTATION_REPRESENTATION (  '', ( #10136 ), #10178 ) ;
#10135 = PRESENTATION_LAYER_ASSIGNMENT (  '', '', ( #10136 ) ) ;
#10136 = STYLED_ITEM ( 'NONE', ( #10137 ), #5934 ) ;
#10137 = PRESENTATION_STYLE_ASSIGNMENT (( #10138 ) ) ;
#10138 = SURFACE_STYLE_USAGE ( .BOTH. , #10147 ) ;
#10139 = DIRECTION ( 'NONE',  ( -2.555182779713706200E-035, 1.025202604387803400E-016, 1.000000000000000000 ) ) ;
#10140 = AXIS2_PLACEMENT_3D ( 'NONE', #10133, #10132, #10139 ) ;
#10141 = TOROIDAL_SURFACE ( 'NONE', #10140, 1.706550303593856300, 0.8808538416825231200 ) ;
#10142 =( LENGTH_UNIT ( ) NAMED_UNIT ( * ) SI_UNIT ( .MILLI., .METRE. ) );
#10143 = FILL_AREA_STYLE_COLOUR ( '', #10144 ) ;
#10144 = COLOUR_RGB ( '',0.8313725490196077800, 0.8392156862745098200, 0.8274509803921568100 ) ;
#10145 =( NAMED_UNIT ( * ) SI_UNIT ( $, .STERADIAN. ) SOLID_ANGLE_UNIT ( ) );
#10146 =( NAMED_UNIT ( * ) PLANE_ANGLE_UNIT ( ) SI_UNIT ( $, .RADIAN. ) );
#10147 = SURFACE_SIDE_STYLE ('',( #10131 ) ) ;
#10148 = UNCERTAINTY_MEASURE_WITH_UNIT (LENGTH_MEASURE( 1.000000000000000100E-005 ), #10142, 'distance_accuracy_value', 'NONE');
#10149 = FACE_OUTER_BOUND ( 'NONE', #5935, .T. ) ;
#10150 = FILL_AREA_STYLE ('',( #10143 ) ) ;
#10151 = MECHANICAL_DESIGN_GEOMETRIC_PRESENTATION_REPRESENTATION (  '', ( #10168 ), #10159 ) ;
#10152 = PRESENTATION_LAYER_ASSIGNMENT (  '', '', ( #10168 ) ) ;
#10153 = DIRECTION ( 'NONE',  ( 0.0000000000000000000, 0.0000000000000000000, 1.000000000000000000 ) ) ;
#10154 = FACE_BOUND ( 'NONE', #6047, .T. ) ;
#10155 = DIRECTION ( 'NONE',  ( -1.773927268613155600E-015, -1.108704542883222300E-016, -1.000000000000000000 ) ) ;
#10156 = DIRECTION ( 'NONE',  ( 6.697912673203516000E-017, -1.000000000000000000, 1.025202604387803500E-016 ) ) ;
#10157 = CARTESIAN_POINT ( 'NONE',  ( -10.30083455388031100, -0.3620602319354593300, -0.7228168324218133800 ) ) ;
#10158 = CARTESIAN_POINT ( 'NONE',  ( -10.30083455388031100, -0.3620602319354593300, -0.7228168324218133800 ) ) ;
#10159 =( GEOMETRIC_REPRESENTATION_CONTEXT ( 3 ) GLOBAL_UNCERTAINTY_ASSIGNED_CONTEXT ( ( #10172 ) ) GLOBAL_UNIT_ASSIGNED_CONTEXT ( ( #10177, #10163, #10162 ) ) REPRESENTATION_CONTEXT ( 'NONE', 'WORKASPACE' ) );
#10160 = CYLINDRICAL_SURFACE ( 'NONE', #10180, 0.9779000000000012100 ) ;
#10161 = DIRECTION ( 'NONE',  ( 6.697912673203516000E-017, -1.000000000000000000, 1.025202604387803500E-016 ) ) ;
#10162 =( NAMED_UNIT ( * ) SI_UNIT ( $, .STERADIAN. ) SOLID_ANGLE_UNIT ( ) );
#10163 =( NAMED_UNIT ( * ) PLANE_ANGLE_UNIT ( ) SI_UNIT ( $, .RADIAN. ) );
#10164 = AXIS2_PLACEMENT_3D ( 'NONE', #10157, #10156, #10155 ) ;
#10165 = CIRCLE ( 'NONE', #10164, 0.9779000000000012100 ) ;
#10166 = FACE_OUTER_BOUND ( 'NONE', #6060, .T. ) ;
#10167 = CIRCLE ( 'NONE', #10179, 0.9779000000000012100 ) ;
#10168 = STYLED_ITEM ( 'NONE', ( #10169 ), #5944 ) ;
#10169 = PRESENTATION_STYLE_ASSIGNMENT (( #10170 ) ) ;
#10170 = SURFACE_STYLE_USAGE ( .BOTH. , #10171 ) ;
#10171 = SURFACE_SIDE_STYLE ('',( #10173 ) ) ;
#10172 = UNCERTAINTY_MEASURE_WITH_UNIT (LENGTH_MEASURE( 1.000000000000000100E-005 ), #10177, 'distance_accuracy_value', 'NONE');
#10173 = SURFACE_STYLE_FILL_AREA ( #10174 ) ;
#10174 = FILL_AREA_STYLE ('',( #10175 ) ) ;
#10175 = FILL_AREA_STYLE_COLOUR ( '', #10176 ) ;
#10176 = COLOUR_RGB ( '',0.8313725490196077800, 0.8392156862745098200, 0.8274509803921568100 ) ;
#10177 =( LENGTH_UNIT ( ) NAMED_UNIT ( * ) SI_UNIT ( .MILLI., .METRE. ) );
#10178 =( GEOMETRIC_REPRESENTATION_CONTEXT ( 3 ) GLOBAL_UNCERTAINTY_ASSIGNED_CONTEXT ( ( #10148 ) ) GLOBAL_UNIT_ASSIGNED_CONTEXT ( ( #10142, #10146, #10145 ) ) REPRESENTATION_CONTEXT ( 'NONE', 'WORKASPACE' ) );
#10179 = AXIS2_PLACEMENT_3D ( 'NONE', #10158, #10184, #10183 ) ;
#10180 = AXIS2_PLACEMENT_3D ( 'NONE', #10181, #10161, #10153 ) ;
#10181 = CARTESIAN_POINT ( 'NONE',  ( -10.30083455388031100, -2.013060231935459100, -0.7228168324218131600 ) ) ;
#10182 = CARTESIAN_POINT ( 'NONE',  ( -11.27873455388031200, -0.3620602319354593300, -0.7228168324218132700 ) ) ;
#10183 = DIRECTION ( 'NONE',  ( 0.0000000000000000000, -1.108704542883222300E-016, -1.000000000000000000 ) ) ;
#10184 = DIRECTION ( 'NONE',  ( 6.697912673203516000E-017, -1.000000000000000000, 1.025202604387803500E-016 ) ) ;
#10185 = CIRCLE ( 'NONE', #10210, 2.374900000000000200 ) ;
#10186 = CARTESIAN_POINT ( 'NONE',  ( -10.30083455388031100, -2.013060231935458700, -0.7228168324218131600 ) ) ;
#10187 = CARTESIAN_POINT ( 'NONE',  ( -10.30083455388031100, -2.013060231935459100, -1.700716832421814500 ) ) ;
#10188 = LINE ( 'NONE', #10214, #10211 ) ;
#10189 = AXIS2_PLACEMENT_3D ( 'NONE', #10187, #10197, #10215 ) ;
#10190 = FILL_AREA_STYLE ('',( #10191 ) ) ;
#10191 = FILL_AREA_STYLE_COLOUR ( '', #10192 ) ;
#10192 = COLOUR_RGB ( '',0.8313725490196077800, 0.8392156862745098200, 0.8274509803921568100 ) ;
#10193 = FACE_BOUND ( 'NONE', #5909, .T. ) ;
#10194 = DIRECTION ( 'NONE',  ( 0.0000000000000000000, 1.826101600042956400E-016, 1.000000000000000000 ) ) ;
#10195 = DIRECTION ( 'NONE',  ( 6.697912673203516000E-017, -1.000000000000000000, 1.025202604387803500E-016 ) ) ;
#10196 = AXIS2_PLACEMENT_3D ( 'NONE', #10186, #10195, #10194 ) ;
#10197 = DIRECTION ( 'NONE',  ( -6.697912673203516000E-017, 1.000000000000000000, -1.025202604387803400E-016 ) ) ;
#10198 =( LENGTH_UNIT ( ) NAMED_UNIT ( * ) SI_UNIT ( .MILLI., .METRE. ) );
#10199 = MECHANICAL_DESIGN_GEOMETRIC_PRESENTATION_REPRESENTATION (  '', ( #10201 ), #10219 ) ;
#10200 = PRESENTATION_LAYER_ASSIGNMENT (  '', '', ( #10201 ) ) ;
#10201 = STYLED_ITEM ( 'NONE', ( #10202 ), #5952 ) ;
#10202 = PRESENTATION_STYLE_ASSIGNMENT (( #10203 ) ) ;
#10203 = SURFACE_STYLE_USAGE ( .BOTH. , #10204 ) ;
#10204 = SURFACE_SIDE_STYLE ('',( #10205 ) ) ;
#10205 = SURFACE_STYLE_FILL_AREA ( #10190 ) ;
#10206 = CARTESIAN_POINT ( 'NONE',  ( -10.30083455388031100, -1.606660231935459000, -3.097716832421813400 ) ) ;
#10207 = DIRECTION ( 'NONE',  ( 0.0000000000000000000, 9.130508000214781900E-017, 1.000000000000000000 ) ) ;
#10208 = DIRECTION ( 'NONE',  ( 6.697912673203516000E-017, -1.000000000000000000, 1.025202604387803500E-016 ) ) ;
#10209 = CARTESIAN_POINT ( 'NONE',  ( -10.30083455388031100, -1.606660231935458800, -0.7228168324218131600 ) ) ;
#10210 = AXIS2_PLACEMENT_3D ( 'NONE', #10209, #10208, #10207 ) ;
#10211 = VECTOR ( 'NONE', #10217, 1000.000000000000000 ) ;
#10212 = CIRCLE ( 'NONE', #10196, 2.374900000000000200 ) ;
#10213 = FACE_OUTER_BOUND ( 'NONE', #5953, .T. ) ;
#10214 = CARTESIAN_POINT ( 'NONE',  ( -8.534484146967797000, -1.606660231935459300, -2.310316832421813100 ) ) ;
#10215 = DIRECTION ( 'NONE',  ( -5.551115123125782100E-017, -1.025202604387803400E-016, -1.000000000000000000 ) ) ;
#10216 = PLANE ( 'NONE',  #10189 ) ;
#10217 = DIRECTION ( 'NONE',  ( 6.697912673203516000E-017, -1.000000000000000000, 1.025202604387803800E-016 ) ) ;
#10218 = CARTESIAN_POINT ( 'NONE',  ( -8.534484146967797000, -2.013060231935459100, -2.310316832421813100 ) ) ;
#10219 =( GEOMETRIC_REPRESENTATION_CONTEXT ( 3 ) GLOBAL_UNCERTAINTY_ASSIGNED_CONTEXT ( ( #10220 ) ) GLOBAL_UNIT_ASSIGNED_CONTEXT ( ( #10198, #10222, #10221 ) ) REPRESENTATION_CONTEXT ( 'NONE', 'WORKASPACE' ) );
#10220 = UNCERTAINTY_MEASURE_WITH_UNIT (LENGTH_MEASURE( 1.000000000000000100E-005 ), #10198, 'distance_accuracy_value', 'NONE');
#10221 =( NAMED_UNIT ( * ) SI_UNIT ( $, .STERADIAN. ) SOLID_ANGLE_UNIT ( ) );
#10222 =( NAMED_UNIT ( * ) PLANE_ANGLE_UNIT ( ) SI_UNIT ( $, .RADIAN. ) );
#10223 = CARTESIAN_POINT ( 'NONE',  ( -7.049634553880309800, -1.606660231935458800, 0.8646831675781865300 ) ) ;
#10224 = LINE ( 'NONE', #10223, #10231 ) ;
#10225 = AXIS2_PLACEMENT_3D ( 'NONE', #10254, #10227, #10226 ) ;
#10226 = DIRECTION ( 'NONE',  ( 0.0000000000000000000, 1.566426601871710900E-016, 1.000000000000000000 ) ) ;
#10227 = DIRECTION ( 'NONE',  ( 6.697912673203516000E-017, -1.000000000000000000, 1.025202604387803500E-016 ) ) ;
#10228 = PLANE ( 'NONE',  #10239 ) ;
#10229 = CARTESIAN_POINT ( 'NONE',  ( -10.30083455388031100, -1.606660231935459300, -3.097716832421813400 ) ) ;
#10230 = DIRECTION ( 'NONE',  ( 5.551115123125782100E-017, 1.025202604387803400E-016, 1.000000000000000000 ) ) ;
#10231 = VECTOR ( 'NONE', #10232, 1000.000000000000000 ) ;
#10232 = DIRECTION ( 'NONE',  ( -1.000000000000000000, -6.697912673203516000E-017, 5.551115123125782700E-017 ) ) ;
#10233 = DIRECTION ( 'NONE',  ( 6.697912673203516000E-017, -1.000000000000000000, 1.025202604387803400E-016 ) ) ;
#10234 = CARTESIAN_POINT ( 'NONE',  ( -10.30083455388031100, -1.099234466875049800, 1.238601756312078800 ) ) ;
#10235 = AXIS2_PLACEMENT_3D ( 'NONE', #10234, #10248, #10247 ) ;
#10236 = CIRCLE ( 'NONE', #10235, 0.5771185887338917700 ) ;
#10237 = FACE_OUTER_BOUND ( 'NONE', #5960, .T. ) ;
#10238 = CIRCLE ( 'NONE', #10225, 1.384299999999999600 ) ;
#10239 = AXIS2_PLACEMENT_3D ( 'NONE', #10229, #10233, #10230 ) ;
#10240 = PRESENTATION_STYLE_ASSIGNMENT (( #10241 ) ) ;
#10241 = SURFACE_STYLE_USAGE ( .BOTH. , #10242 ) ;
#10242 = SURFACE_SIDE_STYLE ('',( #10243 ) ) ;
#10243 = SURFACE_STYLE_FILL_AREA ( #10244 ) ;
#10244 = FILL_AREA_STYLE ('',( #10245 ) ) ;
#10245 = FILL_AREA_STYLE_COLOUR ( '', #10246 ) ;
#10246 = COLOUR_RGB ( '',0.8313725490196077800, 0.8392156862745098200, 0.8274509803921568100 ) ;
#10247 = DIRECTION ( 'NONE',  ( 0.0000000000000000000, 1.000000000000000000, 0.0000000000000000000 ) ) ;
#10248 = DIRECTION ( 'NONE',  ( 1.000000000000000000, 6.697912673203516000E-017, -5.551115123125782700E-017 ) ) ;
#10249 =( NAMED_UNIT ( * ) PLANE_ANGLE_UNIT ( ) SI_UNIT ( $, .RADIAN. ) );
#10250 =( LENGTH_UNIT ( ) NAMED_UNIT ( * ) SI_UNIT ( .MILLI., .METRE. ) );
#10251 = MECHANICAL_DESIGN_GEOMETRIC_PRESENTATION_REPRESENTATION (  '', ( #10253 ), #10268 ) ;
#10252 = PRESENTATION_LAYER_ASSIGNMENT (  '', '', ( #10253 ) ) ;
#10253 = STYLED_ITEM ( 'NONE', ( #10240 ), #5959 ) ;
#10254 = CARTESIAN_POINT ( 'NONE',  ( -10.30083455388031100, -1.099234466875050000, -0.7228168324218132700 ) ) ;
#10255 = CARTESIAN_POINT ( 'NONE',  ( -10.30083455388031100, -2.013060231935459100, -0.7228168324218131600 ) ) ;
#10256 = VECTOR ( 'NONE', #10262, 1000.000000000000000 ) ;
#10257 = CARTESIAN_POINT ( 'NONE',  ( -10.30083455388031100, -2.013060231935459100, 0.6614831675781870400 ) ) ;
#10258 = AXIS2_PLACEMENT_3D ( 'NONE', #10278, #10277, #10276 ) ;
#10259 = CIRCLE ( 'NONE', #10258, 0.5771185887338916600 ) ;
#10260 = CARTESIAN_POINT ( 'NONE',  ( -10.30083455388031100, -1.099234466875050000, -0.7228168324218132700 ) ) ;
#10261 = DIRECTION ( 'NONE',  ( 6.697912673203516000E-017, -1.000000000000000000, 1.025202604387803500E-016 ) ) ;
#10262 = DIRECTION ( 'NONE',  ( 6.697912673203516000E-017, -1.000000000000000000, 1.025202604387803500E-016 ) ) ;
#10263 = VECTOR ( 'NONE', #10261, 1000.000000000000000 ) ;
#10264 = CARTESIAN_POINT ( 'NONE',  ( -10.30083455388031100, -2.013060231935459100, -2.107116832421813200 ) ) ;
#10265 = LINE ( 'NONE', #10264, #10263 ) ;
#10266 = LINE ( 'NONE', #10257, #10256 ) ;
#10267 = DIRECTION ( 'NONE',  ( 6.697912673203516000E-017, -1.000000000000000000, 1.025202604387803500E-016 ) ) ;
#10268 =( GEOMETRIC_REPRESENTATION_CONTEXT ( 3 ) GLOBAL_UNCERTAINTY_ASSIGNED_CONTEXT ( ( #10269 ) ) GLOBAL_UNIT_ASSIGNED_CONTEXT ( ( #10250, #10249, #10021 ) ) REPRESENTATION_CONTEXT ( 'NONE', 'WORKASPACE' ) );
#10269 = UNCERTAINTY_MEASURE_WITH_UNIT (LENGTH_MEASURE( 1.000000000000000100E-005 ), #10250, 'distance_accuracy_value', 'NONE');
#10270 = DIRECTION ( 'NONE',  ( 0.0000000000000000000, 1.826101600042956400E-016, 1.000000000000000000 ) ) ;
#10271 =( GEOMETRIC_REPRESENTATION_CONTEXT ( 3 ) GLOBAL_UNCERTAINTY_ASSIGNED_CONTEXT ( ( #10305 ) ) GLOBAL_UNIT_ASSIGNED_CONTEXT ( ( #10313, #10312, #10306 ) ) REPRESENTATION_CONTEXT ( 'NONE', 'WORKASPACE' ) );
#10272 = DIRECTION ( 'NONE',  ( 0.0000000000000000000, 1.566426601871710900E-016, 1.000000000000000000 ) ) ;
#10273 = DIRECTION ( 'NONE',  ( 6.697912673203516000E-017, -1.000000000000000000, 1.025202604387803500E-016 ) ) ;
#10274 = AXIS2_PLACEMENT_3D ( 'NONE', #10260, #10273, #10272 ) ;
#10275 = CIRCLE ( 'NONE', #10274, 1.384299999999999600 ) ;
#10276 = DIRECTION ( 'NONE',  ( 0.0000000000000000000, 0.0000000000000000000, 1.000000000000000000 ) ) ;
#10277 = DIRECTION ( 'NONE',  ( -1.000000000000000000, -6.697912673203514800E-017, 1.779717866134955500E-016 ) ) ;
#10278 = CARTESIAN_POINT ( 'NONE',  ( -10.30083455388031100, -1.099234466875050200, -2.684235421155705100 ) ) ;
#10279 = CYLINDRICAL_SURFACE ( 'NONE', #10280, 2.374900000000000200 ) ;
#10280 = AXIS2_PLACEMENT_3D ( 'NONE', #10255, #10267, #10270 ) ;
#10281 = FILL_AREA_STYLE ('',( #10291 ) ) ;
#10282 =( LENGTH_UNIT ( ) NAMED_UNIT ( * ) SI_UNIT ( .MILLI., .METRE. ) );
#10283 =( NAMED_UNIT ( * ) PLANE_ANGLE_UNIT ( ) SI_UNIT ( $, .RADIAN. ) );
#10284 = FACE_OUTER_BOUND ( 'NONE', #5980, .T. ) ;
#10285 = MECHANICAL_DESIGN_GEOMETRIC_PRESENTATION_REPRESENTATION (  '', ( #10294 ), #10303 ) ;
#10286 = CARTESIAN_POINT ( 'NONE',  ( -10.30083455388031100, -1.099234466875049800, 0.6614831675781862600 ) ) ;
#10287 = DIRECTION ( 'NONE',  ( -1.145397745551621800E-033, 1.025202604387803500E-016, 1.000000000000000000 ) ) ;
#10288 = DIRECTION ( 'NONE',  ( 6.697912673203516000E-017, -1.000000000000000000, 1.025202604387803500E-016 ) ) ;
#10289 = AXIS2_PLACEMENT_3D ( 'NONE', #10302, #10288, #10287 ) ;
#10290 = TOROIDAL_SURFACE ( 'NONE', #10289, 1.961418588733892000, 0.5771185887338917700 ) ;
#10291 = FILL_AREA_STYLE_COLOUR ( '', #10298 ) ;
#10292 = PRESENTATION_STYLE_ASSIGNMENT (( #10293 ) ) ;
#10293 = SURFACE_STYLE_USAGE ( .BOTH. , #10299 ) ;
#10294 = STYLED_ITEM ( 'NONE', ( #10292 ), #5975 ) ;
#10295 = PRESENTATION_LAYER_ASSIGNMENT (  '', '', ( #10294 ) ) ;
#10296 = CARTESIAN_POINT ( 'NONE',  ( -10.30083455388031100, 0.4761397680645401700, -2.107116832421813700 ) ) ;
#10297 =( NAMED_UNIT ( * ) SI_UNIT ( $, .STERADIAN. ) SOLID_ANGLE_UNIT ( ) );
#10298 = COLOUR_RGB ( '',0.8313725490196077800, 0.8392156862745098200, 0.8274509803921568100 ) ;
#10299 = SURFACE_SIDE_STYLE ('',( #10301 ) ) ;
#10300 = UNCERTAINTY_MEASURE_WITH_UNIT (LENGTH_MEASURE( 1.000000000000000100E-005 ), #10282, 'distance_accuracy_value', 'NONE');
#10301 = SURFACE_STYLE_FILL_AREA ( #10281 ) ;
#10302 = CARTESIAN_POINT ( 'NONE',  ( -10.30083455388031100, -1.099234466875050000, -0.7228168324218131600 ) ) ;
#10303 =( GEOMETRIC_REPRESENTATION_CONTEXT ( 3 ) GLOBAL_UNCERTAINTY_ASSIGNED_CONTEXT ( ( #10300 ) ) GLOBAL_UNIT_ASSIGNED_CONTEXT ( ( #10282, #10283, #10297 ) ) REPRESENTATION_CONTEXT ( 'NONE', 'WORKASPACE' ) );
#10304 = CARTESIAN_POINT ( 'NONE',  ( -10.30083455388031100, -0.3620602319354595500, -1.700716832421814700 ) ) ;
#10305 = UNCERTAINTY_MEASURE_WITH_UNIT (LENGTH_MEASURE( 1.000000000000000100E-005 ), #10313, 'distance_accuracy_value', 'NONE');
#10306 =( NAMED_UNIT ( * ) SI_UNIT ( $, .STERADIAN. ) SOLID_ANGLE_UNIT ( ) );
#10307 = DIRECTION ( 'NONE',  ( 0.0000000000000000000, -1.108704542883222300E-016, -1.000000000000000000 ) ) ;
#10308 = CARTESIAN_POINT ( 'NONE',  ( -10.30083455388031100, -1.606660231935459500, -2.409308233676807000 ) ) ;
#10309 = SURFACE_STYLE_FILL_AREA ( #10310 ) ;
#10310 = FILL_AREA_STYLE ('',( #10357 ) ) ;
#10311 = UNCERTAINTY_MEASURE_WITH_UNIT (LENGTH_MEASURE( 1.000000000000000100E-005 ), #10326, 'distance_accuracy_value', 'NONE');
#10312 =( NAMED_UNIT ( * ) PLANE_ANGLE_UNIT ( ) SI_UNIT ( $, .RADIAN. ) );
#10313 =( LENGTH_UNIT ( ) NAMED_UNIT ( * ) SI_UNIT ( .MILLI., .METRE. ) );
#10314 = MECHANICAL_DESIGN_GEOMETRIC_PRESENTATION_REPRESENTATION (  '', ( #10316 ), #10271 ) ;
#10315 = PRESENTATION_LAYER_ASSIGNMENT (  '', '', ( #10316 ) ) ;
#10316 = STYLED_ITEM ( 'NONE', ( #10317 ), #5988 ) ;
#10317 = PRESENTATION_STYLE_ASSIGNMENT (( #10318 ) ) ;
#10318 = SURFACE_STYLE_USAGE ( .BOTH. , #10344 ) ;
#10319 = CARTESIAN_POINT ( 'NONE',  ( -10.30083455388031100, -1.606660231935459300, -0.7228168324218131600 ) ) ;
#10320 = AXIS2_PLACEMENT_3D ( 'NONE', #10323, #10322, #10352 ) ;
#10321 = CARTESIAN_POINT ( 'NONE',  ( -10.30083455388031100, -1.606660231935459000, 0.9636745688331804800 ) ) ;
#10322 = DIRECTION ( 'NONE',  ( 6.697912673203516000E-017, -1.000000000000000000, 1.025202604387803500E-016 ) ) ;
#10323 = CARTESIAN_POINT ( 'NONE',  ( -10.30083455388031100, -2.013060231935459100, -0.7228168324218131600 ) ) ;
#10324 = AXIS2_PLACEMENT_3D ( 'NONE', #10328, #10338, #10307 ) ;
#10325 = STYLED_ITEM ( 'NONE', ( #10332 ), #5983 ) ;
#10326 =( LENGTH_UNIT ( ) NAMED_UNIT ( * ) SI_UNIT ( .MILLI., .METRE. ) );
#10327 = DIRECTION ( 'NONE',  ( 0.0000000000000000000, 1.285748829408440700E-016, 1.000000000000000000 ) ) ;
#10328 = CARTESIAN_POINT ( 'NONE',  ( -10.30083455388031100, -0.3620602319354593300, -0.7228168324218133800 ) ) ;
#10329 =( NAMED_UNIT ( * ) SI_UNIT ( $, .STERADIAN. ) SOLID_ANGLE_UNIT ( ) );
#10330 = AXIS2_PLACEMENT_3D ( 'NONE', #10319, #10353, #10327 ) ;
#10331 = CYLINDRICAL_SURFACE ( 'NONE', #10320, 0.9779000000000012100 ) ;
#10332 = PRESENTATION_STYLE_ASSIGNMENT (( #10355 ) ) ;
#10333 = CIRCLE ( 'NONE', #10324, 0.9779000000000012100 ) ;
#10334 =( NAMED_UNIT ( * ) PLANE_ANGLE_UNIT ( ) SI_UNIT ( $, .RADIAN. ) );
#10335 = CARTESIAN_POINT ( 'NONE',  ( -7.049634553880308000, -7.232760231935460900, -1.713416832421814000 ) ) ;
#10336 = DIRECTION ( 'NONE',  ( 1.000000000000000000, 6.697912673203520900E-017, 4.908584475015948200E-016 ) ) ;
#10337 = VECTOR ( 'NONE', #10336, 1000.000000000000000 ) ;
#10338 = DIRECTION ( 'NONE',  ( 6.697912673203516000E-017, -1.000000000000000000, 1.025202604387803500E-016 ) ) ;
#10339 = CIRCLE ( 'NONE', #10330, 1.686491401254993600 ) ;
#10340 = MECHANICAL_DESIGN_GEOMETRIC_PRESENTATION_REPRESENTATION (  '', ( #10325 ), #10354 ) ;
#10341 = COLOUR_RGB ( '',0.8313725490196077800, 0.8392156862745098200, 0.8274509803921568100 ) ;
#10342 = PRESENTATION_LAYER_ASSIGNMENT (  '', '', ( #10325 ) ) ;
#10343 = FACE_OUTER_BOUND ( 'NONE', #5763, .T. ) ;
#10344 = SURFACE_SIDE_STYLE ('',( #10345 ) ) ;
#10345 = SURFACE_STYLE_FILL_AREA ( #10346 ) ;
#10346 = FILL_AREA_STYLE ('',( #10347 ) ) ;
#10347 = FILL_AREA_STYLE_COLOUR ( '', #10348 ) ;
#10348 = COLOUR_RGB ( '',0.8313725490196077800, 0.8392156862745098200, 0.8274509803921568100 ) ;
#10349 = FACE_OUTER_BOUND ( 'NONE', #6038, .T. ) ;
#10350 = CARTESIAN_POINT ( 'NONE',  ( -7.456034553880308600, -7.232760231935460900, -1.713416832421814200 ) ) ;
#10351 = LINE ( 'NONE', #10350, #10337 ) ;
#10352 = DIRECTION ( 'NONE',  ( 0.0000000000000000000, 0.0000000000000000000, 1.000000000000000000 ) ) ;
#10353 = DIRECTION ( 'NONE',  ( 6.697912673203516000E-017, -1.000000000000000000, 1.025202604387803500E-016 ) ) ;
#10354 =( GEOMETRIC_REPRESENTATION_CONTEXT ( 3 ) GLOBAL_UNCERTAINTY_ASSIGNED_CONTEXT ( ( #10311 ) ) GLOBAL_UNIT_ASSIGNED_CONTEXT ( ( #10326, #10334, #10329 ) ) REPRESENTATION_CONTEXT ( 'NONE', 'WORKASPACE' ) );
#10355 = SURFACE_STYLE_USAGE ( .BOTH. , #10356 ) ;
#10356 = SURFACE_SIDE_STYLE ('',( #10309 ) ) ;
#10357 = FILL_AREA_STYLE_COLOUR ( '', #10341 ) ;
#10358 = DIRECTION ( 'NONE',  ( 0.0000000000000000000, 0.0000000000000000000, 1.000000000000000000 ) ) ;
#10359 =( LENGTH_UNIT ( ) NAMED_UNIT ( * ) SI_UNIT ( .MILLI., .METRE. ) );
#10360 = UNCERTAINTY_MEASURE_WITH_UNIT (LENGTH_MEASURE( 1.000000000000000100E-005 ), #10359, 'distance_accuracy_value', 'NONE');
#10361 = CARTESIAN_POINT ( 'NONE',  ( -7.049634553880309800, -7.232760231935460900, 0.2677831675781857700 ) ) ;
#10362 = DIRECTION ( 'NONE',  ( -1.000000000000000000, -2.397819961810614400E-033, -1.836909530733565900E-016 ) ) ;
#10363 = DIRECTION ( 'NONE',  ( 1.000000000000000000, 6.697912673203520900E-017, 4.908584475015948200E-016 ) ) ;
#10364 = AXIS2_PLACEMENT_3D ( 'NONE', #10382, #10362, #10358 ) ;
#10365 = STYLED_ITEM ( 'NONE', ( #10409 ), #5995 ) ;
#10366 = SURFACE_SIDE_STYLE ('',( #10389 ) ) ;
#10367 = VECTOR ( 'NONE', #10372, 1000.000000000000000 ) ;
#10368 = CARTESIAN_POINT ( 'NONE',  ( -10.30083455388031100, -2.013060231935459600, -3.097716832421813400 ) ) ;
#10369 = LINE ( 'NONE', #10368, #10367 ) ;
#10370 =( GEOMETRIC_REPRESENTATION_CONTEXT ( 3 ) GLOBAL_UNCERTAINTY_ASSIGNED_CONTEXT ( ( #10360 ) ) GLOBAL_UNIT_ASSIGNED_CONTEXT ( ( #10359, #10373, #10375 ) ) REPRESENTATION_CONTEXT ( 'NONE', 'WORKASPACE' ) );
#10371 = LINE ( 'NONE', #10408, #10407 ) ;
#10372 = DIRECTION ( 'NONE',  ( 6.697912673203516000E-017, -1.000000000000000000, 1.025202604387803500E-016 ) ) ;
#10373 =( NAMED_UNIT ( * ) PLANE_ANGLE_UNIT ( ) SI_UNIT ( $, .RADIAN. ) );
#10374 = MECHANICAL_DESIGN_GEOMETRIC_PRESENTATION_REPRESENTATION (  '', ( #10365 ), #10370 ) ;
#10375 =( NAMED_UNIT ( * ) SI_UNIT ( $, .STERADIAN. ) SOLID_ANGLE_UNIT ( ) );
#10376 =( NAMED_UNIT ( * ) PLANE_ANGLE_UNIT ( ) SI_UNIT ( $, .RADIAN. ) );
#10377 = DIRECTION ( 'NONE',  ( 0.0000000000000000000, 1.174819951403782200E-016, 1.000000000000000000 ) ) ;
#10378 = DIRECTION ( 'NONE',  ( 6.697912673203516000E-017, -1.000000000000000000, 1.025202604387803500E-016 ) ) ;
#10379 = CARTESIAN_POINT ( 'NONE',  ( -10.30083455388031100, 0.4761397680645403400, -0.7228168324218133800 ) ) ;
#10380 = AXIS2_PLACEMENT_3D ( 'NONE', #10379, #10378, #10377 ) ;
#10381 = CIRCLE ( 'NONE', #10380, 1.384300000000000800 ) ;
#10382 = CARTESIAN_POINT ( 'NONE',  ( 18.42656544611968900, 7.092839768064540500, 1.017083167578189700 ) ) ;
#10383 = CIRCLE ( 'NONE', #10405, 0.9905999999999999300 ) ;
#10384 = PRESENTATION_LAYER_ASSIGNMENT (  '', '', ( #10365 ) ) ;
#10385 = COLOUR_RGB ( '',0.8313725490196077800, 0.8392156862745098200, 0.8274509803921568100 ) ;
#10386 = SURFACE_STYLE_USAGE ( .BOTH. , #10366 ) ;
#10387 = DIRECTION ( 'NONE',  ( 1.000000000000000000, -5.872771121110819100E-049, 1.224606353822377300E-016 ) ) ;
#10388 = DIRECTION ( 'NONE',  ( 4.795639923621230800E-033, 1.000000000000000000, -3.916066504679276500E-017 ) ) ;
#10389 = SURFACE_STYLE_FILL_AREA ( #10413 ) ;
#10390 = DIRECTION ( 'NONE',  ( -8.755923056616228400E-016, 0.0000000000000000000, 1.000000000000000000 ) ) ;
#10391 = CYLINDRICAL_SURFACE ( 'NONE', #10364, 1.181100000000000000 ) ;
#10392 = CARTESIAN_POINT ( 'NONE',  ( 18.19796544611969200, 0.3491397680645407800, -0.7228168324218136000 ) ) ;
#10393 = AXIS2_PLACEMENT_3D ( 'NONE', #10392, #10388, #10387 ) ;
#10394 = CARTESIAN_POINT ( 'NONE',  ( -7.557634553880309800, -1.606660231935459300, -2.310316832421813500 ) ) ;
#10395 = CARTESIAN_POINT ( 'NONE',  ( -7.557634553880309800, -1.606660231935458800, 0.8646831675781865300 ) ) ;
#10396 = CARTESIAN_POINT ( 'NONE',  ( -7.049634553880308900, -7.232760231935460900, -0.7228168324218141600 ) ) ;
#10397 = CARTESIAN_POINT ( 'NONE',  ( -8.534484146967797000, -1.606660231935458800, 0.8646831675781872000 ) ) ;
#10398 = AXIS2_PLACEMENT_3D ( 'NONE', #10404, #10403, #10402 ) ;
#10399 = CIRCLE ( 'NONE', #10398, 2.374900000000000200 ) ;
#10400 = CARTESIAN_POINT ( 'NONE',  ( -10.30083455388031100, -1.606660231935458600, 1.652083167578186900 ) ) ;
#10401 = CARTESIAN_POINT ( 'NONE',  ( -10.30083455388031100, -2.013060231935458200, 1.652083167578186900 ) ) ;
#10402 = DIRECTION ( 'NONE',  ( 0.0000000000000000000, 1.826101600042956400E-016, 1.000000000000000000 ) ) ;
#10403 = DIRECTION ( 'NONE',  ( 6.697912673203516000E-017, -1.000000000000000000, 1.025202604387803500E-016 ) ) ;
#10404 = CARTESIAN_POINT ( 'NONE',  ( -10.30083455388031100, -2.013060231935458700, -0.7228168324218131600 ) ) ;
#10405 = AXIS2_PLACEMENT_3D ( 'NONE', #10396, #10363, #10390 ) ;
#10406 = DIRECTION ( 'NONE',  ( 6.697912673203516000E-017, -1.000000000000000000, 1.025202604387803500E-016 ) ) ;
#10407 = VECTOR ( 'NONE', #10406, 1000.000000000000000 ) ;
#10408 = CARTESIAN_POINT ( 'NONE',  ( -10.30083455388031100, -2.013060231935459100, 1.238601756312078800 ) ) ;
#10409 = PRESENTATION_STYLE_ASSIGNMENT (( #10386 ) ) ;
#10410 = FACE_OUTER_BOUND ( 'NONE', #5919, .T. ) ;
#10411 = PLANE ( 'NONE',  #10393 ) ;
#10412 = FILL_AREA_STYLE_COLOUR ( '', #10385 ) ;
#10413 = FILL_AREA_STYLE ('',( #10412 ) ) ;
#10414 = DIRECTION ( 'NONE',  ( 0.0000000000000000000, 0.0000000000000000000, 1.000000000000000000 ) ) ;
#10415 = DIRECTION ( 'NONE',  ( 6.697912673203516000E-017, -1.000000000000000000, 1.025202604387803500E-016 ) ) ;
#10416 = PRESENTATION_STYLE_ASSIGNMENT (( #10430 ) ) ;
#10417 = AXIS2_PLACEMENT_3D ( 'NONE', #10431, #10415, #10414 ) ;
#10418 = CYLINDRICAL_SURFACE ( 'NONE', #10417, 1.384300000000000300 ) ;
#10419 = CARTESIAN_POINT ( 'NONE',  ( -10.30083455388031100, -1.099234466875050200, -2.107116832421812800 ) ) ;
#10420 = DIRECTION ( 'NONE',  ( 0.0000000000000000000, 1.105528599262805700E-016, 1.000000000000000000 ) ) ;
#10421 =( NAMED_UNIT ( * ) SI_UNIT ( $, .STERADIAN. ) SOLID_ANGLE_UNIT ( ) );
#10422 = DIRECTION ( 'NONE',  ( 0.0000000000000000000, 0.0000000000000000000, 1.000000000000000000 ) ) ;
#10423 = DIRECTION ( 'NONE',  ( -1.000000000000000000, -6.697912673203514800E-017, 1.779717866134955500E-016 ) ) ;
#10424 = CARTESIAN_POINT ( 'NONE',  ( -10.30083455388031100, 0.6721393242335130800, -2.499234977324677100 ) ) ;
#10425 = FACE_OUTER_BOUND ( 'NONE', #5964, .T. ) ;
#10426 = FILL_AREA_STYLE ('',( #10432 ) ) ;
#10427 = DIRECTION ( 'NONE',  ( 6.697912673203516000E-017, -1.000000000000000000, 1.025202604387803500E-016 ) ) ;
#10428 = CARTESIAN_POINT ( 'NONE',  ( -10.30083455388031100, 0.4761397680645407800, -0.7228168324218133800 ) ) ;
#10429 = AXIS2_PLACEMENT_3D ( 'NONE', #10428, #10427, #10420 ) ;
#10430 = SURFACE_STYLE_USAGE ( .BOTH. , #10441 ) ;
#10431 = CARTESIAN_POINT ( 'NONE',  ( -10.30083455388031100, -2.013060231935459100, -0.7228168324218131600 ) ) ;
#10432 = FILL_AREA_STYLE_COLOUR ( '', #10439 ) ;
#10433 = UNCERTAINTY_MEASURE_WITH_UNIT (LENGTH_MEASURE( 1.000000000000000100E-005 ), #10435, 'distance_accuracy_value', 'NONE');
#10434 =( NAMED_UNIT ( * ) PLANE_ANGLE_UNIT ( ) SI_UNIT ( $, .RADIAN. ) );
#10435 =( LENGTH_UNIT ( ) NAMED_UNIT ( * ) SI_UNIT ( .MILLI., .METRE. ) );
#10436 = COLOUR_RGB ( '',0.8313725490196077800, 0.8392156862745098200, 0.8274509803921568100 ) ;
#10437 = FACE_OUTER_BOUND ( 'NONE', #6023, .T. ) ;
#10438 = CARTESIAN_POINT ( 'NONE',  ( -9.322934553880307000, -0.3620602319354593300, -0.7228168324218133800 ) ) ;
#10439 = COLOUR_RGB ( '',0.8313725490196077800, 0.8392156862745098200, 0.8274509803921568100 ) ;
#10440 = MECHANICAL_DESIGN_GEOMETRIC_PRESENTATION_REPRESENTATION (  '', ( #10446 ), #10454 ) ;
#10441 = SURFACE_SIDE_STYLE ('',( #10445 ) ) ;
#10442 = CARTESIAN_POINT ( 'NONE',  ( -10.30083455388031100, 0.4761397680645405000, 0.6614831675781874800 ) ) ;
#10443 = PRESENTATION_LAYER_ASSIGNMENT (  '', '', ( #10446 ) ) ;
#10444 = AXIS2_PLACEMENT_3D ( 'NONE', #10424, #10423, #10422 ) ;
#10445 = SURFACE_STYLE_FILL_AREA ( #10426 ) ;
#10446 = STYLED_ITEM ( 'NONE', ( #10416 ), #6009 ) ;
#10447 = STYLED_ITEM ( 'NONE', ( #10448 ), #6022 ) ;
#10448 = PRESENTATION_STYLE_ASSIGNMENT (( #10449 ) ) ;
#10449 = SURFACE_STYLE_USAGE ( .BOTH. , #10450 ) ;
#10450 = SURFACE_SIDE_STYLE ('',( #10451 ) ) ;
#10451 = SURFACE_STYLE_FILL_AREA ( #10452 ) ;
#10452 = FILL_AREA_STYLE ('',( #10453 ) ) ;
#10453 = FILL_AREA_STYLE_COLOUR ( '', #10436 ) ;
#10454 =( GEOMETRIC_REPRESENTATION_CONTEXT ( 3 ) GLOBAL_UNCERTAINTY_ASSIGNED_CONTEXT ( ( #10433 ) ) GLOBAL_UNIT_ASSIGNED_CONTEXT ( ( #10435, #10434, #10421 ) ) REPRESENTATION_CONTEXT ( 'NONE', 'WORKASPACE' ) );
#10455 =( LENGTH_UNIT ( ) NAMED_UNIT ( * ) SI_UNIT ( .MILLI., .METRE. ) );
#10456 = MECHANICAL_DESIGN_GEOMETRIC_PRESENTATION_REPRESENTATION (  '', ( #10447 ), #10501 ) ;
#10457 = PRESENTATION_LAYER_ASSIGNMENT (  '', '', ( #10447 ) ) ;
#10458 = CIRCLE ( 'NONE', #10444, 0.1864223314702933800 ) ;
#10459 = CARTESIAN_POINT ( 'NONE',  ( -10.30083455388031100, 0.6491584310145267500, -2.684235421155705600 ) ) ;
#10460 = CIRCLE ( 'NONE', #10429, 1.961418588733892000 ) ;
#10461 = CARTESIAN_POINT ( 'NONE',  ( -10.30083455388031100, 0.4761397680645410000, 1.238601756312078600 ) ) ;
#10462 = CARTESIAN_POINT ( 'NONE',  ( 18.42656544611968900, 7.092839768064540500, 1.017083167578189700 ) ) ;
#10463 =( LENGTH_UNIT ( ) NAMED_UNIT ( * ) SI_UNIT ( .MILLI., .METRE. ) );
#10464 = MECHANICAL_DESIGN_GEOMETRIC_PRESENTATION_REPRESENTATION (  '', ( #10466 ), #10519 ) ;
#10465 = PRESENTATION_LAYER_ASSIGNMENT (  '', '', ( #10466 ) ) ;
#10466 = STYLED_ITEM ( 'NONE', ( #10467 ), #6036 ) ;
#10467 = PRESENTATION_STYLE_ASSIGNMENT (( #10468 ) ) ;
#10468 = SURFACE_STYLE_USAGE ( .BOTH. , #10469 ) ;
#10469 = SURFACE_SIDE_STYLE ('',( #10470 ) ) ;
#10470 = SURFACE_STYLE_FILL_AREA ( #10471 ) ;
#10471 = FILL_AREA_STYLE ('',( #10488 ) ) ;
#10472 = SURFACE_STYLE_FILL_AREA ( #10474 ) ;
#10473 =( NAMED_UNIT ( * ) SI_UNIT ( $, .STERADIAN. ) SOLID_ANGLE_UNIT ( ) );
#10474 = FILL_AREA_STYLE ('',( #10480 ) ) ;
#10475 = DIRECTION ( 'NONE',  ( 0.0000000000000000000, 0.0000000000000000000, -1.000000000000000000 ) ) ;
#10476 = UNCERTAINTY_MEASURE_WITH_UNIT (LENGTH_MEASURE( 1.000000000000000100E-005 ), #10455, 'distance_accuracy_value', 'NONE');
#10477 = COLOUR_RGB ( '',0.8313725490196077800, 0.8392156862745098200, 0.8274509803921568100 ) ;
#10478 = AXIS2_PLACEMENT_3D ( 'NONE', #10495, #10494, #10493 ) ;
#10479 = AXIS2_PLACEMENT_3D ( 'NONE', #10462, #10487, #10475 ) ;
#10480 = FILL_AREA_STYLE_COLOUR ( '', #10477 ) ;
#10481 = PRESENTATION_STYLE_ASSIGNMENT (( #10482 ) ) ;
#10482 = SURFACE_STYLE_USAGE ( .BOTH. , #10498 ) ;
#10483 =( GEOMETRIC_REPRESENTATION_CONTEXT ( 3 ) GLOBAL_UNCERTAINTY_ASSIGNED_CONTEXT ( ( #10485 ) ) GLOBAL_UNIT_ASSIGNED_CONTEXT ( ( #10499, #10500, #10486 ) ) REPRESENTATION_CONTEXT ( 'NONE', 'WORKASPACE' ) );
#10484 = MECHANICAL_DESIGN_GEOMETRIC_PRESENTATION_REPRESENTATION (  '', ( #10497 ), #10483 ) ;
#10485 = UNCERTAINTY_MEASURE_WITH_UNIT (LENGTH_MEASURE( 1.000000000000000100E-005 ), #10499, 'distance_accuracy_value', 'NONE');
#10486 =( NAMED_UNIT ( * ) SI_UNIT ( $, .STERADIAN. ) SOLID_ANGLE_UNIT ( ) );
#10487 = DIRECTION ( 'NONE',  ( 1.000000000000000000, 2.397819961810614400E-033, 1.836909530733565900E-016 ) ) ;
#10488 = FILL_AREA_STYLE_COLOUR ( '', #10489 ) ;
#10489 = COLOUR_RGB ( '',0.8313725490196077800, 0.8392156862745098200, 0.8274509803921568100 ) ;
#10490 = FACE_OUTER_BOUND ( 'NONE', #5838, .T. ) ;
#10491 = CARTESIAN_POINT ( 'NONE',  ( -7.456034553880310300, -7.232760231935460900, 0.2677831675781856500 ) ) ;
#10492 = CARTESIAN_POINT ( 'NONE',  ( -7.456034553880308600, -7.232760231935460900, -1.713416832421814200 ) ) ;
#10493 = DIRECTION ( 'NONE',  ( 0.0000000000000000000, -2.667820306312758100E-017, -1.000000000000000000 ) ) ;
#10494 = DIRECTION ( 'NONE',  ( 3.267029697966965300E-033, 1.000000000000000000, -2.667820306312758400E-017 ) ) ;
#10495 = CARTESIAN_POINT ( 'NONE',  ( 18.19796544611969200, -0.03186023193545920600, -0.7228168324218136000 ) ) ;
#10496 = PRESENTATION_LAYER_ASSIGNMENT (  '', '', ( #10497 ) ) ;
#10497 = STYLED_ITEM ( 'NONE', ( #10481 ), #6028 ) ;
#10498 = SURFACE_SIDE_STYLE ('',( #10472 ) ) ;
#10499 =( LENGTH_UNIT ( ) NAMED_UNIT ( * ) SI_UNIT ( .MILLI., .METRE. ) );
#10500 =( NAMED_UNIT ( * ) PLANE_ANGLE_UNIT ( ) SI_UNIT ( $, .RADIAN. ) );
#10501 =( GEOMETRIC_REPRESENTATION_CONTEXT ( 3 ) GLOBAL_UNCERTAINTY_ASSIGNED_CONTEXT ( ( #10476 ) ) GLOBAL_UNIT_ASSIGNED_CONTEXT ( ( #10455, #10376, #10473 ) ) REPRESENTATION_CONTEXT ( 'NONE', 'WORKASPACE' ) );
#10502 = FACE_OUTER_BOUND ( 'NONE', #6029, .T. ) ;
#10503 = SPHERICAL_SURFACE ( 'NONE', #10478, 0.2540000000000000000 ) ;
#10504 = CYLINDRICAL_SURFACE ( 'NONE', #10479, 1.181100000000000000 ) ;
#10505 =( NAMED_UNIT ( * ) SI_UNIT ( $, .STERADIAN. ) SOLID_ANGLE_UNIT ( ) );
#10506 =( NAMED_UNIT ( * ) PLANE_ANGLE_UNIT ( ) SI_UNIT ( $, .RADIAN. ) );
#10507 =( LENGTH_UNIT ( ) NAMED_UNIT ( * ) SI_UNIT ( .MILLI., .METRE. ) );
#10508 = MECHANICAL_DESIGN_GEOMETRIC_PRESENTATION_REPRESENTATION (  '', ( #10510 ), #10528 ) ;
#10509 = PRESENTATION_LAYER_ASSIGNMENT (  '', '', ( #10510 ) ) ;
#10510 = STYLED_ITEM ( 'NONE', ( #10511 ), #6040 ) ;
#10511 = PRESENTATION_STYLE_ASSIGNMENT (( #10512 ) ) ;
#10512 = SURFACE_STYLE_USAGE ( .BOTH. , #10513 ) ;
#10513 = SURFACE_SIDE_STYLE ('',( #10514 ) ) ;
#10514 = SURFACE_STYLE_FILL_AREA ( #10515 ) ;
#10515 = FILL_AREA_STYLE ('',( #10520 ) ) ;
#10516 = CARTESIAN_POINT ( 'NONE',  ( 15.73244327975312200, 7.092839768064540500, -2.462716832421815800 ) ) ;
#10517 = AXIS2_PLACEMENT_3D ( 'NONE', #10516, #10522, #10521 ) ;
#10518 = CYLINDRICAL_SURFACE ( 'NONE', #10517, 1.181100000000000000 ) ;
#10519 =( GEOMETRIC_REPRESENTATION_CONTEXT ( 3 ) GLOBAL_UNCERTAINTY_ASSIGNED_CONTEXT ( ( #10525 ) ) GLOBAL_UNIT_ASSIGNED_CONTEXT ( ( #10463, #10506, #10505 ) ) REPRESENTATION_CONTEXT ( 'NONE', 'WORKASPACE' ) );
#10520 = FILL_AREA_STYLE_COLOUR ( '', #10523 ) ;
#10521 = DIRECTION ( 'NONE',  ( 0.0000000000000000000, 0.0000000000000000000, -1.000000000000000000 ) ) ;
#10522 = DIRECTION ( 'NONE',  ( 1.000000000000000000, -2.397819961810615700E-033, 6.123031769111886300E-017 ) ) ;
#10523 = COLOUR_RGB ( '',0.8313725490196077800, 0.8392156862745098200, 0.8274509803921568100 ) ;
#10524 = FACE_OUTER_BOUND ( 'NONE', #6032, .T. ) ;
#10525 = UNCERTAINTY_MEASURE_WITH_UNIT (LENGTH_MEASURE( 1.000000000000000100E-005 ), #10463, 'distance_accuracy_value', 'NONE');
#10526 =( NAMED_UNIT ( * ) PLANE_ANGLE_UNIT ( ) SI_UNIT ( $, .RADIAN. ) );
#10527 = CYLINDRICAL_SURFACE ( 'NONE', #10540, 1.181100000000000000 ) ;
#10528 =( GEOMETRIC_REPRESENTATION_CONTEXT ( 3 ) GLOBAL_UNCERTAINTY_ASSIGNED_CONTEXT ( ( #10530 ) ) GLOBAL_UNIT_ASSIGNED_CONTEXT ( ( #10507, #10526, #10529 ) ) REPRESENTATION_CONTEXT ( 'NONE', 'WORKASPACE' ) );
#10529 =( NAMED_UNIT ( * ) SI_UNIT ( $, .STERADIAN. ) SOLID_ANGLE_UNIT ( ) );
#10530 = UNCERTAINTY_MEASURE_WITH_UNIT (LENGTH_MEASURE( 1.000000000000000100E-005 ), #10507, 'distance_accuracy_value', 'NONE');
#10531 = LINE ( 'NONE', #10565, #10558 ) ;
#10532 = VECTOR ( 'NONE', #10572, 1000.000000000000000 ) ;
#10533 = DIRECTION ( 'NONE',  ( -1.000000000000000000, 2.397819961810615700E-033, -6.123031769111886300E-017 ) ) ;
#10534 = VECTOR ( 'NONE', #10533, 1000.000000000000000 ) ;
#10535 = CARTESIAN_POINT ( 'NONE',  ( 15.73244327975312200, 7.092839768064540500, -1.281616832421815800 ) ) ;
#10536 = LINE ( 'NONE', #10535, #10534 ) ;
#10537 = DIRECTION ( 'NONE',  ( 0.0000000000000000000, 0.0000000000000000000, 1.000000000000000000 ) ) ;
#10538 = DIRECTION ( 'NONE',  ( -1.000000000000000000, 2.397819961810615700E-033, -6.123031769111886300E-017 ) ) ;
#10539 = CARTESIAN_POINT ( 'NONE',  ( 15.73244327975312200, 7.092839768064540500, -2.462716832421815800 ) ) ;
#10540 = AXIS2_PLACEMENT_3D ( 'NONE', #10539, #10538, #10537 ) ;
#10541 = CARTESIAN_POINT ( 'NONE',  ( -10.30083455388031100, -2.013060231935459100, -1.700716832421814500 ) ) ;
#10542 = LINE ( 'NONE', #10541, #10552 ) ;
#10543 = CARTESIAN_POINT ( 'NONE',  ( -7.710034553880310800, -2.013060231935458700, 0.8646831675781865300 ) ) ;
#10544 = LINE ( 'NONE', #10543, #10532 ) ;
#10545 = DIRECTION ( 'NONE',  ( -1.000000000000000000, -6.697912673203516000E-017, 5.551115123125782700E-017 ) ) ;
#10546 = CARTESIAN_POINT ( 'NONE',  ( -7.710034553880309000, -2.013060231935459100, -2.310316832421813500 ) ) ;
#10547 = DIRECTION ( 'NONE',  ( 1.000000000000000000, 6.697912673203516000E-017, -5.551115123125782700E-017 ) ) ;
#10548 = VECTOR ( 'NONE', #10547, 1000.000000000000000 ) ;
#10549 = CARTESIAN_POINT ( 'NONE',  ( -7.049634553880309800, -2.013060231935459100, -2.310316832421813500 ) ) ;
#10550 = CARTESIAN_POINT ( 'NONE',  ( -11.27873455388031200, -2.013060231935459100, -1.700716832421814500 ) ) ;
#10551 = DIRECTION ( 'NONE',  ( -1.000000000000000000, -6.697912673203516000E-017, 5.551115123125782700E-017 ) ) ;
#10552 = VECTOR ( 'NONE', #10551, 1000.000000000000000 ) ;
#10553 = LINE ( 'NONE', #10549, #10548 ) ;
#10554 = DIRECTION ( 'NONE',  ( -5.551115123125782100E-017, -1.025202604387803400E-016, -1.000000000000000000 ) ) ;
#10555 = VECTOR ( 'NONE', #10554, 1000.000000000000000 ) ;
#10556 = CARTESIAN_POINT ( 'NONE',  ( -9.322934553880307000, -2.013060231935459100, -1.700716832421814500 ) ) ;
#10557 = LINE ( 'NONE', #10556, #10555 ) ;
#10558 = VECTOR ( 'NONE', #10571, 1000.000000000000000 ) ;
#10559 = CARTESIAN_POINT ( 'NONE',  ( -9.322934553880307000, -2.013060231935459100, -1.700716832421814500 ) ) ;
#10560 = DIRECTION ( 'NONE',  ( 5.551115123125782100E-017, 1.025202604387803400E-016, 1.000000000000000000 ) ) ;
#10561 = VECTOR ( 'NONE', #10560, 1000.000000000000000 ) ;
#10562 = CARTESIAN_POINT ( 'NONE',  ( -11.27873455388031200, -2.013060231935459100, -1.700716832421814500 ) ) ;
#10563 = LINE ( 'NONE', #10562, #10561 ) ;
#10564 = CARTESIAN_POINT ( 'NONE',  ( -11.27873455388031200, -2.013060231935459100, 0.2550831675781882200 ) ) ;
#10565 = CARTESIAN_POINT ( 'NONE',  ( 19.22519727051749800, 7.092839768064540500, -0.1640168324218100900 ) ) ;
#10566 = DIRECTION ( 'NONE',  ( 1.000000000000000000, 6.697912673203516000E-017, -5.551115123125782700E-017 ) ) ;
#10567 = VECTOR ( 'NONE', #10566, 1000.000000000000000 ) ;
#10568 = CARTESIAN_POINT ( 'NONE',  ( -10.30083455388031100, -2.013060231935458700, 0.2550831675781877700 ) ) ;
#10569 = LINE ( 'NONE', #10568, #10567 ) ;
#10570 = CARTESIAN_POINT ( 'NONE',  ( -9.322934553880307000, -2.013060231935459100, 0.2550831675781882200 ) ) ;
#10571 = DIRECTION ( 'NONE',  ( 1.000000000000000000, 2.397819961810614400E-033, 1.836909530733565900E-016 ) ) ;
#10572 = DIRECTION ( 'NONE',  ( -4.908584475015948200E-016, 1.025202604387803100E-016, 1.000000000000000000 ) ) ;
#10573 = CARTESIAN_POINT ( 'NONE',  ( -7.710034553880310800, -2.013060231935458700, 0.8646831675781865300 ) ) ;
#10574 = VECTOR ( 'NONE', #10545, 1000.000000000000000 ) ;
#10575 = CARTESIAN_POINT ( 'NONE',  ( -7.049634553880309800, -2.013060231935458700, 0.8646831675781865300 ) ) ;
#10576 = LINE ( 'NONE', #10575, #10574 ) ;
#10577 = CARTESIAN_POINT ( 'NONE',  ( -7.456034553880310300, -2.267060231935456500, 0.8646831675781846400 ) ) ;
#10578 = DIRECTION ( 'NONE',  ( 0.7071067811865522400, -0.7071067811865428000, 3.324045989817742300E-017 ) ) ;
#10579 = VECTOR ( 'NONE', #10578, 1000.000000000000000 ) ;
#10580 = CARTESIAN_POINT ( 'NONE',  ( -7.710034553880310800, -2.013060231935459100, 0.8646831675781865300 ) ) ;
#10581 = LINE ( 'NONE', #10580, #10579 ) ;
#10582 = DIRECTION ( 'NONE',  ( 0.0000000000000000000, 1.000000000000000000, 0.0000000000000000000 ) ) ;
#10583 = DIRECTION ( 'NONE',  ( 5.551115123125782100E-017, 1.025202604387803600E-016, 1.000000000000000000 ) ) ;
#10584 = CARTESIAN_POINT ( 'NONE',  ( -7.557634553880309800, -2.114660231935458600, 0.8646831675781865300 ) ) ;
#10585 = AXIS2_PLACEMENT_3D ( 'NONE', #10584, #10583, #10582 ) ;
#10586 = DIRECTION ( 'NONE',  ( -5.551115123125782100E-017, -1.025202604387803400E-016, -1.000000000000000000 ) ) ;
#10587 = VECTOR ( 'NONE', #10586, 1000.000000000000000 ) ;
#10588 = CARTESIAN_POINT ( 'NONE',  ( -7.557634553880309800, -1.606660231935459000, -2.310316832421813500 ) ) ;
#10589 = LINE ( 'NONE', #10588, #10587 ) ;
#10590 = CARTESIAN_POINT ( 'NONE',  ( -10.30083455388031100, -2.013060231935459100, -3.097716832421813400 ) ) ;
#10591 = CARTESIAN_POINT ( 'NONE',  ( -8.534484146967797000, -2.013060231935458700, 0.8646831675781876400 ) ) ;
#10592 = CARTESIAN_POINT ( 'NONE',  ( -7.049634553880308900, -7.232760231935460900, -0.7228168324218141600 ) ) ;
#10593 = AXIS2_PLACEMENT_3D ( 'NONE', #10592, #10603, #10602 ) ;
#10594 = CIRCLE ( 'NONE', #10593, 0.9905999999999999300 ) ;
#10595 = LINE ( 'NONE', #10601, #10600 ) ;
#10596 = CIRCLE ( 'NONE', #10585, 0.5080000000000000100 ) ;
#10597 = CARTESIAN_POINT ( 'NONE',  ( -7.049634553880310700, -7.232760231935460900, 0.8646831675781842000 ) ) ;
#10598 = CARTESIAN_POINT ( 'NONE',  ( -7.049634553880309800, -2.114660231935458600, 0.8646831675781865300 ) ) ;
#10599 = DIRECTION ( 'NONE',  ( 6.697912673203516000E-017, -1.000000000000000000, 1.025202604387803800E-016 ) ) ;
#10600 = VECTOR ( 'NONE', #10599, 1000.000000000000000 ) ;
#10601 = CARTESIAN_POINT ( 'NONE',  ( -7.049634553880309800, -1.606660231935458800, 0.8646831675781865300 ) ) ;
#10602 = DIRECTION ( 'NONE',  ( -8.755923056616228400E-016, 0.0000000000000000000, 1.000000000000000000 ) ) ;
#10603 = DIRECTION ( 'NONE',  ( 1.000000000000000000, 6.697912673203520900E-017, 4.908584475015948200E-016 ) ) ;
#10604 = SURFACE_SIDE_STYLE ('',( #10605 ) ) ;
#10605 = SURFACE_STYLE_FILL_AREA ( #10628 ) ;
#10606 = FILL_AREA_STYLE ('',( #10607 ) ) ;
#10607 = FILL_AREA_STYLE_COLOUR ( '', #10608 ) ;
#10608 = COLOUR_RGB ( '',0.8313725490196077800, 0.8392156862745098200, 0.8274509803921568100 ) ;
#10609 = FACE_OUTER_BOUND ( 'NONE', #6124, .T. ) ;
#10610 = CARTESIAN_POINT ( 'NONE',  ( -12.93836410131906300, 0.4761397680645407800, -0.7228168324218122700 ) ) ;
#10611 = CARTESIAN_POINT ( 'NONE',  ( -13.75930500644155600, 0.4761397680645407800, -0.7228168324218122700 ) ) ;
#10612 = DIRECTION ( 'NONE',  ( 1.000000000000000000, 0.0000000000000000000, 0.0000000000000000000 ) ) ;
#10613 = DIRECTION ( 'NONE',  ( 1.224606353822377300E-016, 3.916066504679277800E-017, 1.000000000000000000 ) ) ;
#10614 = DIRECTION ( 'NONE',  ( -6.697912673203516000E-017, 1.000000000000000000, -1.025202604387803800E-016 ) ) ;
#10615 =( LENGTH_UNIT ( ) NAMED_UNIT ( * ) SI_UNIT ( .MILLI., .METRE. ) );
#10616 = MECHANICAL_DESIGN_GEOMETRIC_PRESENTATION_REPRESENTATION (  '', ( #10618 ), #10691 ) ;
#10617 = PRESENTATION_LAYER_ASSIGNMENT (  '', '', ( #10618 ) ) ;
#10618 = STYLED_ITEM ( 'NONE', ( #10619 ), #6091 ) ;
#10619 = PRESENTATION_STYLE_ASSIGNMENT (( #10620 ) ) ;
#10620 = SURFACE_STYLE_USAGE ( .BOTH. , #10621 ) ;
#10621 = SURFACE_SIDE_STYLE ('',( #10622 ) ) ;
#10622 = SURFACE_STYLE_FILL_AREA ( #10623 ) ;
#10623 = FILL_AREA_STYLE ('',( #10624 ) ) ;
#10624 = FILL_AREA_STYLE_COLOUR ( '', #10649 ) ;
#10625 = DIRECTION ( 'NONE',  ( -5.551115123125782100E-017, -1.025202604387803400E-016, -1.000000000000000000 ) ) ;
#10626 = SURFACE_SIDE_STYLE ('',( #10662 ) ) ;
#10627 = COLOUR_RGB ( '',0.8313725490196077800, 0.8392156862745098200, 0.8274509803921568100 ) ;
#10628 = FILL_AREA_STYLE ('',( #10686 ) ) ;
#10629 = FACE_OUTER_BOUND ( 'NONE', #6076, .T. ) ;
#10630 = MECHANICAL_DESIGN_GEOMETRIC_PRESENTATION_REPRESENTATION (  '', ( #10632 ), #10683 ) ;
#10631 = PRESENTATION_STYLE_ASSIGNMENT (( #10674 ) ) ;
#10632 = STYLED_ITEM ( 'NONE', ( #10631 ), #6072 ) ;
#10633 = DIRECTION ( 'NONE',  ( 6.697912673203516000E-017, -1.000000000000000000, 1.025202604387803800E-016 ) ) ;
#10634 = VECTOR ( 'NONE', #10633, 1000.000000000000000 ) ;
#10635 = CARTESIAN_POINT ( 'NONE',  ( -7.049634553880309800, -1.606660231935459000, -2.310316832421813500 ) ) ;
#10636 = LINE ( 'NONE', #10635, #10634 ) ;
#10637 =( LENGTH_UNIT ( ) NAMED_UNIT ( * ) SI_UNIT ( .MILLI., .METRE. ) );
#10638 = MECHANICAL_DESIGN_GEOMETRIC_PRESENTATION_REPRESENTATION (  '', ( #10640 ), #10654 ) ;
#10639 = PRESENTATION_LAYER_ASSIGNMENT (  '', '', ( #10640 ) ) ;
#10640 = STYLED_ITEM ( 'NONE', ( #10641 ), #6089 ) ;
#10641 = PRESENTATION_STYLE_ASSIGNMENT (( #10642 ) ) ;
#10642 = SURFACE_STYLE_USAGE ( .BOTH. , #10643 ) ;
#10643 = SURFACE_SIDE_STYLE ('',( #10644 ) ) ;
#10644 = SURFACE_STYLE_FILL_AREA ( #10606 ) ;
#10645 = PLANE ( 'NONE',  #10657 ) ;
#10646 = DIRECTION ( 'NONE',  ( -6.697912673203516000E-017, 1.000000000000000000, -1.025202604387803400E-016 ) ) ;
#10647 = CARTESIAN_POINT ( 'NONE',  ( -11.27873455388031200, -0.3620602319354595500, -1.700716832421814700 ) ) ;
#10648 = AXIS2_PLACEMENT_3D ( 'NONE', #10647, #10646, #10625 ) ;
#10649 = COLOUR_RGB ( '',0.8313725490196077800, 0.8392156862745098200, 0.8274509803921568100 ) ;
#10650 = FACE_OUTER_BOUND ( 'NONE', #6092, .T. ) ;
#10651 = PLANE ( 'NONE',  #10648 ) ;
#10652 =( NAMED_UNIT ( * ) SI_UNIT ( $, .STERADIAN. ) SOLID_ANGLE_UNIT ( ) );
#10653 = MECHANICAL_DESIGN_GEOMETRIC_PRESENTATION_REPRESENTATION (  '', ( #10677 ), #10667 ) ;
#10654 =( GEOMETRIC_REPRESENTATION_CONTEXT ( 3 ) GLOBAL_UNCERTAINTY_ASSIGNED_CONTEXT ( ( #10655 ) ) GLOBAL_UNIT_ASSIGNED_CONTEXT ( ( #10637, #10682, #10681 ) ) REPRESENTATION_CONTEXT ( 'NONE', 'WORKASPACE' ) );
#10655 = UNCERTAINTY_MEASURE_WITH_UNIT (LENGTH_MEASURE( 1.000000000000000100E-005 ), #10637, 'distance_accuracy_value', 'NONE');
#10656 = PRESENTATION_LAYER_ASSIGNMENT (  '', '', ( #10632 ) ) ;
#10657 = AXIS2_PLACEMENT_3D ( 'NONE', #10672, #10671, #10614 ) ;
#10658 =( NAMED_UNIT ( * ) PLANE_ANGLE_UNIT ( ) SI_UNIT ( $, .RADIAN. ) );
#10659 = DIRECTION ( 'NONE',  ( 6.697912673203516000E-017, -1.000000000000000000, 1.025202604387803800E-016 ) ) ;
#10660 = DIRECTION ( 'NONE',  ( -5.551115123125782100E-017, -1.025202604387803800E-016, -1.000000000000000000 ) ) ;
#10661 = CARTESIAN_POINT ( 'NONE',  ( -7.049634553880309800, -1.606660231935459000, -2.310316832421813500 ) ) ;
#10662 = SURFACE_STYLE_FILL_AREA ( #10669 ) ;
#10663 = CARTESIAN_POINT ( 'NONE',  ( -13.75930500644155600, 0.2221397680645407800, -0.7228168324218122700 ) ) ;
#10664 = AXIS2_PLACEMENT_3D ( 'NONE', #10663, #10613, #10612 ) ;
#10665 = CIRCLE ( 'NONE', #10664, 0.2540000000000007800 ) ;
#10666 = AXIS2_PLACEMENT_3D ( 'NONE', #10661, #10660, #10659 ) ;
#10667 =( GEOMETRIC_REPRESENTATION_CONTEXT ( 3 ) GLOBAL_UNCERTAINTY_ASSIGNED_CONTEXT ( ( #10673 ) ) GLOBAL_UNIT_ASSIGNED_CONTEXT ( ( #10685, #10684, #10652 ) ) REPRESENTATION_CONTEXT ( 'NONE', 'WORKASPACE' ) );
#10668 =( NAMED_UNIT ( * ) SI_UNIT ( $, .STERADIAN. ) SOLID_ANGLE_UNIT ( ) );
#10669 = FILL_AREA_STYLE ('',( #10689 ) ) ;
#10670 =( LENGTH_UNIT ( ) NAMED_UNIT ( * ) SI_UNIT ( .MILLI., .METRE. ) );
#10671 = DIRECTION ( 'NONE',  ( 5.551115123125782100E-017, 1.025202604387803800E-016, 1.000000000000000000 ) ) ;
#10672 = CARTESIAN_POINT ( 'NONE',  ( -7.049634553880309800, -1.606660231935458800, 0.8646831675781865300 ) ) ;
#10673 = UNCERTAINTY_MEASURE_WITH_UNIT (LENGTH_MEASURE( 1.000000000000000100E-005 ), #10685, 'distance_accuracy_value', 'NONE');
#10674 = SURFACE_STYLE_USAGE ( .BOTH. , #10626 ) ;
#10675 = UNCERTAINTY_MEASURE_WITH_UNIT (LENGTH_MEASURE( 1.000000000000000100E-005 ), #10670, 'distance_accuracy_value', 'NONE');
#10676 = PRESENTATION_LAYER_ASSIGNMENT (  '', '', ( #10677 ) ) ;
#10677 = STYLED_ITEM ( 'NONE', ( #10679 ), #6075 ) ;
#10678 = FACE_OUTER_BOUND ( 'NONE', #5844, .T. ) ;
#10679 = PRESENTATION_STYLE_ASSIGNMENT (( #10680 ) ) ;
#10680 = SURFACE_STYLE_USAGE ( .BOTH. , #10604 ) ;
#10681 =( NAMED_UNIT ( * ) SI_UNIT ( $, .STERADIAN. ) SOLID_ANGLE_UNIT ( ) );
#10682 =( NAMED_UNIT ( * ) PLANE_ANGLE_UNIT ( ) SI_UNIT ( $, .RADIAN. ) );
#10683 =( GEOMETRIC_REPRESENTATION_CONTEXT ( 3 ) GLOBAL_UNCERTAINTY_ASSIGNED_CONTEXT ( ( #10675 ) ) GLOBAL_UNIT_ASSIGNED_CONTEXT ( ( #10670, #10658, #10668 ) ) REPRESENTATION_CONTEXT ( 'NONE', 'WORKASPACE' ) );
#10684 =( NAMED_UNIT ( * ) PLANE_ANGLE_UNIT ( ) SI_UNIT ( $, .RADIAN. ) );
#10685 =( LENGTH_UNIT ( ) NAMED_UNIT ( * ) SI_UNIT ( .MILLI., .METRE. ) );
#10686 = FILL_AREA_STYLE_COLOUR ( '', #10687 ) ;
#10687 = COLOUR_RGB ( '',0.8313725490196077800, 0.8392156862745098200, 0.8274509803921568100 ) ;
#10688 = PLANE ( 'NONE',  #10666 ) ;
#10689 = FILL_AREA_STYLE_COLOUR ( '', #10627 ) ;
#10690 =( NAMED_UNIT ( * ) PLANE_ANGLE_UNIT ( ) SI_UNIT ( $, .RADIAN. ) );
#10691 =( GEOMETRIC_REPRESENTATION_CONTEXT ( 3 ) GLOBAL_UNCERTAINTY_ASSIGNED_CONTEXT ( ( #10692 ) ) GLOBAL_UNIT_ASSIGNED_CONTEXT ( ( #10615, #10690, #10723 ) ) REPRESENTATION_CONTEXT ( 'NONE', 'WORKASPACE' ) );
#10692 = UNCERTAINTY_MEASURE_WITH_UNIT (LENGTH_MEASURE( 1.000000000000000100E-005 ), #10615, 'distance_accuracy_value', 'NONE');
#10693 = CARTESIAN_POINT ( 'NONE',  ( -11.27873455388031200, -0.3620602319354595500, -1.700716832421814700 ) ) ;
#10694 = AXIS2_PLACEMENT_3D ( 'NONE', #10693, #10719, #10718 ) ;
#10695 = PLANE ( 'NONE',  #10694 ) ;
#10696 =( LENGTH_UNIT ( ) NAMED_UNIT ( * ) SI_UNIT ( .MILLI., .METRE. ) );
#10697 = MECHANICAL_DESIGN_GEOMETRIC_PRESENTATION_REPRESENTATION (  '', ( #10699 ), #10724 ) ;
#10698 = PRESENTATION_LAYER_ASSIGNMENT (  '', '', ( #10699 ) ) ;
#10699 = STYLED_ITEM ( 'NONE', ( #10700 ), #6097 ) ;
#10700 = PRESENTATION_STYLE_ASSIGNMENT (( #10701 ) ) ;
#10701 = SURFACE_STYLE_USAGE ( .BOTH. , #10702 ) ;
#10702 = SURFACE_SIDE_STYLE ('',( #10703 ) ) ;
#10703 = SURFACE_STYLE_FILL_AREA ( #10704 ) ;
#10704 = FILL_AREA_STYLE ('',( #10712 ) ) ;
#10705 = COLOUR_RGB ( '',0.8313725490196077800, 0.8392156862745098200, 0.8274509803921568100 ) ;
#10706 = FACE_BOUND ( 'NONE', #5885, .T. ) ;
#10707 = FACE_OUTER_BOUND ( 'NONE', #6078, .T. ) ;
#10708 = DIRECTION ( 'NONE',  ( 1.000000000000000000, 6.697912673203520900E-017, 4.908584475015948200E-016 ) ) ;
#10709 = VECTOR ( 'NONE', #10708, 1000.000000000000000 ) ;
#10710 = CARTESIAN_POINT ( 'NONE',  ( -7.456034553880310300, -7.232760231935460900, 0.8646831675781839800 ) ) ;
#10711 = LINE ( 'NONE', #10710, #10709 ) ;
#10712 = FILL_AREA_STYLE_COLOUR ( '', #10705 ) ;
#10713 = CARTESIAN_POINT ( 'NONE',  ( -7.049634553880309800, -2.114660231935459000, -2.310316832421813500 ) ) ;
#10714 = DIRECTION ( 'NONE',  ( -5.551115123125782100E-017, -1.025202604387803400E-016, -1.000000000000000000 ) ) ;
#10715 = VECTOR ( 'NONE', #10714, 1000.000000000000000 ) ;
#10716 = CARTESIAN_POINT ( 'NONE',  ( -11.27873455388031200, -0.3620602319354591100, 0.2550831675781880000 ) ) ;
#10717 = LINE ( 'NONE', #10716, #10715 ) ;
#10718 = DIRECTION ( 'NONE',  ( -5.551115123125782100E-017, -1.025202604387803400E-016, -1.000000000000000000 ) ) ;
#10719 = DIRECTION ( 'NONE',  ( -6.697912673203516000E-017, 1.000000000000000000, -1.025202604387803400E-016 ) ) ;
#10720 = UNCERTAINTY_MEASURE_WITH_UNIT (LENGTH_MEASURE( 1.000000000000000100E-005 ), #10696, 'distance_accuracy_value', 'NONE');
#10721 =( NAMED_UNIT ( * ) SI_UNIT ( $, .STERADIAN. ) SOLID_ANGLE_UNIT ( ) );
#10722 =( NAMED_UNIT ( * ) PLANE_ANGLE_UNIT ( ) SI_UNIT ( $, .RADIAN. ) );
#10723 =( NAMED_UNIT ( * ) SI_UNIT ( $, .STERADIAN. ) SOLID_ANGLE_UNIT ( ) );
#10724 =( GEOMETRIC_REPRESENTATION_CONTEXT ( 3 ) GLOBAL_UNCERTAINTY_ASSIGNED_CONTEXT ( ( #10720 ) ) GLOBAL_UNIT_ASSIGNED_CONTEXT ( ( #10696, #10722, #10721 ) ) REPRESENTATION_CONTEXT ( 'NONE', 'WORKASPACE' ) );
#10725 = DIRECTION ( 'NONE',  ( 5.551115123125782700E-017, -1.994037494345739100E-017, 1.000000000000000000 ) ) ;
#10726 = DIRECTION ( 'NONE',  ( 1.000000000000000000, 6.697912673203516000E-017, -5.551115123125782700E-017 ) ) ;
#10727 = CARTESIAN_POINT ( 'NONE',  ( -7.049634553880309800, -1.606660231935458800, 0.8646831675781865300 ) ) ;
#10728 = AXIS2_PLACEMENT_3D ( 'NONE', #10727, #10726, #10725 ) ;
#10729 = PLANE ( 'NONE',  #10728 ) ;
#10730 = CARTESIAN_POINT ( 'NONE',  ( -14.56631238751380100, 7.105539768064542000, 1.258383167578188200 ) ) ;
#10731 = CARTESIAN_POINT ( 'NONE',  ( -7.049634553880308900, -7.232760231935460900, -2.310316832421810900 ) ) ;
#10732 = VECTOR ( 'NONE', #10748, 1000.000000000000000 ) ;
#10733 = CARTESIAN_POINT ( 'NONE',  ( -14.56631238751380100, 7.105539768064542000, 1.258383167578188000 ) ) ;
#10734 = LINE ( 'NONE', #10733, #10732 ) ;
#10735 = FILL_AREA_STYLE_COLOUR ( '', #10746 ) ;
#10736 =( NAMED_UNIT ( * ) SI_UNIT ( $, .STERADIAN. ) SOLID_ANGLE_UNIT ( ) );
#10737 =( NAMED_UNIT ( * ) PLANE_ANGLE_UNIT ( ) SI_UNIT ( $, .RADIAN. ) );
#10738 =( GEOMETRIC_REPRESENTATION_CONTEXT ( 3 ) GLOBAL_UNCERTAINTY_ASSIGNED_CONTEXT ( ( #10739 ) ) GLOBAL_UNIT_ASSIGNED_CONTEXT ( ( #10749, #10737, #10736 ) ) REPRESENTATION_CONTEXT ( 'NONE', 'WORKASPACE' ) );
#10739 = UNCERTAINTY_MEASURE_WITH_UNIT (LENGTH_MEASURE( 1.000000000000000100E-005 ), #10749, 'distance_accuracy_value', 'NONE');
#10740 = STYLED_ITEM ( 'NONE', ( #10741 ), #6103 ) ;
#10741 = PRESENTATION_STYLE_ASSIGNMENT (( #10742 ) ) ;
#10742 = SURFACE_STYLE_USAGE ( .BOTH. , #10743 ) ;
#10743 = SURFACE_SIDE_STYLE ('',( #10744 ) ) ;
#10744 = SURFACE_STYLE_FILL_AREA ( #10745 ) ;
#10745 = FILL_AREA_STYLE ('',( #10735 ) ) ;
#10746 = COLOUR_RGB ( '',0.8313725490196077800, 0.8392156862745098200, 0.8274509803921568100 ) ;
#10747 = FACE_OUTER_BOUND ( 'NONE', #6104, .T. ) ;
#10748 = DIRECTION ( 'NONE',  ( 0.0000000000000000000, -3.916066504679277800E-017, -1.000000000000000000 ) ) ;
#10749 =( LENGTH_UNIT ( ) NAMED_UNIT ( * ) SI_UNIT ( .MILLI., .METRE. ) );
#10750 = MECHANICAL_DESIGN_GEOMETRIC_PRESENTATION_REPRESENTATION (  '', ( #10740 ), #10738 ) ;
#10751 = PRESENTATION_LAYER_ASSIGNMENT (  '', '', ( #10740 ) ) ;
#10752 = DIRECTION ( 'NONE',  ( -6.697912673203516000E-017, 1.000000000000000000, -1.025202604387803800E-016 ) ) ;
#10753 = DIRECTION ( 'NONE',  ( 5.551115123125782100E-017, 1.025202604387803800E-016, 1.000000000000000000 ) ) ;
#10754 = CARTESIAN_POINT ( 'NONE',  ( -9.322934553880307000, -0.3620602319354591100, 0.2550831675781880000 ) ) ;
#10755 = LINE ( 'NONE', #10758, #10757 ) ;
#10756 = DIRECTION ( 'NONE',  ( 6.697912673203516000E-017, -1.000000000000000000, 1.025202604387803800E-016 ) ) ;
#10757 = VECTOR ( 'NONE', #10756, 1000.000000000000000 ) ;
#10758 = CARTESIAN_POINT ( 'NONE',  ( -9.322934553880307000, -0.3620602319354591100, 0.2550831675781880000 ) ) ;
#10759 = AXIS2_PLACEMENT_3D ( 'NONE', #10754, #10753, #10752 ) ;
#10760 = PLANE ( 'NONE',  #10759 ) ;
#10761 = STYLED_ITEM ( 'NONE', ( #10763 ), #6111 ) ;
#10762 =( LENGTH_UNIT ( ) NAMED_UNIT ( * ) SI_UNIT ( .MILLI., .METRE. ) );
#10763 = PRESENTATION_STYLE_ASSIGNMENT (( #10764 ) ) ;
#10764 = SURFACE_STYLE_USAGE ( .BOTH. , #10779 ) ;
#10765 = SURFACE_STYLE_FILL_AREA ( #10777 ) ;
#10766 = PRESENTATION_LAYER_ASSIGNMENT (  '', '', ( #10761 ) ) ;
#10767 = UNCERTAINTY_MEASURE_WITH_UNIT (LENGTH_MEASURE( 1.000000000000000100E-005 ), #10762, 'distance_accuracy_value', 'NONE');
#10768 =( NAMED_UNIT ( * ) SI_UNIT ( $, .STERADIAN. ) SOLID_ANGLE_UNIT ( ) );
#10769 =( NAMED_UNIT ( * ) PLANE_ANGLE_UNIT ( ) SI_UNIT ( $, .RADIAN. ) );
#10770 = FACE_OUTER_BOUND ( 'NONE', #6112, .T. ) ;
#10771 = DIRECTION ( 'NONE',  ( 5.551115123125782700E-017, -1.994037494345739100E-017, 1.000000000000000000 ) ) ;
#10772 = DIRECTION ( 'NONE',  ( 1.000000000000000000, 6.697912673203516000E-017, -5.551115123125782700E-017 ) ) ;
#10773 = AXIS2_PLACEMENT_3D ( 'NONE', #10774, #10772, #10771 ) ;
#10774 = CARTESIAN_POINT ( 'NONE',  ( -9.322934553880307000, -0.3620602319354591100, 0.2550831675781880000 ) ) ;
#10775 = PLANE ( 'NONE',  #10773 ) ;
#10776 =( GEOMETRIC_REPRESENTATION_CONTEXT ( 3 ) GLOBAL_UNCERTAINTY_ASSIGNED_CONTEXT ( ( #10767 ) ) GLOBAL_UNIT_ASSIGNED_CONTEXT ( ( #10762, #10769, #10768 ) ) REPRESENTATION_CONTEXT ( 'NONE', 'WORKASPACE' ) );
#10777 = FILL_AREA_STYLE ('',( #10778 ) ) ;
#10778 = FILL_AREA_STYLE_COLOUR ( '', #10781 ) ;
#10779 = SURFACE_SIDE_STYLE ('',( #10765 ) ) ;
#10780 = MECHANICAL_DESIGN_GEOMETRIC_PRESENTATION_REPRESENTATION (  '', ( #10761 ), #10776 ) ;
#10781 = COLOUR_RGB ( '',0.8313725490196077800, 0.8392156862745098200, 0.8274509803921568100 ) ;
#10782 = LINE ( 'NONE', #10783, #10785 ) ;
#10783 = CARTESIAN_POINT ( 'NONE',  ( -9.322934553880307000, -0.3620602319354591100, 0.2550831675781880000 ) ) ;
#10784 = CARTESIAN_POINT ( 'NONE',  ( -11.27873455388031200, -0.3620602319354595500, -1.700716832421814700 ) ) ;
#10785 = VECTOR ( 'NONE', #10787, 1000.000000000000000 ) ;
#10786 = CARTESIAN_POINT ( 'NONE',  ( -9.322934553880307000, -0.3620602319354595500, -1.700716832421814700 ) ) ;
#10787 = DIRECTION ( 'NONE',  ( 5.551115123125782100E-017, 1.025202604387803400E-016, 1.000000000000000000 ) ) ;
#10788 = SURFACE_STYLE_FILL_AREA ( #11504 ) ;
#10789 = SURFACE_SIDE_STYLE ('',( #10788 ) ) ;
#10790 = CARTESIAN_POINT ( 'NONE',  ( -13.45043455388031000, 9.485527622608367800, -2.799854580541277600 ) ) ;
#10791 = PRESENTATION_STYLE_ASSIGNMENT (( #10792 ) ) ;
#10792 = SURFACE_STYLE_USAGE ( .BOTH. , #10789 ) ;
#10793 = DIRECTION ( 'NONE',  ( 1.000000000000000000, 0.0000000000000000000, 0.0000000000000000000 ) ) ;
#10794 = DIRECTION ( 'NONE',  ( 0.0000000000000000000, -3.916066504679277800E-017, -1.000000000000000000 ) ) ;
#10795 = DIRECTION ( 'NONE',  ( -0.0000000000000000000, -0.4577119952413403700, -0.8891005170464086900 ) ) ;
#10796 = CARTESIAN_POINT ( 'NONE',  ( -6.338434553880310000, 1.708356347983653000, 3.107191364828188800 ) ) ;
#10797 =( LENGTH_UNIT ( ) NAMED_UNIT ( * ) SI_UNIT ( .MILLI., .METRE. ) );
#10798 = CARTESIAN_POINT ( 'NONE',  ( -6.338434553880310000, 1.708356347983653000, 3.107191364828188800 ) ) ;
#10799 = DIRECTION ( 'NONE',  ( 0.0000000000000000000, 0.0000000000000000000, 1.000000000000000000 ) ) ;
#10800 = LINE ( 'NONE', #10796, #11075 ) ;
#10801 = AXIS2_PLACEMENT_3D ( 'NONE', #10828, #10827, #10826 ) ;
#10802 = CIRCLE ( 'NONE', #10801, 3.682999999999999800 ) ;
#10803 = LINE ( 'NONE', #10824, #10832 ) ;
#10804 = FILL_AREA_STYLE ('',( #10805 ) ) ;
#10805 = FILL_AREA_STYLE_COLOUR ( '', #10806 ) ;
#10806 = COLOUR_RGB ( '',0.8313725490196077800, 0.8392156862745098200, 0.8274509803921568100 ) ;
#10807 = DIRECTION ( 'NONE',  ( 0.0000000000000000000, 0.0000000000000000000, -1.000000000000000000 ) ) ;
#10808 = DIRECTION ( 'NONE',  ( 1.000000000000000000, -5.872771121110819100E-049, 1.224606353822377300E-016 ) ) ;
#10809 = CARTESIAN_POINT ( 'NONE',  ( 11.18756544611969200, 9.054763847188317200, 2.274383167578186300 ) ) ;
#10810 = AXIS2_PLACEMENT_3D ( 'NONE', #10809, #10808, #10807 ) ;
#10811 = FACE_OUTER_BOUND ( 'NONE', #5305, .T. ) ;
#10812 = CARTESIAN_POINT ( 'NONE',  ( 19.06156544611969400, 9.485527622608367800, 1.354220915697650400 ) ) ;
#10813 = PRESENTATION_LAYER_ASSIGNMENT (  '', '', ( #10814 ) ) ;
#10814 = STYLED_ITEM ( 'NONE', ( #10815 ), #5134 ) ;
#10815 = PRESENTATION_STYLE_ASSIGNMENT (( #10816 ) ) ;
#10816 = SURFACE_STYLE_USAGE ( .BOTH. , #10817 ) ;
#10817 = SURFACE_SIDE_STYLE ('',( #10818 ) ) ;
#10818 = SURFACE_STYLE_FILL_AREA ( #10804 ) ;
#10819 = DIRECTION ( 'NONE',  ( 0.6644521835340654300, -0.6644521835340729800, -0.3420622627441021200 ) ) ;
#10820 = VECTOR ( 'NONE', #10821, 1000.000000000000000 ) ;
#10821 = DIRECTION ( 'NONE',  ( -1.000000000000000000, 5.872771121110819100E-049, -1.224606353822377300E-016 ) ) ;
#10822 = CARTESIAN_POINT ( 'NONE',  ( -10.30083455388031100, 0.4761397680645405600, -2.684235421155705100 ) ) ;
#10823 = LINE ( 'NONE', #10812, #10820 ) ;
#10824 = CARTESIAN_POINT ( 'NONE',  ( 17.10576544611969000, 11.27113976806454300, 2.751045254650729800 ) ) ;
#10825 = CARTESIAN_POINT ( 'NONE',  ( 11.18756544611969200, 9.270145734898340700, 1.814302041637917000 ) ) ;
#10826 = DIRECTION ( 'NONE',  ( 0.0000000000000000000, 0.0000000000000000000, 1.000000000000000000 ) ) ;
#10827 = DIRECTION ( 'NONE',  ( -1.000000000000000000, 5.872771121110819100E-049, -1.224606353822377300E-016 ) ) ;
#10828 = CARTESIAN_POINT ( 'NONE',  ( 11.18756544611969200, 7.105539768064542000, -1.435738998788316700 ) ) ;
#10829 = CIRCLE ( 'NONE', #10810, 0.5079999999999993400 ) ;
#10830 = CARTESIAN_POINT ( 'NONE',  ( 11.18756544611969000, 10.18994912210491300, 2.244897818532163300 ) ) ;
#10831 = DIRECTION ( 'NONE',  ( 1.109091082874420800E-016, 0.4239800939173767900, -0.9056715077564337900 ) ) ;
#10832 = VECTOR ( 'NONE', #10831, 1000.000000000000100 ) ;
#10833 = VECTOR ( 'NONE', #10819, 1000.000000000000100 ) ;
#10834 = CARTESIAN_POINT ( 'NONE',  ( 20.22434993225553200, 2.395019476056117600, -3.627964527801489100 ) ) ;
#10835 = LINE ( 'NONE', #10834, #10833 ) ;
#10836 = DIRECTION ( 'NONE',  ( -0.7071067811865475700, 0.6404064646620191100, -0.2997991994970868900 ) ) ;
#10837 = VECTOR ( 'NONE', #10836, 1000.000000000000000 ) ;
#10838 = CARTESIAN_POINT ( 'NONE',  ( 17.10576544611969000, 11.48652165577457200, -3.736597793554087900 ) ) ;
#10839 = CARTESIAN_POINT ( 'NONE',  ( 19.06156544611969400, 1.475838654401051800, -4.101161967012239500 ) ) ;
#10840 =( NAMED_UNIT ( * ) SI_UNIT ( $, .STERADIAN. ) SOLID_ANGLE_UNIT ( ) );
#10841 =( NAMED_UNIT ( * ) PLANE_ANGLE_UNIT ( ) SI_UNIT ( $, .RADIAN. ) );
#10842 =( LENGTH_UNIT ( ) NAMED_UNIT ( * ) SI_UNIT ( .MILLI., .METRE. ) );
#10843 = MECHANICAL_DESIGN_GEOMETRIC_PRESENTATION_REPRESENTATION (  '', ( #10814 ), #10854 ) ;
#10844 =( NAMED_UNIT ( * ) SI_UNIT ( $, .STERADIAN. ) SOLID_ANGLE_UNIT ( ) );
#10845 = LINE ( 'NONE', #10838, #10837 ) ;
#10846 = VECTOR ( 'NONE', #10871, 1000.000000000000000 ) ;
#10847 = PRESENTATION_STYLE_ASSIGNMENT (( #10848 ) ) ;
#10848 = SURFACE_STYLE_USAGE ( .BOTH. , #10849 ) ;
#10849 = SURFACE_SIDE_STYLE ('',( #10850 ) ) ;
#10850 = SURFACE_STYLE_FILL_AREA ( #10858 ) ;
#10851 = UNCERTAINTY_MEASURE_WITH_UNIT (LENGTH_MEASURE( 1.000000000000000100E-005 ), #10842, 'distance_accuracy_value', 'NONE');
#10852 = CYLINDRICAL_SURFACE ( 'NONE', #10866, 3.682999999999999800 ) ;
#10853 = DIRECTION ( 'NONE',  ( -1.000000000000000000, 5.872771121110819100E-049, -1.224606353822377300E-016 ) ) ;
#10854 =( GEOMETRIC_REPRESENTATION_CONTEXT ( 3 ) GLOBAL_UNCERTAINTY_ASSIGNED_CONTEXT ( ( #10851 ) ) GLOBAL_UNIT_ASSIGNED_CONTEXT ( ( #10842, #10841, #10840 ) ) REPRESENTATION_CONTEXT ( 'NONE', 'WORKASPACE' ) );
#10855 = PLANE ( 'NONE',  #10878 ) ;
#10856 = UNCERTAINTY_MEASURE_WITH_UNIT (LENGTH_MEASURE( 1.000000000000000100E-005 ), #10862, 'distance_accuracy_value', 'NONE');
#10857 =( NAMED_UNIT ( * ) SI_UNIT ( $, .STERADIAN. ) SOLID_ANGLE_UNIT ( ) );
#10858 = FILL_AREA_STYLE ('',( #10859 ) ) ;
#10859 = FILL_AREA_STYLE_COLOUR ( '', #10860 ) ;
#10860 = COLOUR_RGB ( '',0.8313725490196077800, 0.8392156862745098200, 0.8274509803921568100 ) ;
#10861 =( NAMED_UNIT ( * ) PLANE_ANGLE_UNIT ( ) SI_UNIT ( $, .RADIAN. ) );
#10862 =( LENGTH_UNIT ( ) NAMED_UNIT ( * ) SI_UNIT ( .MILLI., .METRE. ) );
#10863 = CARTESIAN_POINT ( 'NONE',  ( 19.06156544611969400, 3.790321655774572000, 2.035388484521808600 ) ) ;
#10864 = LINE ( 'NONE', #10863, #10876 ) ;
#10865 = CARTESIAN_POINT ( 'NONE',  ( 19.06156544611969400, 1.708356347983653000, 3.107191364828189300 ) ) ;
#10866 = AXIS2_PLACEMENT_3D ( 'NONE', #10867, #10853, #10881 ) ;
#10867 = CARTESIAN_POINT ( 'NONE',  ( 19.06156544611969400, 7.105539768064542000, -1.435738998788315600 ) ) ;
#10868 = MECHANICAL_DESIGN_GEOMETRIC_PRESENTATION_REPRESENTATION (  '', ( #10870 ), #10877 ) ;
#10869 = PRESENTATION_LAYER_ASSIGNMENT (  '', '', ( #10870 ) ) ;
#10870 = STYLED_ITEM ( 'NONE', ( #10847 ), #5141 ) ;
#10871 = DIRECTION ( 'NONE',  ( -1.000000000000000000, 5.872771121110819100E-049, -1.224606353822377300E-016 ) ) ;
#10872 = CARTESIAN_POINT ( 'NONE',  ( 19.06156544611969400, 11.48652165577457200, 2.290964128710461200 ) ) ;
#10873 = LINE ( 'NONE', #10872, #10846 ) ;
#10874 = FACE_OUTER_BOUND ( 'NONE', #5072, .T. ) ;
#10875 = DIRECTION ( 'NONE',  ( 1.088798142361792800E-016, -0.4577119952413404300, -0.8891005170464085800 ) ) ;
#10876 = VECTOR ( 'NONE', #10875, 1000.000000000000100 ) ;
#10877 =( GEOMETRIC_REPRESENTATION_CONTEXT ( 3 ) GLOBAL_UNCERTAINTY_ASSIGNED_CONTEXT ( ( #10856 ) ) GLOBAL_UNIT_ASSIGNED_CONTEXT ( ( #10862, #10861, #10857 ) ) REPRESENTATION_CONTEXT ( 'NONE', 'WORKASPACE' ) );
#10878 = AXIS2_PLACEMENT_3D ( 'NONE', #10839, #10891, #10892 ) ;
#10879 = DIRECTION ( 'NONE',  ( 0.0000000000000000000, 0.0000000000000000000, 1.000000000000000000 ) ) ;
#10880 = DIRECTION ( 'NONE',  ( -1.000000000000000000, 5.872771121110819100E-049, -1.224606353822377300E-016 ) ) ;
#10881 = DIRECTION ( 'NONE',  ( 0.0000000000000000000, 0.0000000000000000000, 1.000000000000000000 ) ) ;
#10882 = PRESENTATION_LAYER_ASSIGNMENT (  '', '', ( #10957 ) ) ;
#10883 = DIRECTION ( 'NONE',  ( 5.605170175932631300E-017, 0.8891005170464086900, -0.4577119952413404300 ) ) ;
#10884 = VECTOR ( 'NONE', #10883, 1000.000000000000000 ) ;
#10885 =( LENGTH_UNIT ( ) NAMED_UNIT ( * ) SI_UNIT ( .MILLI., .METRE. ) );
#10886 = MECHANICAL_DESIGN_GEOMETRIC_PRESENTATION_REPRESENTATION (  '', ( #10888 ), #10929 ) ;
#10887 = PRESENTATION_LAYER_ASSIGNMENT (  '', '', ( #10888 ) ) ;
#10888 = STYLED_ITEM ( 'NONE', ( #10791 ), #3796 ) ;
#10889 = CARTESIAN_POINT ( 'NONE',  ( 19.06156544611969400, 4.819539768064540700, 2.076907439440272900 ) ) ;
#10890 = AXIS2_PLACEMENT_3D ( 'NONE', #10889, #10880, #10879 ) ;
#10891 = DIRECTION ( 'NONE',  ( 1.088798142361792900E-016, 0.4577119952413403700, -0.8891005170464086900 ) ) ;
#10892 = DIRECTION ( 'NONE',  ( -5.605170175932631300E-017, 0.8891005170464086900, 0.4577119952413403700 ) ) ;
#10893 = CYLINDRICAL_SURFACE ( 'NONE', #10890, 0.5080000000000002300 ) ;
#10894 = MECHANICAL_DESIGN_GEOMETRIC_PRESENTATION_REPRESENTATION (  '', ( #10896 ), #10903 ) ;
#10895 = PRESENTATION_LAYER_ASSIGNMENT (  '', '', ( #10896 ) ) ;
#10896 = STYLED_ITEM ( 'NONE', ( #10918 ), #5149 ) ;
#10897 = CARTESIAN_POINT ( 'NONE',  ( 18.29956544611969000, 4.319803962191978800, -2.637078873516308000 ) ) ;
#10898 = DIRECTION ( 'NONE',  ( 1.000000000000000000, -1.250846150945177000E-016, 1.224606353822377300E-016 ) ) ;
#10899 = CARTESIAN_POINT ( 'NONE',  ( 18.29956544611969300, 9.054763847188317200, -3.720016832421813500 ) ) ;
#10900 = UNCERTAINTY_MEASURE_WITH_UNIT (LENGTH_MEASURE( 1.000000000000000100E-005 ), #10904, 'distance_accuracy_value', 'NONE');
#10901 =( NAMED_UNIT ( * ) SI_UNIT ( $, .STERADIAN. ) SOLID_ANGLE_UNIT ( ) );
#10902 =( NAMED_UNIT ( * ) PLANE_ANGLE_UNIT ( ) SI_UNIT ( $, .RADIAN. ) );
#10903 =( GEOMETRIC_REPRESENTATION_CONTEXT ( 3 ) GLOBAL_UNCERTAINTY_ASSIGNED_CONTEXT ( ( #10900 ) ) GLOBAL_UNIT_ASSIGNED_CONTEXT ( ( #10904, #10902, #10901 ) ) REPRESENTATION_CONTEXT ( 'NONE', 'WORKASPACE' ) );
#10904 =( LENGTH_UNIT ( ) NAMED_UNIT ( * ) SI_UNIT ( .MILLI., .METRE. ) );
#10905 = DIRECTION ( 'NONE',  ( 0.0000000000000000000, -1.000000000000000000, 0.0000000000000000000 ) ) ;
#10906 = VECTOR ( 'NONE', #10915, 1000.000000000000200 ) ;
#10907 = CIRCLE ( 'NONE', #10917, 1.015999999999999600 ) ;
#10908 = SURFACE_STYLE_FILL_AREA ( #10909 ) ;
#10909 = FILL_AREA_STYLE ('',( #10913 ) ) ;
#10910 = COLOUR_RGB ( '',0.8313725490196077800, 0.8392156862745098200, 0.8274509803921568100 ) ;
#10911 = CARTESIAN_POINT ( 'NONE',  ( 11.18756544611969200, 10.40533100981494000, 1.784816692591896000 ) ) ;
#10912 = LINE ( 'NONE', #10911, #10923 ) ;
#10913 = FILL_AREA_STYLE_COLOUR ( '', #10910 ) ;
#10914 =( NAMED_UNIT ( * ) SI_UNIT ( $, .STERADIAN. ) SOLID_ANGLE_UNIT ( ) );
#10915 = DIRECTION ( 'NONE',  ( -0.0000000000000000000, 0.9056715077564335700, -0.4239800939173774000 ) ) ;
#10916 =( NAMED_UNIT ( * ) PLANE_ANGLE_UNIT ( ) SI_UNIT ( $, .RADIAN. ) );
#10917 = AXIS2_PLACEMENT_3D ( 'NONE', #10899, #10898, #10905 ) ;
#10918 = PRESENTATION_STYLE_ASSIGNMENT (( #10919 ) ) ;
#10919 = SURFACE_STYLE_USAGE ( .BOTH. , #10920 ) ;
#10920 = SURFACE_SIDE_STYLE ('',( #10908 ) ) ;
#10921 = FACE_OUTER_BOUND ( 'NONE', #5125, .T. ) ;
#10922 = DIRECTION ( 'NONE',  ( 0.7071067811865476800, 0.6404064646620188900, 0.2997991994970867800 ) ) ;
#10923 = VECTOR ( 'NONE', #10922, 1000.000000000000100 ) ;
#10924 = FILL_AREA_STYLE ('',( #10925 ) ) ;
#10925 = FILL_AREA_STYLE_COLOUR ( '', #10931 ) ;
#10926 = UNCERTAINTY_MEASURE_WITH_UNIT (LENGTH_MEASURE( 1.000000000000000100E-005 ), #10933, 'distance_accuracy_value', 'NONE');
#10927 =( NAMED_UNIT ( * ) SI_UNIT ( $, .STERADIAN. ) SOLID_ANGLE_UNIT ( ) );
#10928 = MECHANICAL_DESIGN_GEOMETRIC_PRESENTATION_REPRESENTATION (  '', ( #11046 ), #11084 ) ;
#10929 =( GEOMETRIC_REPRESENTATION_CONTEXT ( 3 ) GLOBAL_UNCERTAINTY_ASSIGNED_CONTEXT ( ( #10930 ) ) GLOBAL_UNIT_ASSIGNED_CONTEXT ( ( #10885, #10916, #10914 ) ) REPRESENTATION_CONTEXT ( 'NONE', 'WORKASPACE' ) );
#10930 = UNCERTAINTY_MEASURE_WITH_UNIT (LENGTH_MEASURE( 1.000000000000000100E-005 ), #10885, 'distance_accuracy_value', 'NONE');
#10931 = COLOUR_RGB ( '',0.8313725490196077800, 0.8392156862745098200, 0.8274509803921568100 ) ;
#10932 = FACE_OUTER_BOUND ( 'NONE', #5181, .T. ) ;
#10933 =( LENGTH_UNIT ( ) NAMED_UNIT ( * ) SI_UNIT ( .MILLI., .METRE. ) );
#10934 = CARTESIAN_POINT ( 'NONE',  ( 11.18756544611969200, 1.708356347983653000, 3.107191364828188400 ) ) ;
#10935 = LINE ( 'NONE', #10934, #10884 ) ;
#10936 = MECHANICAL_DESIGN_GEOMETRIC_PRESENTATION_REPRESENTATION (  '', ( #10957 ), #11033 ) ;
#10937 = DIRECTION ( 'NONE',  ( -1.109091082874421300E-016, -0.4239800939173767900, 0.9056715077564337900 ) ) ;
#10938 = DIRECTION ( 'NONE',  ( -5.192087169054279100E-017, 0.9056715077564339000, 0.4239800939173768400 ) ) ;
#10939 = MECHANICAL_DESIGN_GEOMETRIC_PRESENTATION_REPRESENTATION (  '', ( #10941 ), #10945 ) ;
#10940 = PRESENTATION_LAYER_ASSIGNMENT (  '', '', ( #10941 ) ) ;
#10941 = STYLED_ITEM ( 'NONE', ( #10947 ), #5152 ) ;
#10942 = CARTESIAN_POINT ( 'NONE',  ( 19.06156544611969400, 11.27113976806454300, 2.751045254650729800 ) ) ;
#10943 = AXIS2_PLACEMENT_3D ( 'NONE', #10942, #10938, #10937 ) ;
#10944 = PLANE ( 'NONE',  #10943 ) ;
#10945 =( GEOMETRIC_REPRESENTATION_CONTEXT ( 3 ) GLOBAL_UNCERTAINTY_ASSIGNED_CONTEXT ( ( #10926 ) ) GLOBAL_UNIT_ASSIGNED_CONTEXT ( ( #10933, #10946, #10927 ) ) REPRESENTATION_CONTEXT ( 'NONE', 'WORKASPACE' ) );
#10946 =( NAMED_UNIT ( * ) PLANE_ANGLE_UNIT ( ) SI_UNIT ( $, .RADIAN. ) );
#10947 = PRESENTATION_STYLE_ASSIGNMENT (( #10948 ) ) ;
#10948 = SURFACE_STYLE_USAGE ( .BOTH. , #10949 ) ;
#10949 = SURFACE_SIDE_STYLE ('',( #10950 ) ) ;
#10950 = SURFACE_STYLE_FILL_AREA ( #10924 ) ;
#10951 = LINE ( 'NONE', #10994, #10993 ) ;
#10952 = CARTESIAN_POINT ( 'NONE',  ( 12.38136544611969100, 11.27113976806454300, 2.751045254650728900 ) ) ;
#10953 = VECTOR ( 'NONE', #10980, 1000.000000000000200 ) ;
#10954 = LINE ( 'NONE', #10998, #10997 ) ;
#10955 = FILL_AREA_STYLE_COLOUR ( '', #10963 ) ;
#10956 = DIRECTION ( 'NONE',  ( -1.000000000000000000, 5.872771121110819100E-049, -1.224606353822377300E-016 ) ) ;
#10957 = STYLED_ITEM ( 'NONE', ( #10958 ), #5184 ) ;
#10958 = PRESENTATION_STYLE_ASSIGNMENT (( #10959 ) ) ;
#10959 = SURFACE_STYLE_USAGE ( .BOTH. , #10960 ) ;
#10960 = SURFACE_SIDE_STYLE ('',( #10961 ) ) ;
#10961 = SURFACE_STYLE_FILL_AREA ( #10962 ) ;
#10962 = FILL_AREA_STYLE ('',( #10955 ) ) ;
#10963 = COLOUR_RGB ( '',0.8313725490196077800, 0.8392156862745098200, 0.8274509803921568100 ) ;
#10964 = DIRECTION ( 'NONE',  ( -1.109091082874421300E-016, -0.4239800939173767900, 0.9056715077564337900 ) ) ;
#10965 = VECTOR ( 'NONE', #10964, 1000.000000000000100 ) ;
#10966 = CARTESIAN_POINT ( 'NONE',  ( 12.38136544611969100, 11.27113976806454300, 2.751045254650728900 ) ) ;
#10967 = LINE ( 'NONE', #10966, #10965 ) ;
#10968 = CARTESIAN_POINT ( 'NONE',  ( 19.06156544611969400, 9.485527622608366000, -2.799854580541274900 ) ) ;
#10969 = LINE ( 'NONE', #10981, #10953 ) ;
#10970 = CARTESIAN_POINT ( 'NONE',  ( 18.29956544611969300, 10.18994912210491300, 2.244897818532164600 ) ) ;
#10971 = DIRECTION ( 'NONE',  ( 5.605170175932631300E-017, 0.8891005170464086900, -0.4577119952413404300 ) ) ;
#10972 = VECTOR ( 'NONE', #10971, 1000.000000000000000 ) ;
#10973 = CARTESIAN_POINT ( 'NONE',  ( 19.06156544611969400, 1.708356347983653000, 3.107191364828189300 ) ) ;
#10974 = LINE ( 'NONE', #10968, #10987 ) ;
#10975 = LINE ( 'NONE', #10986, #10985 ) ;
#10976 = CARTESIAN_POINT ( 'NONE',  ( 11.18756544611969200, 1.708356347983653000, 3.107191364828188400 ) ) ;
#10977 = DIRECTION ( 'NONE',  ( 1.000000000000000000, -1.250846150945177000E-016, 1.224606353822377300E-016 ) ) ;
#10978 = CARTESIAN_POINT ( 'NONE',  ( 18.29956544611969300, 9.054763847188317200, 2.274383167578187100 ) ) ;
#10979 = CARTESIAN_POINT ( 'NONE',  ( 18.29956544611969300, 10.40533100981494000, -3.230450357435522800 ) ) ;
#10980 = DIRECTION ( 'NONE',  ( -1.652064436403278200E-016, -0.9056715077564335700, 0.4239800939173774000 ) ) ;
#10981 = CARTESIAN_POINT ( 'NONE',  ( 18.29956544611969300, 9.485527622608367800, -2.799854580541277100 ) ) ;
#10982 = CARTESIAN_POINT ( 'NONE',  ( 19.06156544611969400, 5.373721586246357900, -2.670990452592119100 ) ) ;
#10983 = AXIS2_PLACEMENT_3D ( 'NONE', #10978, #10977, #11000 ) ;
#10984 = DIRECTION ( 'NONE',  ( -5.192087169054284700E-017, 0.9056715077564336800, 0.4239800939173772900 ) ) ;
#10985 = VECTOR ( 'NONE', #10984, 1000.000000000000100 ) ;
#10986 = CARTESIAN_POINT ( 'NONE',  ( 11.18756544611969200, 9.270145734898340700, 1.814302041637918300 ) ) ;
#10987 = VECTOR ( 'NONE', #10956, 1000.000000000000000 ) ;
#10988 = VECTOR ( 'NONE', #10999, 1000.000000000000000 ) ;
#10989 = LINE ( 'NONE', #10973, #10972 ) ;
#10990 = CARTESIAN_POINT ( 'NONE',  ( 12.38136544611969300, 11.48652165577457200, -3.736597793554088400 ) ) ;
#10991 = LINE ( 'NONE', #10982, #10988 ) ;
#10992 = DIRECTION ( 'NONE',  ( -1.000000000000000000, 5.872771121110819100E-049, -1.224606353822377300E-016 ) ) ;
#10993 = VECTOR ( 'NONE', #10992, 1000.000000000000000 ) ;
#10994 = CARTESIAN_POINT ( 'NONE',  ( 18.42656544611968900, 8.273939768064542100, 2.057014991975992600 ) ) ;
#10995 = FACE_OUTER_BOUND ( 'NONE', #5185, .T. ) ;
#10996 = DIRECTION ( 'NONE',  ( -1.000000000000000000, 5.872771121110819100E-049, -1.224606353822377300E-016 ) ) ;
#10997 = VECTOR ( 'NONE', #10996, 1000.000000000000000 ) ;
#10998 = CARTESIAN_POINT ( 'NONE',  ( 19.06156544611969400, 11.27113976806454300, 2.751045254650729800 ) ) ;
#10999 = DIRECTION ( 'NONE',  ( -1.000000000000000000, 5.872771121110819100E-049, -1.224606353822377300E-016 ) ) ;
#11000 = DIRECTION ( 'NONE',  ( 0.0000000000000000000, -1.000000000000000000, 0.0000000000000000000 ) ) ;
#11001 = CIRCLE ( 'NONE', #10983, 0.5079999999999997900 ) ;
#11002 = DIRECTION ( 'NONE',  ( 6.136470025924214300E-017, 0.9056715077564336800, 0.4239800939173772900 ) ) ;
#11003 = VECTOR ( 'NONE', #11002, 1000.000000000000100 ) ;
#11004 = CARTESIAN_POINT ( 'NONE',  ( 18.29956544611969300, 9.270145734898340700, 1.814302041637919000 ) ) ;
#11005 = LINE ( 'NONE', #11004, #11003 ) ;
#11006 = CARTESIAN_POINT ( 'NONE',  ( 12.38136544611969100, 11.48652165577457200, 2.290964128710460300 ) ) ;
#11007 = CARTESIAN_POINT ( 'NONE',  ( 19.06156544611969400, 3.790321655774572000, 2.035388484521808600 ) ) ;
#11008 = DIRECTION ( 'NONE',  ( -0.6644521835340653200, 0.6644521835340728700, -0.3420622627441022900 ) ) ;
#11009 = VECTOR ( 'NONE', #11008, 1000.000000000000200 ) ;
#11010 = CARTESIAN_POINT ( 'NONE',  ( 20.22434993225553200, 2.395019476056117600, 2.182330862957863700 ) ) ;
#11011 = LINE ( 'NONE', #11010, #11009 ) ;
#11012 = LINE ( 'NONE', #11022, #11021 ) ;
#11013 = DIRECTION ( 'NONE',  ( 0.0000000000000000000, 0.0000000000000000000, -1.000000000000000000 ) ) ;
#11014 = DIRECTION ( 'NONE',  ( 1.000000000000000000, -0.0000000000000000000, 0.0000000000000000000 ) ) ;
#11015 = AXIS2_PLACEMENT_3D ( 'NONE', #11036, #11014, #11013 ) ;
#11016 = CYLINDRICAL_SURFACE ( 'NONE', #11015, 3.682999999999999800 ) ;
#11017 = CARTESIAN_POINT ( 'NONE',  ( 19.06156544611969400, 9.054763847188317200, 2.274383167578187100 ) ) ;
#11018 = AXIS2_PLACEMENT_3D ( 'NONE', #11017, #11035, #11034 ) ;
#11019 = LINE ( 'NONE', #10790, #10906 ) ;
#11020 = DIRECTION ( 'NONE',  ( 0.0000000000000000000, 0.8891005170464086900, 0.4577119952413403200 ) ) ;
#11021 = VECTOR ( 'NONE', #11020, 1000.000000000000000 ) ;
#11022 = CARTESIAN_POINT ( 'NONE',  ( -6.338434553880310000, 1.708356347983652500, -4.552825029671815600 ) ) ;
#11023 =( NAMED_UNIT ( * ) PLANE_ANGLE_UNIT ( ) SI_UNIT ( $, .RADIAN. ) );
#11024 = CARTESIAN_POINT ( 'NONE',  ( 18.29956544611969000, 4.354504380899338200, 1.173581314121121500 ) ) ;
#11025 =( NAMED_UNIT ( * ) SI_UNIT ( $, .STERADIAN. ) SOLID_ANGLE_UNIT ( ) );
#11026 = UNCERTAINTY_MEASURE_WITH_UNIT (LENGTH_MEASURE( 1.000000000000000100E-005 ), #11028, 'distance_accuracy_value', 'NONE');
#11027 = CARTESIAN_POINT ( 'NONE',  ( 18.29956544611969000, 4.319803962191978800, 1.191445208672682100 ) ) ;
#11028 =( LENGTH_UNIT ( ) NAMED_UNIT ( * ) SI_UNIT ( .MILLI., .METRE. ) );
#11029 = AXIS2_PLACEMENT_3D ( 'NONE', #11066, #11042, #11056 ) ;
#11030 = CIRCLE ( 'NONE', #11029, 0.5080000000000000100 ) ;
#11031 = AXIS2_PLACEMENT_3D ( 'NONE', #11078, #11122, #11162 ) ;
#11032 = CYLINDRICAL_SURFACE ( 'NONE', #11018, 0.5079999999999993400 ) ;
#11033 =( GEOMETRIC_REPRESENTATION_CONTEXT ( 3 ) GLOBAL_UNCERTAINTY_ASSIGNED_CONTEXT ( ( #11026 ) ) GLOBAL_UNIT_ASSIGNED_CONTEXT ( ( #11028, #11023, #11025 ) ) REPRESENTATION_CONTEXT ( 'NONE', 'WORKASPACE' ) );
#11034 = DIRECTION ( 'NONE',  ( 0.0000000000000000000, 0.0000000000000000000, 1.000000000000000000 ) ) ;
#11035 = DIRECTION ( 'NONE',  ( -1.000000000000000000, 5.872771121110819100E-049, -1.224606353822377300E-016 ) ) ;
#11036 = CARTESIAN_POINT ( 'NONE',  ( -14.21243455388030900, 7.105539768064542000, -0.009894666055310932800 ) ) ;
#11037 =( LENGTH_UNIT ( ) NAMED_UNIT ( * ) SI_UNIT ( .MILLI., .METRE. ) );
#11038 = MECHANICAL_DESIGN_GEOMETRIC_PRESENTATION_REPRESENTATION (  '', ( #11063 ), #11043 ) ;
#11039 = PRESENTATION_STYLE_ASSIGNMENT (( #11040 ) ) ;
#11040 = SURFACE_STYLE_USAGE ( .BOTH. , #11055 ) ;
#11041 = FILL_AREA_STYLE_COLOUR ( '', #11053 ) ;
#11042 = DIRECTION ( 'NONE',  ( 1.000000000000000000, -5.872771121110819100E-049, 1.224606353822377300E-016 ) ) ;
#11043 =( GEOMETRIC_REPRESENTATION_CONTEXT ( 3 ) GLOBAL_UNCERTAINTY_ASSIGNED_CONTEXT ( ( #11064 ) ) GLOBAL_UNIT_ASSIGNED_CONTEXT ( ( #11037, #11060, #11065 ) ) REPRESENTATION_CONTEXT ( 'NONE', 'WORKASPACE' ) );
#11044 = PRESENTATION_LAYER_ASSIGNMENT (  '', '', ( #11046 ) ) ;
#11045 = FACE_OUTER_BOUND ( 'NONE', #5203, .T. ) ;
#11046 = STYLED_ITEM ( 'NONE', ( #11047 ), #3805 ) ;
#11047 = PRESENTATION_STYLE_ASSIGNMENT (( #11048 ) ) ;
#11048 = SURFACE_STYLE_USAGE ( .BOTH. , #11049 ) ;
#11049 = SURFACE_SIDE_STYLE ('',( #11050 ) ) ;
#11050 = SURFACE_STYLE_FILL_AREA ( #11051 ) ;
#11051 = FILL_AREA_STYLE ('',( #11057 ) ) ;
#11052 = COLOUR_RGB ( '',0.8313725490196077800, 0.8392156862745098200, 0.8274509803921568100 ) ;
#11053 = COLOUR_RGB ( '',0.8313725490196077800, 0.8392156862745098200, 0.8274509803921568100 ) ;
#11054 = SURFACE_STYLE_FILL_AREA ( #11061 ) ;
#11055 = SURFACE_SIDE_STYLE ('',( #11054 ) ) ;
#11056 = DIRECTION ( 'NONE',  ( 0.0000000000000000000, 0.0000000000000000000, -1.000000000000000000 ) ) ;
#11057 = FILL_AREA_STYLE_COLOUR ( '', #11052 ) ;
#11058 = FACE_OUTER_BOUND ( 'NONE', #3824, .T. ) ;
#11059 = CARTESIAN_POINT ( 'NONE',  ( -13.45043455388031000, 9.485527622608366000, -2.799854580541275300 ) ) ;
#11060 =( NAMED_UNIT ( * ) PLANE_ANGLE_UNIT ( ) SI_UNIT ( $, .RADIAN. ) );
#11061 = FILL_AREA_STYLE ('',( #11041 ) ) ;
#11062 = PRESENTATION_LAYER_ASSIGNMENT (  '', '', ( #11063 ) ) ;
#11063 = STYLED_ITEM ( 'NONE', ( #11039 ), #5202 ) ;
#11064 = UNCERTAINTY_MEASURE_WITH_UNIT (LENGTH_MEASURE( 1.000000000000000100E-005 ), #11037, 'distance_accuracy_value', 'NONE');
#11065 =( NAMED_UNIT ( * ) SI_UNIT ( $, .STERADIAN. ) SOLID_ANGLE_UNIT ( ) );
#11066 = CARTESIAN_POINT ( 'NONE',  ( 11.18756544611969200, 4.819539768064540700, 2.076907439440272000 ) ) ;
#11067 = UNCERTAINTY_MEASURE_WITH_UNIT (LENGTH_MEASURE( 1.000000000000000100E-005 ), #10797, 'distance_accuracy_value', 'NONE');
#11068 = DIRECTION ( 'NONE',  ( -5.605170175932631300E-017, -0.8891005170464085800, 0.4577119952413404300 ) ) ;
#11069 = CARTESIAN_POINT ( 'NONE',  ( -14.21243455388030900, 1.708356347983652500, -4.552825029671815600 ) ) ;
#11070 = AXIS2_PLACEMENT_3D ( 'NONE', #11069, #11077, #11076 ) ;
#11071 = PLANE ( 'NONE',  #11070 ) ;
#11072 = PLANE ( 'NONE',  #11088 ) ;
#11073 = DIRECTION ( 'NONE',  ( -1.088798142361792700E-016, 0.4577119952413404900, 0.8891005170464086900 ) ) ;
#11074 =( NAMED_UNIT ( * ) PLANE_ANGLE_UNIT ( ) SI_UNIT ( $, .RADIAN. ) );
#11075 = VECTOR ( 'NONE', #10795, 1000.000000000000000 ) ;
#11076 = DIRECTION ( 'NONE',  ( -0.0000000000000000000, -0.8891005170464086900, -0.4577119952413403700 ) ) ;
#11077 = DIRECTION ( 'NONE',  ( 0.0000000000000000000, 0.4577119952413403700, -0.8891005170464086900 ) ) ;
#11078 = CARTESIAN_POINT ( 'NONE',  ( 11.18756544611969200, 7.105539768064542000, -1.435738998788316700 ) ) ;
#11079 = CIRCLE ( 'NONE', #11031, 3.174999999999999800 ) ;
#11080 = CARTESIAN_POINT ( 'NONE',  ( 11.18756544611969200, 5.373721586246359600, 1.225356787748493700 ) ) ;
#11081 = DIRECTION ( 'NONE',  ( -1.000000000000000000, 5.872771121110819100E-049, -1.224606353822377300E-016 ) ) ;
#11082 = VECTOR ( 'NONE', #11081, 1000.000000000000000 ) ;
#11083 = CARTESIAN_POINT ( 'NONE',  ( 19.06156544611969400, 1.708356347983653000, 3.107191364828189300 ) ) ;
#11084 =( GEOMETRIC_REPRESENTATION_CONTEXT ( 3 ) GLOBAL_UNCERTAINTY_ASSIGNED_CONTEXT ( ( #11067 ) ) GLOBAL_UNIT_ASSIGNED_CONTEXT ( ( #10797, #11074, #11085 ) ) REPRESENTATION_CONTEXT ( 'NONE', 'WORKASPACE' ) );
#11085 =( NAMED_UNIT ( * ) SI_UNIT ( $, .STERADIAN. ) SOLID_ANGLE_UNIT ( ) );
#11086 = CARTESIAN_POINT ( 'NONE',  ( 19.06156544611969400, 4.587022074481939000, 1.625244376780697000 ) ) ;
#11087 = LINE ( 'NONE', #11086, #11082 ) ;
#11088 = AXIS2_PLACEMENT_3D ( 'NONE', #11083, #11073, #11068 ) ;
#11089 = SURFACE_STYLE_USAGE ( .BOTH. , #11090 ) ;
#11090 = SURFACE_SIDE_STYLE ('',( #11091 ) ) ;
#11091 = SURFACE_STYLE_FILL_AREA ( #11092 ) ;
#11092 = FILL_AREA_STYLE ('',( #11093 ) ) ;
#11093 = FILL_AREA_STYLE_COLOUR ( '', #11094 ) ;
#11094 = COLOUR_RGB ( '',0.8313725490196077800, 0.8392156862745098200, 0.8274509803921568100 ) ;
#11095 = DIRECTION ( 'NONE',  ( 0.0000000000000000000, 0.0000000000000000000, 1.000000000000000000 ) ) ;
#11096 = DIRECTION ( 'NONE',  ( 1.000000000000000000, -0.0000000000000000000, -0.0000000000000000000 ) ) ;
#11097 = AXIS2_PLACEMENT_3D ( 'NONE', #11104, #11096, #11095 ) ;
#11098 = LINE ( 'NONE', #11108, #11107 ) ;
#11099 = DIRECTION ( 'NONE',  ( 0.0000000000000000000, 0.0000000000000000000, 1.000000000000000000 ) ) ;
#11100 = DIRECTION ( 'NONE',  ( -1.000000000000000000, 0.0000000000000000000, 0.0000000000000000000 ) ) ;
#11101 = CIRCLE ( 'NONE', #11097, 3.174999999999999800 ) ;
#11102 = FACE_OUTER_BOUND ( 'NONE', #3819, .T. ) ;
#11103 = CIRCLE ( 'NONE', #11114, 3.174999999999999800 ) ;
#11104 = CARTESIAN_POINT ( 'NONE',  ( -6.338434553880310000, 7.105539768064542000, -0.009894666055310932800 ) ) ;
#11105 = CARTESIAN_POINT ( 'NONE',  ( -13.45043455388031000, 7.105539768064542000, -0.009894666055310932800 ) ) ;
#11106 = CIRCLE ( 'NONE', #11110, 3.175000000000059800 ) ;
#11107 = VECTOR ( 'NONE', #11121, 1000.000000000000000 ) ;
#11108 = CARTESIAN_POINT ( 'NONE',  ( -13.57743455388030900, 5.911739768064540700, -2.951912096323187300 ) ) ;
#11109 = CARTESIAN_POINT ( 'NONE',  ( -13.57743455388030900, 7.105539768064541100, -0.009894666055246748000 ) ) ;
#11110 = AXIS2_PLACEMENT_3D ( 'NONE', #11109, #11100, #11099 ) ;
#11111 =( NAMED_UNIT ( * ) PLANE_ANGLE_UNIT ( ) SI_UNIT ( $, .RADIAN. ) );
#11112 = DIRECTION ( 'NONE',  ( 0.0000000000000000000, 0.0000000000000000000, -1.000000000000000000 ) ) ;
#11113 = DIRECTION ( 'NONE',  ( 1.000000000000000000, -0.0000000000000000000, 0.0000000000000000000 ) ) ;
#11114 = AXIS2_PLACEMENT_3D ( 'NONE', #11105, #11113, #11112 ) ;
#11115 =( LENGTH_UNIT ( ) NAMED_UNIT ( * ) SI_UNIT ( .MILLI., .METRE. ) );
#11116 = MECHANICAL_DESIGN_GEOMETRIC_PRESENTATION_REPRESENTATION (  '', ( #11118 ), #11123 ) ;
#11117 = PRESENTATION_LAYER_ASSIGNMENT (  '', '', ( #11118 ) ) ;
#11118 = STYLED_ITEM ( 'NONE', ( #11119 ), #3818 ) ;
#11119 = PRESENTATION_STYLE_ASSIGNMENT (( #11089 ) ) ;
#11120 = CARTESIAN_POINT ( 'NONE',  ( -13.45043455388030800, 5.911739768064540700, -2.951912096323187300 ) ) ;
#11121 = DIRECTION ( 'NONE',  ( 1.000000000000000000, -0.0000000000000000000, 0.0000000000000000000 ) ) ;
#11122 = DIRECTION ( 'NONE',  ( -1.000000000000000000, 5.872771121110819100E-049, -1.224606353822377300E-016 ) ) ;
#11123 =( GEOMETRIC_REPRESENTATION_CONTEXT ( 3 ) GLOBAL_UNCERTAINTY_ASSIGNED_CONTEXT ( ( #11124 ) ) GLOBAL_UNIT_ASSIGNED_CONTEXT ( ( #11115, #11111, #11126 ) ) REPRESENTATION_CONTEXT ( 'NONE', 'WORKASPACE' ) );
#11124 = UNCERTAINTY_MEASURE_WITH_UNIT (LENGTH_MEASURE( 1.000000000000000100E-005 ), #11115, 'distance_accuracy_value', 'NONE');
#11125 = SURFACE_SIDE_STYLE ('',( #11136 ) ) ;
#11126 =( NAMED_UNIT ( * ) SI_UNIT ( $, .STERADIAN. ) SOLID_ANGLE_UNIT ( ) );
#11127 = STYLED_ITEM ( 'NONE', ( #11198 ), #5214 ) ;
#11128 = UNCERTAINTY_MEASURE_WITH_UNIT (LENGTH_MEASURE( 1.000000000000000100E-005 ), #11152, 'distance_accuracy_value', 'NONE');
#11129 =( NAMED_UNIT ( * ) SI_UNIT ( $, .STERADIAN. ) SOLID_ANGLE_UNIT ( ) );
#11130 = DIRECTION ( 'NONE',  ( 0.0000000000000000000, 0.0000000000000000000, 1.000000000000000000 ) ) ;
#11131 = DIRECTION ( 'NONE',  ( -1.000000000000000000, 5.872771121110819100E-049, -1.224606353822377300E-016 ) ) ;
#11132 = FILL_AREA_STYLE_COLOUR ( '', #11193 ) ;
#11133 = CARTESIAN_POINT ( 'NONE',  ( -14.21243455388030900, 9.054763847188317200, -3.720016832421813900 ) ) ;
#11134 = AXIS2_PLACEMENT_3D ( 'NONE', #11133, #11196, #11195 ) ;
#11135 =( NAMED_UNIT ( * ) SI_UNIT ( $, .STERADIAN. ) SOLID_ANGLE_UNIT ( ) );
#11136 = SURFACE_STYLE_FILL_AREA ( #11197 ) ;
#11137 =( NAMED_UNIT ( * ) PLANE_ANGLE_UNIT ( ) SI_UNIT ( $, .RADIAN. ) );
#11138 =( LENGTH_UNIT ( ) NAMED_UNIT ( * ) SI_UNIT ( .MILLI., .METRE. ) );
#11139 = MECHANICAL_DESIGN_GEOMETRIC_PRESENTATION_REPRESENTATION (  '', ( #11141 ), #11170 ) ;
#11140 = PRESENTATION_LAYER_ASSIGNMENT (  '', '', ( #11141 ) ) ;
#11141 = STYLED_ITEM ( 'NONE', ( #11142 ), #3830 ) ;
#11142 = PRESENTATION_STYLE_ASSIGNMENT (( #11143 ) ) ;
#11143 = SURFACE_STYLE_USAGE ( .BOTH. , #11144 ) ;
#11144 = SURFACE_SIDE_STYLE ('',( #11146 ) ) ;
#11145 =( GEOMETRIC_REPRESENTATION_CONTEXT ( 3 ) GLOBAL_UNCERTAINTY_ASSIGNED_CONTEXT ( ( #11173 ) ) GLOBAL_UNIT_ASSIGNED_CONTEXT ( ( #11191, #11182, #11135 ) ) REPRESENTATION_CONTEXT ( 'NONE', 'WORKASPACE' ) );
#11146 = SURFACE_STYLE_FILL_AREA ( #11180 ) ;
#11147 = FACE_BOUND ( 'NONE', #5219, .T. ) ;
#11148 = SURFACE_STYLE_USAGE ( .BOTH. , #11125 ) ;
#11149 = PLANE ( 'NONE',  #11151 ) ;
#11150 = UNCERTAINTY_MEASURE_WITH_UNIT (LENGTH_MEASURE( 1.000000000000000100E-005 ), #11322, 'distance_accuracy_value', 'NONE');
#11151 = AXIS2_PLACEMENT_3D ( 'NONE', #10798, #10793, #10794 ) ;
#11152 =( LENGTH_UNIT ( ) NAMED_UNIT ( * ) SI_UNIT ( .MILLI., .METRE. ) );
#11153 = MECHANICAL_DESIGN_GEOMETRIC_PRESENTATION_REPRESENTATION (  '', ( #11155 ), #11233 ) ;
#11154 = PRESENTATION_LAYER_ASSIGNMENT (  '', '', ( #11155 ) ) ;
#11155 = STYLED_ITEM ( 'NONE', ( #11156 ), #5218 ) ;
#11156 = PRESENTATION_STYLE_ASSIGNMENT (( #11163 ) ) ;
#11157 =( NAMED_UNIT ( * ) PLANE_ANGLE_UNIT ( ) SI_UNIT ( $, .RADIAN. ) );
#11158 = CYLINDRICAL_SURFACE ( 'NONE', #11134, 1.015999999999999100 ) ;
#11159 = FACE_OUTER_BOUND ( 'NONE', #5317, .T. ) ;
#11160 = UNCERTAINTY_MEASURE_WITH_UNIT (LENGTH_MEASURE( 1.000000000000000100E-005 ), #11138, 'distance_accuracy_value', 'NONE');
#11161 =( NAMED_UNIT ( * ) SI_UNIT ( $, .STERADIAN. ) SOLID_ANGLE_UNIT ( ) );
#11162 = DIRECTION ( 'NONE',  ( 0.0000000000000000000, 0.0000000000000000000, -1.000000000000000000 ) ) ;
#11163 = SURFACE_STYLE_USAGE ( .BOTH. , #11164 ) ;
#11164 = SURFACE_SIDE_STYLE ('',( #11165 ) ) ;
#11165 = SURFACE_STYLE_FILL_AREA ( #11166 ) ;
#11166 = FILL_AREA_STYLE ('',( #11185 ) ) ;
#11167 = COLOUR_RGB ( '',0.8313725490196077800, 0.8392156862745098200, 0.8274509803921568100 ) ;
#11168 = FACE_BOUND ( 'NONE', #5233, .T. ) ;
#11169 = FACE_OUTER_BOUND ( 'NONE', #5257, .T. ) ;
#11170 =( GEOMETRIC_REPRESENTATION_CONTEXT ( 3 ) GLOBAL_UNCERTAINTY_ASSIGNED_CONTEXT ( ( #11160 ) ) GLOBAL_UNIT_ASSIGNED_CONTEXT ( ( #11138, #11157, #11161 ) ) REPRESENTATION_CONTEXT ( 'NONE', 'WORKASPACE' ) );
#11171 = MECHANICAL_DESIGN_GEOMETRIC_PRESENTATION_REPRESENTATION (  '', ( #11127 ), #11145 ) ;
#11172 = PRESENTATION_LAYER_ASSIGNMENT (  '', '', ( #11127 ) ) ;
#11173 = UNCERTAINTY_MEASURE_WITH_UNIT (LENGTH_MEASURE( 1.000000000000000100E-005 ), #11191, 'distance_accuracy_value', 'NONE');
#11174 = FILL_AREA_STYLE_COLOUR ( '', #11175 ) ;
#11175 = COLOUR_RGB ( '',0.8313725490196077800, 0.8392156862745098200, 0.8274509803921568100 ) ;
#11176 = FACE_OUTER_BOUND ( 'NONE', #3831, .T. ) ;
#11177 = DIRECTION ( 'NONE',  ( -0.0000000000000000000, -1.000000000000000000, -8.145418329732895100E-016 ) ) ;
#11178 = VECTOR ( 'NONE', #11177, 1000.000000000000000 ) ;
#11179 = CARTESIAN_POINT ( 'NONE',  ( -14.21243455388030900, 0.4761397680645406700, -3.491416832421812900 ) ) ;
#11180 = FILL_AREA_STYLE ('',( #11174 ) ) ;
#11181 = CARTESIAN_POINT ( 'NONE',  ( 19.06156544611969400, 9.054763847188317200, 2.274383167578187100 ) ) ;
#11182 =( NAMED_UNIT ( * ) PLANE_ANGLE_UNIT ( ) SI_UNIT ( $, .RADIAN. ) );
#11183 = CYLINDRICAL_SURFACE ( 'NONE', #11190, 1.015999999999999600 ) ;
#11184 = CARTESIAN_POINT ( 'NONE',  ( 18.29956544611969000, 5.373721586246359600, 1.225356787748494500 ) ) ;
#11185 = FILL_AREA_STYLE_COLOUR ( '', #11167 ) ;
#11186 = DIRECTION ( 'NONE',  ( -1.000000000000000000, 5.872771121110819100E-049, -1.224606353822377300E-016 ) ) ;
#11187 = VECTOR ( 'NONE', #11186, 1000.000000000000000 ) ;
#11188 = CARTESIAN_POINT ( 'NONE',  ( 19.06156544611969400, 4.354504380899338200, 1.173581314121121800 ) ) ;
#11189 = LINE ( 'NONE', #11188, #11187 ) ;
#11190 = AXIS2_PLACEMENT_3D ( 'NONE', #11181, #11131, #11130 ) ;
#11191 =( LENGTH_UNIT ( ) NAMED_UNIT ( * ) SI_UNIT ( .MILLI., .METRE. ) );
#11192 = CARTESIAN_POINT ( 'NONE',  ( -6.338434553880310000, -0.03186023193545910200, 2.045783167578186100 ) ) ;
#11193 = COLOUR_RGB ( '',0.8313725490196077800, 0.8392156862745098200, 0.8274509803921568100 ) ;
#11194 = LINE ( 'NONE', #11179, #11178 ) ;
#11195 = DIRECTION ( 'NONE',  ( 0.0000000000000000000, 0.0000000000000000000, -1.000000000000000000 ) ) ;
#11196 = DIRECTION ( 'NONE',  ( 1.000000000000000000, -0.0000000000000000000, 0.0000000000000000000 ) ) ;
#11197 = FILL_AREA_STYLE ('',( #11132 ) ) ;
#11198 = PRESENTATION_STYLE_ASSIGNMENT (( #11148 ) ) ;
#11199 = CARTESIAN_POINT ( 'NONE',  ( 11.18756544611969200, 1.475838654401052200, 2.655528302168613100 ) ) ;
#11200 = DIRECTION ( 'NONE',  ( 0.0000000000000000000, 0.0000000000000000000, -1.000000000000000000 ) ) ;
#11201 = DIRECTION ( 'NONE',  ( 1.672644977144129700E-016, 0.8891005170464085800, -0.4577119952413404300 ) ) ;
#11202 = DIRECTION ( 'NONE',  ( 5.605170175932631300E-017, 0.8891005170464086900, -0.4577119952413404300 ) ) ;
#11203 = VECTOR ( 'NONE', #11201, 1000.000000000000100 ) ;
#11204 = CARTESIAN_POINT ( 'NONE',  ( 18.29956544611969000, 1.708356347983653000, 3.107191364828189300 ) ) ;
#11205 = LINE ( 'NONE', #11199, #11229 ) ;
#11206 = AXIS2_PLACEMENT_3D ( 'NONE', #11232, #11237, #11252 ) ;
#11207 = CARTESIAN_POINT ( 'NONE',  ( 18.29956544611969000, 5.911739768064540700, 1.506278431479560500 ) ) ;
#11208 = DIRECTION ( 'NONE',  ( 1.000000000000000000, -5.872771121110819100E-049, 1.224606353822377300E-016 ) ) ;
#11209 = VECTOR ( 'NONE', #11226, 1000.000000000000100 ) ;
#11210 = CARTESIAN_POINT ( 'NONE',  ( 14.61676356689024200, 13.29567615453870700, 3.698809559837756400 ) ) ;
#11211 = LINE ( 'NONE', #11210, #11209 ) ;
#11212 = CARTESIAN_POINT ( 'NONE',  ( 18.29956544611969000, 7.105539768064542000, -1.435738998788315800 ) ) ;
#11213 = CIRCLE ( 'NONE', #11206, 3.175000000000059800 ) ;
#11214 = VECTOR ( 'NONE', #11249, 1000.000000000000200 ) ;
#11215 = CARTESIAN_POINT ( 'NONE',  ( 20.22434993225553200, 2.627537169638718400, 2.633993925617439400 ) ) ;
#11216 = LINE ( 'NONE', #11215, #11214 ) ;
#11217 = CARTESIAN_POINT ( 'NONE',  ( 18.29956544611969000, 4.552321655774579600, 1.643108271332257300 ) ) ;
#11218 = CARTESIAN_POINT ( 'NONE',  ( 19.06156544611969400, 1.475838654401052200, 2.655528302168614000 ) ) ;
#11219 = LINE ( 'NONE', #11218, #11285 ) ;
#11220 = DIRECTION ( 'NONE',  ( 5.605170175932631300E-017, -0.8891005170464086900, -0.4577119952413403700 ) ) ;
#11221 = VECTOR ( 'NONE', #11220, 1000.000000000000000 ) ;
#11222 = CARTESIAN_POINT ( 'NONE',  ( 18.29956544611969000, 1.475838654401051800, -4.101161967012239500 ) ) ;
#11223 = LINE ( 'NONE', #11222, #11221 ) ;
#11224 = AXIS2_PLACEMENT_3D ( 'NONE', #11212, #11227, #11235 ) ;
#11225 = LINE ( 'NONE', #11240, #11239 ) ;
#11226 = DIRECTION ( 'NONE',  ( -0.7071067811865476800, -0.6404064646620188900, -0.2997991994970867800 ) ) ;
#11227 = DIRECTION ( 'NONE',  ( -1.000000000000000000, 5.872771121110819100E-049, -1.224606353822377300E-016 ) ) ;
#11228 = DIRECTION ( 'NONE',  ( -1.224606353822377300E-016, 3.916066504679276500E-017, 1.000000000000000000 ) ) ;
#11229 = VECTOR ( 'NONE', #11202, 1000.000000000000000 ) ;
#11230 =( LENGTH_UNIT ( ) NAMED_UNIT ( * ) SI_UNIT ( .MILLI., .METRE. ) );
#11231 = CARTESIAN_POINT ( 'NONE',  ( 11.18756544611969200, 9.054763847188317200, 2.274383167578186300 ) ) ;
#11232 = CARTESIAN_POINT ( 'NONE',  ( 18.42656544611968900, 7.105539768064541100, -1.435738998788379700 ) ) ;
#11233 =( GEOMETRIC_REPRESENTATION_CONTEXT ( 3 ) GLOBAL_UNCERTAINTY_ASSIGNED_CONTEXT ( ( #11128 ) ) GLOBAL_UNIT_ASSIGNED_CONTEXT ( ( #11152, #11137, #11129 ) ) REPRESENTATION_CONTEXT ( 'NONE', 'WORKASPACE' ) );
#11234 = DIRECTION ( 'NONE',  ( -1.000000000000000000, 5.872771121110819100E-049, -1.224606353822377300E-016 ) ) ;
#11235 = DIRECTION ( 'NONE',  ( 0.0000000000000000000, 0.0000000000000000000, 1.000000000000000000 ) ) ;
#11236 = DIRECTION ( 'NONE',  ( -4.795639923621230800E-033, -1.000000000000000000, 3.916066504679276500E-017 ) ) ;
#11237 = DIRECTION ( 'NONE',  ( 1.000000000000000000, -5.872771121110819100E-049, 1.224606353822377300E-016 ) ) ;
#11238 = DIRECTION ( 'NONE',  ( -5.192087169054284700E-017, 0.9056715077564336800, 0.4239800939173772900 ) ) ;
#11239 = VECTOR ( 'NONE', #11238, 1000.000000000000100 ) ;
#11240 = CARTESIAN_POINT ( 'NONE',  ( 11.18756544611969200, 9.485527622608367800, 1.354220915697649900 ) ) ;
#11241 = CARTESIAN_POINT ( 'NONE',  ( 19.06156544611969400, -0.03186023193545909500, 2.045783167578187500 ) ) ;
#11242 = LINE ( 'NONE', #11241, #11243 ) ;
#11243 = VECTOR ( 'NONE', #11228, 1000.000000000000000 ) ;
#11244 = AXIS2_PLACEMENT_3D ( 'NONE', #11231, #11208, #11200 ) ;
#11245 = CIRCLE ( 'NONE', #11224, 3.174999999999999800 ) ;
#11246 = CIRCLE ( 'NONE', #11244, 1.015999999999999300 ) ;
#11247 = PLANE ( 'NONE',  #11250 ) ;
#11248 = LINE ( 'NONE', #11204, #11203 ) ;
#11249 = DIRECTION ( 'NONE',  ( -0.6644521835340653200, 0.6644521835340728700, -0.3420622627441022900 ) ) ;
#11250 = AXIS2_PLACEMENT_3D ( 'NONE', #11251, #11236, #11234 ) ;
#11251 = CARTESIAN_POINT ( 'NONE',  ( 19.06156544611969400, -0.03186023193545909500, 2.045783167578187500 ) ) ;
#11252 = DIRECTION ( 'NONE',  ( 0.0000000000000000000, 0.0000000000000000000, -1.000000000000000000 ) ) ;
#11253 = DIRECTION ( 'NONE',  ( 0.0000000000000000000, 0.0000000000000000000, 1.000000000000000000 ) ) ;
#11254 = DIRECTION ( 'NONE',  ( -1.000000000000000000, 5.872771121110819100E-049, -1.224606353822377300E-016 ) ) ;
#11255 = CARTESIAN_POINT ( 'NONE',  ( 19.06156544611969400, 7.105539768064542000, -0.009894666055310389800 ) ) ;
#11256 = AXIS2_PLACEMENT_3D ( 'NONE', #11255, #11254, #11253 ) ;
#11257 = CARTESIAN_POINT ( 'NONE',  ( 19.06156544611969400, 3.557803962191971300, 1.583725421862233400 ) ) ;
#11258 = MECHANICAL_DESIGN_GEOMETRIC_PRESENTATION_REPRESENTATION (  '', ( #11260 ), #11310 ) ;
#11259 = PRESENTATION_LAYER_ASSIGNMENT (  '', '', ( #11260 ) ) ;
#11260 = STYLED_ITEM ( 'NONE', ( #11261 ), #5252 ) ;
#11261 = PRESENTATION_STYLE_ASSIGNMENT (( #11262 ) ) ;
#11262 = SURFACE_STYLE_USAGE ( .BOTH. , #11263 ) ;
#11263 = SURFACE_SIDE_STYLE ('',( #11264 ) ) ;
#11264 = SURFACE_STYLE_FILL_AREA ( #11265 ) ;
#11265 = FILL_AREA_STYLE ('',( #11266 ) ) ;
#11266 = FILL_AREA_STYLE_COLOUR ( '', #11280 ) ;
#11267 =( NAMED_UNIT ( * ) PLANE_ANGLE_UNIT ( ) SI_UNIT ( $, .RADIAN. ) );
#11268 =( LENGTH_UNIT ( ) NAMED_UNIT ( * ) SI_UNIT ( .MILLI., .METRE. ) );
#11269 =( GEOMETRIC_REPRESENTATION_CONTEXT ( 3 ) GLOBAL_UNCERTAINTY_ASSIGNED_CONTEXT ( ( #11270 ) ) GLOBAL_UNIT_ASSIGNED_CONTEXT ( ( #11282, #11294, #11293 ) ) REPRESENTATION_CONTEXT ( 'NONE', 'WORKASPACE' ) );
#11270 = UNCERTAINTY_MEASURE_WITH_UNIT (LENGTH_MEASURE( 1.000000000000000100E-005 ), #11282, 'distance_accuracy_value', 'NONE');
#11271 = PRESENTATION_LAYER_ASSIGNMENT (  '', '', ( #11272 ) ) ;
#11272 = STYLED_ITEM ( 'NONE', ( #11273 ), #5251 ) ;
#11273 = PRESENTATION_STYLE_ASSIGNMENT (( #11289 ) ) ;
#11274 =( GEOMETRIC_REPRESENTATION_CONTEXT ( 3 ) GLOBAL_UNCERTAINTY_ASSIGNED_CONTEXT ( ( #11150 ) ) GLOBAL_UNIT_ASSIGNED_CONTEXT ( ( #11322, #11319, #10844 ) ) REPRESENTATION_CONTEXT ( 'NONE', 'WORKASPACE' ) );
#11275 = DIRECTION ( 'NONE',  ( -1.000000000000000000, 5.872771121110819100E-049, -1.224606353822377300E-016 ) ) ;
#11276 = CARTESIAN_POINT ( 'NONE',  ( 11.18756544611969200, 7.105539768064542000, -0.009894666055311366500 ) ) ;
#11277 = AXIS2_PLACEMENT_3D ( 'NONE', #11276, #11275, #11288 ) ;
#11278 = CIRCLE ( 'NONE', #11277, 3.174999999999999800 ) ;
#11279 = CYLINDRICAL_SURFACE ( 'NONE', #11256, 3.174999999999999800 ) ;
#11280 = COLOUR_RGB ( '',0.8313725490196077800, 0.8392156862745098200, 0.8274509803921568100 ) ;
#11281 = FACE_OUTER_BOUND ( 'NONE', #5253, .T. ) ;
#11282 =( LENGTH_UNIT ( ) NAMED_UNIT ( * ) SI_UNIT ( .MILLI., .METRE. ) );
#11283 = MECHANICAL_DESIGN_GEOMETRIC_PRESENTATION_REPRESENTATION (  '', ( #11272 ), #11269 ) ;
#11284 = DIRECTION ( 'NONE',  ( 5.605170175932631300E-017, 0.8891005170464086900, -0.4577119952413404300 ) ) ;
#11285 = VECTOR ( 'NONE', #11284, 1000.000000000000000 ) ;
#11286 = FILL_AREA_STYLE_COLOUR ( '', #11287 ) ;
#11287 = COLOUR_RGB ( '',0.8313725490196077800, 0.8392156862745098200, 0.8274509803921568100 ) ;
#11288 = DIRECTION ( 'NONE',  ( 0.0000000000000000000, 0.0000000000000000000, -1.000000000000000000 ) ) ;
#11289 = SURFACE_STYLE_USAGE ( .BOTH. , #11290 ) ;
#11290 = SURFACE_SIDE_STYLE ('',( #11291 ) ) ;
#11291 = SURFACE_STYLE_FILL_AREA ( #11292 ) ;
#11292 = FILL_AREA_STYLE ('',( #11286 ) ) ;
#11293 =( NAMED_UNIT ( * ) SI_UNIT ( $, .STERADIAN. ) SOLID_ANGLE_UNIT ( ) );
#11294 =( NAMED_UNIT ( * ) PLANE_ANGLE_UNIT ( ) SI_UNIT ( $, .RADIAN. ) );
#11295 = FACE_OUTER_BOUND ( 'NONE', #5074, .T. ) ;
#11296 = DIRECTION ( 'NONE',  ( -1.224606353822377300E-016, 3.916066504679276500E-017, 1.000000000000000000 ) ) ;
#11297 = VECTOR ( 'NONE', #11296, 1000.000000000000000 ) ;
#11298 = CARTESIAN_POINT ( 'NONE',  ( 11.18756544611969200, -0.03186023193545909500, 2.045783167578186600 ) ) ;
#11299 = LINE ( 'NONE', #11298, #11297 ) ;
#11300 = DIRECTION ( 'NONE',  ( -1.109091082874423700E-016, 0.4239800939173727900, 0.9056715077564357900 ) ) ;
#11301 = VECTOR ( 'NONE', #11300, 1000.000000000000100 ) ;
#11302 = DIRECTION ( 'NONE',  ( 1.000000000000000000, -0.0000000000000000000, 0.0000000000000000000 ) ) ;
#11303 = CARTESIAN_POINT ( 'NONE',  ( -6.338434553880310000, 1.161939768064541100, 2.045783167578186600 ) ) ;
#11304 = AXIS2_PLACEMENT_3D ( 'NONE', #11303, #11302, #10799 ) ;
#11305 = CIRCLE ( 'NONE', #11304, 1.193800000000000000 ) ;
#11306 = CARTESIAN_POINT ( 'NONE',  ( 11.18756544611969200, -0.03186023193545931000, -3.491416832421812900 ) ) ;
#11307 = AXIS2_PLACEMENT_3D ( 'NONE', #11309, #11308, #11318 ) ;
#11308 = DIRECTION ( 'NONE',  ( 1.000000000000000000, -6.842277657836020900E-049, 1.224606353822377300E-016 ) ) ;
#11309 = CARTESIAN_POINT ( 'NONE',  ( 19.06156544611969400, 1.708356347983653000, 3.107191364828189300 ) ) ;
#11310 =( GEOMETRIC_REPRESENTATION_CONTEXT ( 3 ) GLOBAL_UNCERTAINTY_ASSIGNED_CONTEXT ( ( #11315 ) ) GLOBAL_UNIT_ASSIGNED_CONTEXT ( ( #11268, #11267, #11312 ) ) REPRESENTATION_CONTEXT ( 'NONE', 'WORKASPACE' ) );
#11311 = PLANE ( 'NONE',  #11307 ) ;
#11312 =( NAMED_UNIT ( * ) SI_UNIT ( $, .STERADIAN. ) SOLID_ANGLE_UNIT ( ) );
#11313 = CARTESIAN_POINT ( 'NONE',  ( 11.18756544611969200, 9.270145734898340700, -3.259935706481546200 ) ) ;
#11314 = LINE ( 'NONE', #11313, #11301 ) ;
#11315 = UNCERTAINTY_MEASURE_WITH_UNIT (LENGTH_MEASURE( 1.000000000000000100E-005 ), #11268, 'distance_accuracy_value', 'NONE');
#11316 = CYLINDRICAL_SURFACE ( 'NONE', #11564, 1.181100000000000000 ) ;
#11317 =( GEOMETRIC_REPRESENTATION_CONTEXT ( 3 ) GLOBAL_UNCERTAINTY_ASSIGNED_CONTEXT ( ( #11643 ) ) GLOBAL_UNIT_ASSIGNED_CONTEXT ( ( #11674, #11645, #11644 ) ) REPRESENTATION_CONTEXT ( 'NONE', 'WORKASPACE' ) );
#11318 = DIRECTION ( 'NONE',  ( 1.224606353822377300E-016, -3.916066504679276500E-017, -1.000000000000000000 ) ) ;
#11319 =( NAMED_UNIT ( * ) PLANE_ANGLE_UNIT ( ) SI_UNIT ( $, .RADIAN. ) );
#11320 = SURFACE_STYLE_FILL_AREA ( #11321 ) ;
#11321 = FILL_AREA_STYLE ('',( #11336 ) ) ;
#11322 =( LENGTH_UNIT ( ) NAMED_UNIT ( * ) SI_UNIT ( .MILLI., .METRE. ) );
#11323 = MECHANICAL_DESIGN_GEOMETRIC_PRESENTATION_REPRESENTATION (  '', ( #11325 ), #11274 ) ;
#11324 = PRESENTATION_LAYER_ASSIGNMENT (  '', '', ( #11325 ) ) ;
#11325 = STYLED_ITEM ( 'NONE', ( #11326 ), #3839 ) ;
#11326 = PRESENTATION_STYLE_ASSIGNMENT (( #11327 ) ) ;
#11327 = SURFACE_STYLE_USAGE ( .BOTH. , #11343 ) ;
#11328 = AXIS2_PLACEMENT_3D ( 'NONE', #11342, #11341, #11340 ) ;
#11329 = CIRCLE ( 'NONE', #11328, 1.714500000000000800 ) ;
#11330 = COLOUR_RGB ( '',0.8313725490196077800, 0.8392156862745098200, 0.8274509803921568100 ) ;
#11331 = FACE_BOUND ( 'NONE', #5457, .T. ) ;
#11332 = FACE_BOUND ( 'NONE', #5265, .T. ) ;
#11333 =( NAMED_UNIT ( * ) SI_UNIT ( $, .STERADIAN. ) SOLID_ANGLE_UNIT ( ) );
#11334 =( GEOMETRIC_REPRESENTATION_CONTEXT ( 3 ) GLOBAL_UNCERTAINTY_ASSIGNED_CONTEXT ( ( #11335 ) ) GLOBAL_UNIT_ASSIGNED_CONTEXT ( ( #11339, #11338, #11333 ) ) REPRESENTATION_CONTEXT ( 'NONE', 'WORKASPACE' ) );
#11335 = UNCERTAINTY_MEASURE_WITH_UNIT (LENGTH_MEASURE( 1.000000000000000100E-005 ), #11339, 'distance_accuracy_value', 'NONE');
#11336 = FILL_AREA_STYLE_COLOUR ( '', #11330 ) ;
#11337 = FACE_OUTER_BOUND ( 'NONE', #5434, .T. ) ;
#11338 =( NAMED_UNIT ( * ) PLANE_ANGLE_UNIT ( ) SI_UNIT ( $, .RADIAN. ) );
#11339 =( LENGTH_UNIT ( ) NAMED_UNIT ( * ) SI_UNIT ( .MILLI., .METRE. ) );
#11340 = DIRECTION ( 'NONE',  ( 1.000000000000000000, 0.0000000000000000000, 1.264744441511232200E-016 ) ) ;
#11341 = DIRECTION ( 'NONE',  ( 6.162975822039154700E-033, 1.000000000000000000, -3.916066504679276500E-017 ) ) ;
#11342 = CARTESIAN_POINT ( 'NONE',  ( 15.14996544611969000, -0.03186023193545920600, -0.7228168324218136000 ) ) ;
#11343 = SURFACE_SIDE_STYLE ('',( #11344 ) ) ;
#11344 = SURFACE_STYLE_FILL_AREA ( #11345 ) ;
#11345 = FILL_AREA_STYLE ('',( #11356 ) ) ;
#11346 = COLOUR_RGB ( '',0.8313725490196077800, 0.8392156862745098200, 0.8274509803921568100 ) ;
#11347 = DIRECTION ( 'NONE',  ( -1.000000000000000000, 0.0000000000000000000, 0.0000000000000000000 ) ) ;
#11348 = DIRECTION ( 'NONE',  ( 0.0000000000000000000, 1.000000000000000000, -3.916066504679277800E-017 ) ) ;
#11349 = CARTESIAN_POINT ( 'NONE',  ( -10.30083455388031100, 0.4761397680645407800, -0.7228168324218127200 ) ) ;
#11350 = AXIS2_PLACEMENT_3D ( 'NONE', #11349, #11348, #11347 ) ;
#11351 = CIRCLE ( 'NONE', #11350, 1.714500000000000800 ) ;
#11352 = STYLED_ITEM ( 'NONE', ( #11353 ), #5264 ) ;
#11353 = PRESENTATION_STYLE_ASSIGNMENT (( #11354 ) ) ;
#11354 = SURFACE_STYLE_USAGE ( .BOTH. , #11355 ) ;
#11355 = SURFACE_SIDE_STYLE ('',( #11320 ) ) ;
#11356 = FILL_AREA_STYLE_COLOUR ( '', #11346 ) ;
#11357 = FACE_OUTER_BOUND ( 'NONE', #3840, .T. ) ;
#11358 = MECHANICAL_DESIGN_GEOMETRIC_PRESENTATION_REPRESENTATION (  '', ( #11352 ), #11334 ) ;
#11359 = PRESENTATION_LAYER_ASSIGNMENT (  '', '', ( #11352 ) ) ;
#11360 = FILL_AREA_STYLE_COLOUR ( '', #11365 ) ;
#11361 =( NAMED_UNIT ( * ) SI_UNIT ( $, .STERADIAN. ) SOLID_ANGLE_UNIT ( ) );
#11362 = DIRECTION ( 'NONE',  ( -4.795639923621230800E-033, -1.000000000000000000, 3.916066504679276500E-017 ) ) ;
#11363 = CARTESIAN_POINT ( 'NONE',  ( -6.338434553880310000, 9.270145734898340700, 1.814302041637918700 ) ) ;
#11364 = FACE_OUTER_BOUND ( 'NONE', #5273, .T. ) ;
#11365 = COLOUR_RGB ( '',0.8313725490196077800, 0.8392156862745098200, 0.8274509803921568100 ) ;
#11366 = VECTOR ( 'NONE', #11417, 1000.000000000000000 ) ;
#11367 = CARTESIAN_POINT ( 'NONE',  ( 19.06156544611969400, 0.4761397680645408900, 2.045783167578187500 ) ) ;
#11368 = AXIS2_PLACEMENT_3D ( 'NONE', #11367, #11362, #11434 ) ;
#11369 = PLANE ( 'NONE',  #11384 ) ;
#11370 = DIRECTION ( 'NONE',  ( 1.000000000000000000, 0.0000000000000000000, 0.0000000000000000000 ) ) ;
#11371 = LINE ( 'NONE', #11430, #11366 ) ;
#11372 = PRESENTATION_STYLE_ASSIGNMENT (( #11373 ) ) ;
#11373 = SURFACE_STYLE_USAGE ( .BOTH. , #11374 ) ;
#11374 = SURFACE_SIDE_STYLE ('',( #11375 ) ) ;
#11375 = SURFACE_STYLE_FILL_AREA ( #11376 ) ;
#11376 = FILL_AREA_STYLE ('',( #11360 ) ) ;
#11377 = LINE ( 'NONE', #11363, #11413 ) ;
#11378 = CARTESIAN_POINT ( 'NONE',  ( -6.338434553880310000, 9.270145734898340700, 1.814302041637918700 ) ) ;
#11379 = DIRECTION ( 'NONE',  ( -1.000000000000000000, 5.872771121110819100E-049, -1.224606353822377300E-016 ) ) ;
#11380 = VECTOR ( 'NONE', #11379, 1000.000000000000000 ) ;
#11381 = CARTESIAN_POINT ( 'NONE',  ( 19.06156544611969400, 9.270145734898340700, 1.814302041637917900 ) ) ;
#11382 = LINE ( 'NONE', #11381, #11380 ) ;
#11383 =( GEOMETRIC_REPRESENTATION_CONTEXT ( 3 ) GLOBAL_UNCERTAINTY_ASSIGNED_CONTEXT ( ( #11396 ) ) GLOBAL_UNIT_ASSIGNED_CONTEXT ( ( #11427, #11399, #11398 ) ) REPRESENTATION_CONTEXT ( 'NONE', 'WORKASPACE' ) );
#11384 = AXIS2_PLACEMENT_3D ( 'NONE', #11378, #11370, #11388 ) ;
#11385 =( NAMED_UNIT ( * ) SI_UNIT ( $, .STERADIAN. ) SOLID_ANGLE_UNIT ( ) );
#11386 =( NAMED_UNIT ( * ) PLANE_ANGLE_UNIT ( ) SI_UNIT ( $, .RADIAN. ) );
#11387 = CARTESIAN_POINT ( 'NONE',  ( -13.45043455388031000, 4.354504380899338200, -2.619214978964747900 ) ) ;
#11388 = DIRECTION ( 'NONE',  ( 0.0000000000000000000, -3.916066504679277800E-017, -1.000000000000000000 ) ) ;
#11389 = CARTESIAN_POINT ( 'NONE',  ( 17.10576544611969000, 11.27113976806454300, 2.751045254650729800 ) ) ;
#11390 = DIRECTION ( 'NONE',  ( 5.605170175932631300E-017, 0.8891005170464085800, -0.4577119952413404300 ) ) ;
#11391 = VECTOR ( 'NONE', #11390, 1000.000000000000100 ) ;
#11392 = CARTESIAN_POINT ( 'NONE',  ( 18.29956544611969000, 1.475838654401052200, 2.655528302168614000 ) ) ;
#11393 = PLANE ( 'NONE',  #11428 ) ;
#11394 = FILL_AREA_STYLE_COLOUR ( '', #11422 ) ;
#11395 = FACE_OUTER_BOUND ( 'NONE', #3845, .T. ) ;
#11396 = UNCERTAINTY_MEASURE_WITH_UNIT (LENGTH_MEASURE( 1.000000000000000100E-005 ), #11427, 'distance_accuracy_value', 'NONE');
#11397 =( LENGTH_UNIT ( ) NAMED_UNIT ( * ) SI_UNIT ( .MILLI., .METRE. ) );
#11398 =( NAMED_UNIT ( * ) SI_UNIT ( $, .STERADIAN. ) SOLID_ANGLE_UNIT ( ) );
#11399 =( NAMED_UNIT ( * ) PLANE_ANGLE_UNIT ( ) SI_UNIT ( $, .RADIAN. ) );
#11400 = CARTESIAN_POINT ( 'NONE',  ( 11.18756544611969200, 4.587022074481939000, 1.625244376780696100 ) ) ;
#11401 = CARTESIAN_POINT ( 'NONE',  ( 18.29956544611969000, 4.587022074481939000, 1.625244376780697400 ) ) ;
#11402 = DIRECTION ( 'NONE',  ( 0.0000000000000000000, 0.0000000000000000000, -1.000000000000000000 ) ) ;
#11403 = DIRECTION ( 'NONE',  ( 1.000000000000000000, -5.872771121110819100E-049, 1.224606353822377300E-016 ) ) ;
#11404 = CARTESIAN_POINT ( 'NONE',  ( 11.18756544611969200, 4.819539768064540700, -3.522541104283899200 ) ) ;
#11405 = AXIS2_PLACEMENT_3D ( 'NONE', #11404, #11403, #11402 ) ;
#11406 = CIRCLE ( 'NONE', #11405, 1.016000000000000000 ) ;
#11407 = DIRECTION ( 'NONE',  ( -1.000000000000000000, 0.0000000000000000000, 0.0000000000000000000 ) ) ;
#11408 = MECHANICAL_DESIGN_GEOMETRIC_PRESENTATION_REPRESENTATION (  '', ( #11410 ), #11383 ) ;
#11409 = PRESENTATION_LAYER_ASSIGNMENT (  '', '', ( #11410 ) ) ;
#11410 = STYLED_ITEM ( 'NONE', ( #11411 ), #3844 ) ;
#11411 = PRESENTATION_STYLE_ASSIGNMENT (( #11418 ) ) ;
#11412 = DIRECTION ( 'NONE',  ( 0.0000000000000000000, 0.4239800939173726800, -0.9056715077564359000 ) ) ;
#11413 = VECTOR ( 'NONE', #11412, 1000.000000000000000 ) ;
#11414 = MECHANICAL_DESIGN_GEOMETRIC_PRESENTATION_REPRESENTATION (  '', ( #11416 ), #11429 ) ;
#11415 = PRESENTATION_LAYER_ASSIGNMENT (  '', '', ( #11416 ) ) ;
#11416 = STYLED_ITEM ( 'NONE', ( #11372 ), #5272 ) ;
#11417 = DIRECTION ( 'NONE',  ( -1.000000000000000000, 5.872771121110819100E-049, -1.224606353822377300E-016 ) ) ;
#11418 = SURFACE_STYLE_USAGE ( .BOTH. , #11419 ) ;
#11419 = SURFACE_SIDE_STYLE ('',( #11420 ) ) ;
#11420 = SURFACE_STYLE_FILL_AREA ( #11421 ) ;
#11421 = FILL_AREA_STYLE ('',( #11394 ) ) ;
#11422 = COLOUR_RGB ( '',0.8313725490196077800, 0.8392156862745098200, 0.8274509803921568100 ) ;
#11423 = DIRECTION ( 'NONE',  ( -1.000000000000000000, 5.872771121110819100E-049, -1.224606353822377300E-016 ) ) ;
#11424 = VECTOR ( 'NONE', #11423, 1000.000000000000000 ) ;
#11425 = CARTESIAN_POINT ( 'NONE',  ( 19.06156544611969400, 1.475838654401051800, -4.101161967012239500 ) ) ;
#11426 = LINE ( 'NONE', #11425, #11424 ) ;
#11427 =( LENGTH_UNIT ( ) NAMED_UNIT ( * ) SI_UNIT ( .MILLI., .METRE. ) );
#11428 = AXIS2_PLACEMENT_3D ( 'NONE', #11444, #11443, #11442 ) ;
#11429 =( GEOMETRIC_REPRESENTATION_CONTEXT ( 3 ) GLOBAL_UNCERTAINTY_ASSIGNED_CONTEXT ( ( #11431 ) ) GLOBAL_UNIT_ASSIGNED_CONTEXT ( ( #11397, #11386, #11385 ) ) REPRESENTATION_CONTEXT ( 'NONE', 'WORKASPACE' ) );
#11430 = CARTESIAN_POINT ( 'NONE',  ( 19.06156544611969400, 1.708356347983653000, 3.107191364828189300 ) ) ;
#11431 = UNCERTAINTY_MEASURE_WITH_UNIT (LENGTH_MEASURE( 1.000000000000000100E-005 ), #11397, 'distance_accuracy_value', 'NONE');
#11432 = CIRCLE ( 'NONE', #11440, 3.683000000000084700 ) ;
#11433 = CARTESIAN_POINT ( 'NONE',  ( 18.29956544611969300, 9.270145734898340700, 1.814302041637919000 ) ) ;
#11434 = DIRECTION ( 'NONE',  ( -1.000000000000000000, 5.872771121110819100E-049, -1.224606353822377300E-016 ) ) ;
#11435 = PLANE ( 'NONE',  #11368 ) ;
#11436 = CARTESIAN_POINT ( 'NONE',  ( 18.42656544611968900, 8.273939768064542100, 2.057014991975992600 ) ) ;
#11437 = DIRECTION ( 'NONE',  ( 0.0000000000000000000, 0.0000000000000000000, -1.000000000000000000 ) ) ;
#11438 = DIRECTION ( 'NONE',  ( -1.000000000000000000, 5.872771121110819100E-049, -1.224606353822377300E-016 ) ) ;
#11439 = CARTESIAN_POINT ( 'NONE',  ( 18.42656544611968900, 7.105539768064542000, -1.435738998788404800 ) ) ;
#11440 = AXIS2_PLACEMENT_3D ( 'NONE', #11439, #11438, #11437 ) ;
#11441 = LINE ( 'NONE', #11392, #11391 ) ;
#11442 = DIRECTION ( 'NONE',  ( -5.605170175932631300E-017, -0.8891005170464085800, 0.4577119952413404300 ) ) ;
#11443 = DIRECTION ( 'NONE',  ( -1.088798142361792700E-016, 0.4577119952413404900, 0.8891005170464086900 ) ) ;
#11444 = CARTESIAN_POINT ( 'NONE',  ( 19.06156544611969400, 1.475838654401052200, 2.655528302168614000 ) ) ;
#11445 = COLOUR_RGB ( '',0.8313725490196077800, 0.8392156862745098200, 0.8274509803921568100 ) ;
#11446 = MECHANICAL_DESIGN_GEOMETRIC_PRESENTATION_REPRESENTATION (  '', ( #11464 ), #11478 ) ;
#11447 = PRESENTATION_LAYER_ASSIGNMENT (  '', '', ( #11464 ) ) ;
#11448 =( NAMED_UNIT ( * ) SI_UNIT ( $, .STERADIAN. ) SOLID_ANGLE_UNIT ( ) );
#11449 =( NAMED_UNIT ( * ) PLANE_ANGLE_UNIT ( ) SI_UNIT ( $, .RADIAN. ) );
#11450 = AXIS2_PLACEMENT_3D ( 'NONE', #11484, #11483, #11482 ) ;
#11451 = PLANE ( 'NONE',  #11450 ) ;
#11452 = SURFACE_SIDE_STYLE ('',( #11453 ) ) ;
#11453 = SURFACE_STYLE_FILL_AREA ( #11474 ) ;
#11454 = FACE_OUTER_BOUND ( 'NONE', #5285, .T. ) ;
#11455 = DIRECTION ( 'NONE',  ( -1.084094292147378500E-016, -0.4650976089534177300, 0.8852594050027448000 ) ) ;
#11456 = VECTOR ( 'NONE', #11455, 1000.000000000000000 ) ;
#11457 = DIRECTION ( 'NONE',  ( 0.0000000000000000000, 8.537024980200818900E-016, -1.000000000000000000 ) ) ;
#11458 = CARTESIAN_POINT ( 'NONE',  ( 11.18756544611969200, 8.818494261839980200, -3.270305054680421100 ) ) ;
#11459 = DIRECTION ( 'NONE',  ( -1.000000000000000000, 0.0000000000000000000, -0.0000000000000000000 ) ) ;
#11460 = LINE ( 'NONE', #11458, #11456 ) ;
#11461 = CARTESIAN_POINT ( 'NONE',  ( -13.45043455388031000, 4.819539768064540700, -3.522541104283898800 ) ) ;
#11462 = CIRCLE ( 'NONE', #11488, 0.4104704525612484800 ) ;
#11463 = AXIS2_PLACEMENT_3D ( 'NONE', #11461, #11459, #11457 ) ;
#11464 = STYLED_ITEM ( 'NONE', ( #11481 ), #5284 ) ;
#11465 = CYLINDRICAL_SURFACE ( 'NONE', #11476, 1.016000000000000500 ) ;
#11466 = CIRCLE ( 'NONE', #11463, 1.016000000000000500 ) ;
#11467 =( NAMED_UNIT ( * ) PLANE_ANGLE_UNIT ( ) SI_UNIT ( $, .RADIAN. ) );
#11468 = DIRECTION ( 'NONE',  ( -6.162975822039154700E-033, -1.000000000000000000, 3.916066504679276500E-017 ) ) ;
#11469 = VECTOR ( 'NONE', #11468, 1000.000000000000000 ) ;
#11470 = CARTESIAN_POINT ( 'NONE',  ( 11.18756544611969200, 0.4761397680645406700, -3.491416832421812900 ) ) ;
#11471 = LINE ( 'NONE', #11470, #11469 ) ;
#11472 = UNCERTAINTY_MEASURE_WITH_UNIT (LENGTH_MEASURE( 1.000000000000000100E-005 ), #11473, 'distance_accuracy_value', 'NONE');
#11473 =( LENGTH_UNIT ( ) NAMED_UNIT ( * ) SI_UNIT ( .MILLI., .METRE. ) );
#11474 = FILL_AREA_STYLE ('',( #11485 ) ) ;
#11475 = CARTESIAN_POINT ( 'NONE',  ( -14.21243455388030900, 4.819539768064540700, -3.522541104283898800 ) ) ;
#11476 = AXIS2_PLACEMENT_3D ( 'NONE', #11475, #11480, #11479 ) ;
#11477 = SURFACE_STYLE_USAGE ( .BOTH. , #11452 ) ;
#11478 =( GEOMETRIC_REPRESENTATION_CONTEXT ( 3 ) GLOBAL_UNCERTAINTY_ASSIGNED_CONTEXT ( ( #11472 ) ) GLOBAL_UNIT_ASSIGNED_CONTEXT ( ( #11473, #11449, #11448 ) ) REPRESENTATION_CONTEXT ( 'NONE', 'WORKASPACE' ) );
#11479 = DIRECTION ( 'NONE',  ( 0.0000000000000000000, 0.0000000000000000000, -1.000000000000000000 ) ) ;
#11480 = DIRECTION ( 'NONE',  ( 1.000000000000000000, -0.0000000000000000000, 0.0000000000000000000 ) ) ;
#11481 = PRESENTATION_STYLE_ASSIGNMENT (( #11477 ) ) ;
#11482 = DIRECTION ( 'NONE',  ( -1.224606353822377300E-016, 3.916066504679276500E-017, 1.000000000000000000 ) ) ;
#11483 = DIRECTION ( 'NONE',  ( -1.000000000000000000, 6.842277657836020900E-049, -1.224606353822377300E-016 ) ) ;
#11484 = CARTESIAN_POINT ( 'NONE',  ( 11.18756544611969200, 4.354504380899337300, -2.619214978964748300 ) ) ;
#11485 = FILL_AREA_STYLE_COLOUR ( '', #11445 ) ;
#11486 = DIRECTION ( 'NONE',  ( -6.162975822039154700E-033, -1.000000000000000000, 3.916066504679276500E-017 ) ) ;
#11487 = CARTESIAN_POINT ( 'NONE',  ( 18.19796544611969200, 0.4761397680645407800, -0.7228168324218136000 ) ) ;
#11488 = AXIS2_PLACEMENT_3D ( 'NONE', #11487, #11486, #11407 ) ;
#11489 = UNCERTAINTY_MEASURE_WITH_UNIT (LENGTH_MEASURE( 1.000000000000000100E-005 ), #11535, 'distance_accuracy_value', 'NONE');
#11490 = AXIS2_PLACEMENT_3D ( 'NONE', #11517, #11516, #11515 ) ;
#11491 = PLANE ( 'NONE',  #11490 ) ;
#11492 = DIRECTION ( 'NONE',  ( -1.000000000000000000, 0.0000000000000000000, 0.0000000000000000000 ) ) ;
#11493 = CIRCLE ( 'NONE', #11512, 0.5079999999999993400 ) ;
#11494 = FILL_AREA_STYLE_COLOUR ( '', #11506 ) ;
#11495 = CIRCLE ( 'NONE', #11529, 0.5079999999999997900 ) ;
#11496 = DIRECTION ( 'NONE',  ( 0.0000000000000000000, -1.000000000000000000, 0.0000000000000000000 ) ) ;
#11497 = CARTESIAN_POINT ( 'NONE',  ( 11.18756544611969200, 8.818494261839982000, 1.824671389836791700 ) ) ;
#11498 = DIRECTION ( 'NONE',  ( -1.000000000000000000, -1.250846150945177000E-016, 4.898396714223407500E-033 ) ) ;
#11499 = CARTESIAN_POINT ( 'NONE',  ( -13.45043455388031000, 9.054763847188317200, -3.720016832421813900 ) ) ;
#11500 = DIRECTION ( 'NONE',  ( 0.0000000000000000000, -3.478047214155891100E-015, -1.000000000000000000 ) ) ;
#11501 = FILL_AREA_STYLE ('',( #11502 ) ) ;
#11502 = FILL_AREA_STYLE_COLOUR ( '', #11538 ) ;
#11503 =( GEOMETRIC_REPRESENTATION_CONTEXT ( 3 ) GLOBAL_UNCERTAINTY_ASSIGNED_CONTEXT ( ( #11489 ) ) GLOBAL_UNIT_ASSIGNED_CONTEXT ( ( #11535, #11597, #11598 ) ) REPRESENTATION_CONTEXT ( 'NONE', 'WORKASPACE' ) );
#11504 = FILL_AREA_STYLE ('',( #11494 ) ) ;
#11505 = UNCERTAINTY_MEASURE_WITH_UNIT (LENGTH_MEASURE( 1.000000000000000100E-005 ), #11562, 'distance_accuracy_value', 'NONE');
#11506 = COLOUR_RGB ( '',0.8313725490196077800, 0.8392156862745098200, 0.8274509803921568100 ) ;
#11507 = FACE_OUTER_BOUND ( 'NONE', #3797, .T. ) ;
#11509 = DIRECTION ( 'NONE',  ( 0.0000000000000000000, 0.0000000000000000000, 1.000000000000000000 ) ) ;
#11508 =( NAMED_UNIT ( * ) SI_UNIT ( $, .STERADIAN. ) SOLID_ANGLE_UNIT ( ) );
#11510 = DIRECTION ( 'NONE',  ( -1.000000000000000000, 0.0000000000000000000, 0.0000000000000000000 ) ) ;
#11511 = CARTESIAN_POINT ( 'NONE',  ( -6.338434553880310000, 9.054763847188317200, -3.720016832421813900 ) ) ;
#11512 = AXIS2_PLACEMENT_3D ( 'NONE', #11511, #11510, #11509 ) ;
#11513 =( NAMED_UNIT ( * ) PLANE_ANGLE_UNIT ( ) SI_UNIT ( $, .RADIAN. ) );
#11514 = LINE ( 'NONE', #11577, #11576 ) ;
#11515 = DIRECTION ( 'NONE',  ( 5.192087169054284100E-017, -0.9056715077564336800, -0.4239800939173772900 ) ) ;
#11516 = DIRECTION ( 'NONE',  ( -1.109091082874421100E-016, -0.4239800939173772900, 0.9056715077564336800 ) ) ;
#11517 = CARTESIAN_POINT ( 'NONE',  ( 19.06156544611969400, 9.270145734898340700, 1.814302041637919000 ) ) ;
#11518 = LINE ( 'NONE', #11619, #11633 ) ;
#11519 = SURFACE_SIDE_STYLE ('',( #11520 ) ) ;
#11520 = SURFACE_STYLE_FILL_AREA ( #11501 ) ;
#11521 = DIRECTION ( 'NONE',  ( -1.000000000000000000, 5.872771121110819100E-049, -1.224606353822377300E-016 ) ) ;
#11522 =( NAMED_UNIT ( * ) SI_UNIT ( $, .STERADIAN. ) SOLID_ANGLE_UNIT ( ) );
#11523 = COLOUR_RGB ( '',0.8313725490196077800, 0.8392156862745098200, 0.8274509803921568100 ) ;
#11524 = FACE_OUTER_BOUND ( 'NONE', #5308, .T. ) ;
#11525 = DIRECTION ( 'NONE',  ( -0.7071067811865476800, 0.6404064646620191100, 0.2997991994970866700 ) ) ;
#11526 =( GEOMETRIC_REPRESENTATION_CONTEXT ( 3 ) GLOBAL_UNCERTAINTY_ASSIGNED_CONTEXT ( ( #7710 ) ) GLOBAL_UNIT_ASSIGNED_CONTEXT ( ( #7712, #7711, #7700 ) ) REPRESENTATION_CONTEXT ( 'NONE', 'WORKASPACE' ) );
#11527 = DIRECTION ( 'NONE',  ( 1.000000000000000000, -1.250846150945177000E-016, 1.224606353822377300E-016 ) ) ;
#11528 = CARTESIAN_POINT ( 'NONE',  ( 18.29956544611969000, 4.819539768064540700, 2.076907439440272900 ) ) ;
#11529 = AXIS2_PLACEMENT_3D ( 'NONE', #11528, #11527, #11592 ) ;
#11530 = CIRCLE ( 'NONE', #11634, 0.6857999999999998500 ) ;
#11532 =( LENGTH_UNIT ( ) NAMED_UNIT ( * ) SI_UNIT ( .MILLI., .METRE. ) );
#11531 = CARTESIAN_POINT ( 'NONE',  ( 11.18756544611969200, 1.161939768064540900, -3.491416832421813300 ) ) ;
#11533 = FILL_AREA_STYLE_COLOUR ( '', #11613 ) ;
#11534 = DIRECTION ( 'NONE',  ( 0.0000000000000000000, 0.0000000000000000000, 1.000000000000000000 ) ) ;
#11535 =( LENGTH_UNIT ( ) NAMED_UNIT ( * ) SI_UNIT ( .MILLI., .METRE. ) );
#11536 = DIRECTION ( 'NONE',  ( 1.000000000000000000, -0.0000000000000000000, 0.0000000000000000000 ) ) ;
#11537 = CARTESIAN_POINT ( 'NONE',  ( -14.21243455388030900, 1.161939768064541100, 2.045783167578186600 ) ) ;
#11538 = COLOUR_RGB ( '',0.8313725490196077800, 0.8392156862745098200, 0.8274509803921568100 ) ;
#11539 = MECHANICAL_DESIGN_GEOMETRIC_PRESENTATION_REPRESENTATION (  '', ( #11543 ), #11611 ) ;
#11540 = PRESENTATION_LAYER_ASSIGNMENT (  '', '', ( #11541 ) ) ;
#11541 = STYLED_ITEM ( 'NONE', ( #11544 ), #3786 ) ;
#11542 =( LENGTH_UNIT ( ) NAMED_UNIT ( * ) SI_UNIT ( .MILLI., .METRE. ) );
#11544 = PRESENTATION_STYLE_ASSIGNMENT (( #11614 ) ) ;
#11543 = STYLED_ITEM ( 'NONE', ( #11548 ), #5295 ) ;
#11545 = AXIS2_PLACEMENT_3D ( 'NONE', #11499, #11498, #11496 ) ;
#11546 = CIRCLE ( 'NONE', #11545, 0.5079999999999997900 ) ;
#11547 =( NAMED_UNIT ( * ) PLANE_ANGLE_UNIT ( ) SI_UNIT ( $, .RADIAN. ) );
#11548 = PRESENTATION_STYLE_ASSIGNMENT (( #11549 ) ) ;
#11549 = SURFACE_STYLE_USAGE ( .BOTH. , #11519 ) ;
#11550 = CARTESIAN_POINT ( 'NONE',  ( -6.338434553880310000, 5.373721586246359600, -2.670990452592120900 ) ) ;
#11551 = CARTESIAN_POINT ( 'NONE',  ( -13.45043455388031000, 5.373721586246359600, -2.670990452592120900 ) ) ;
#11552 = DIRECTION ( 'NONE',  ( -1.000000000000000000, 5.872771121110819100E-049, -1.224606353822377300E-016 ) ) ;
#11553 = DIRECTION ( 'NONE',  ( 0.0000000000000000000, -3.916066504679277800E-017, -1.000000000000000000 ) ) ;
#11554 = VECTOR ( 'NONE', #11552, 1000.000000000000000 ) ;
#11556 = DIRECTION ( 'NONE',  ( 1.000000000000000000, 0.0000000000000000000, 0.0000000000000000000 ) ) ;
#11555 = CARTESIAN_POINT ( 'NONE',  ( 19.06156544611969400, 11.48652165577457200, -3.736597793554087500 ) ) ;
#11557 = LINE ( 'NONE', #11555, #11554 ) ;
#11558 = CARTESIAN_POINT ( 'NONE',  ( -6.338434553880310000, 8.818494261839980200, 1.824671389836793400 ) ) ;
#11559 = DIRECTION ( 'NONE',  ( 0.0000000000000000000, 3.916066504679277800E-017, 1.000000000000000000 ) ) ;
#11560 = AXIS2_PLACEMENT_3D ( 'NONE', #11573, #11572, #11618 ) ;
#11561 = CARTESIAN_POINT ( 'NONE',  ( -14.21243455388030900, -0.03186023193545910200, 2.045783167578186100 ) ) ;
#11562 =( LENGTH_UNIT ( ) NAMED_UNIT ( * ) SI_UNIT ( .MILLI., .METRE. ) );
#11564 = AXIS2_PLACEMENT_3D ( 'NONE', #11632, #11631, #11630 ) ;
#11563 = MECHANICAL_DESIGN_GEOMETRIC_PRESENTATION_REPRESENTATION (  '', ( #11566 ), #11635 ) ;
#11565 = PRESENTATION_LAYER_ASSIGNMENT (  '', '', ( #11566 ) ) ;
#11566 = STYLED_ITEM ( 'NONE', ( #11567 ), #5326 ) ;
#11567 = PRESENTATION_STYLE_ASSIGNMENT (( #11568 ) ) ;
#11568 = SURFACE_STYLE_USAGE ( .BOTH. , #11569 ) ;
#11569 = SURFACE_SIDE_STYLE ('',( #11570 ) ) ;
#11570 = SURFACE_STYLE_FILL_AREA ( #11571 ) ;
#11571 = FILL_AREA_STYLE ('',( #11622 ) ) ;
#11572 = DIRECTION ( 'NONE',  ( -1.000000000000000000, 6.842277657836020900E-049, -1.224606353822377300E-016 ) ) ;
#11573 = CARTESIAN_POINT ( 'NONE',  ( 11.18756544611969200, 0.4761397680645406700, -3.491416832421812900 ) ) ;
#11574 =( GEOMETRIC_REPRESENTATION_CONTEXT ( 3 ) GLOBAL_UNCERTAINTY_ASSIGNED_CONTEXT ( ( #11602 ) ) GLOBAL_UNIT_ASSIGNED_CONTEXT ( ( #11532, #11620, #11605 ) ) REPRESENTATION_CONTEXT ( 'NONE', 'WORKASPACE' ) );
#11575 = DIRECTION ( 'NONE',  ( -1.000000000000000000, 5.872771121110819100E-049, -1.224606353822377300E-016 ) ) ;
#11576 = VECTOR ( 'NONE', #11575, 1000.000000000000000 ) ;
#11577 = CARTESIAN_POINT ( 'NONE',  ( 19.06156544611969400, 8.818494261839982000, 1.824671389836792600 ) ) ;
#11578 = MECHANICAL_DESIGN_GEOMETRIC_PRESENTATION_REPRESENTATION (  '', ( #11580 ), #11503 ) ;
#11579 = PRESENTATION_LAYER_ASSIGNMENT (  '', '', ( #11580 ) ) ;
#11580 = STYLED_ITEM ( 'NONE', ( #11581 ), #5309 ) ;
#11582 = FACE_OUTER_BOUND ( 'NONE', #3826, .T. ) ;
#11581 = PRESENTATION_STYLE_ASSIGNMENT (( #11600 ) ) ;
#11583 = PLANE ( 'NONE',  #11590 ) ;
#11584 = DIRECTION ( 'NONE',  ( 0.0000000000000000000, 8.537024980200821800E-016, 1.000000000000000000 ) ) ;
#11585 = DIRECTION ( 'NONE',  ( 1.000000000000000000, -5.872771121110819100E-049, 1.224606353822377300E-016 ) ) ;
#11586 = CARTESIAN_POINT ( 'NONE',  ( 18.29956544611969000, 4.819539768064540700, 2.076907439440272900 ) ) ;
#11587 = AXIS2_PLACEMENT_3D ( 'NONE', #11586, #11585, #11584 ) ;
#11588 = CIRCLE ( 'NONE', #11587, 1.016000000000000000 ) ;
#11589 = LINE ( 'NONE', #11629, #11628 ) ;
#11590 = AXIS2_PLACEMENT_3D ( 'NONE', #11561, #11492, #11559 ) ;
#11591 = CARTESIAN_POINT ( 'NONE',  ( 18.42656544611968900, 5.911739768064540700, 1.506278431479561000 ) ) ;
#11592 = DIRECTION ( 'NONE',  ( 0.0000000000000000000, -1.000000000000000000, 0.0000000000000000000 ) ) ;
#11593 = VECTOR ( 'NONE', #11525, 999.9999999999998900 ) ;
#11594 = CARTESIAN_POINT ( 'NONE',  ( 19.18836732534914100, 9.384986584046425100, 1.868063514302521300 ) ) ;
#11595 = FILL_AREA_STYLE_COLOUR ( '', #11523 ) ;
#11596 = DIRECTION ( 'NONE',  ( 0.0000000000000000000, 1.000000000000000000, -3.916066504679277800E-017 ) ) ;
#11597 =( NAMED_UNIT ( * ) PLANE_ANGLE_UNIT ( ) SI_UNIT ( $, .RADIAN. ) );
#11598 =( NAMED_UNIT ( * ) SI_UNIT ( $, .STERADIAN. ) SOLID_ANGLE_UNIT ( ) );
#11599 = UNCERTAINTY_MEASURE_WITH_UNIT (LENGTH_MEASURE( 1.000000000000000100E-005 ), #11542, 'distance_accuracy_value', 'NONE');
#11600 = SURFACE_STYLE_USAGE ( .BOTH. , #11601 ) ;
#11602 = UNCERTAINTY_MEASURE_WITH_UNIT (LENGTH_MEASURE( 1.000000000000000100E-005 ), #11532, 'distance_accuracy_value', 'NONE');
#11601 = SURFACE_SIDE_STYLE ('',( #11603 ) ) ;
#11603 = SURFACE_STYLE_FILL_AREA ( #11604 ) ;
#11604 = FILL_AREA_STYLE ('',( #11595 ) ) ;
#11605 =( NAMED_UNIT ( * ) SI_UNIT ( $, .STERADIAN. ) SOLID_ANGLE_UNIT ( ) );
#11606 = PRESENTATION_LAYER_ASSIGNMENT (  '', '', ( #11543 ) ) ;
#11607 = PLANE ( 'NONE',  #11560 ) ;
#11608 = CARTESIAN_POINT ( 'NONE',  ( 11.18756544611969200, 5.373721586246357900, -2.670990452592120000 ) ) ;
#11609 = AXIS2_PLACEMENT_3D ( 'NONE', #11558, #11556, #11553 ) ;
#11610 = PLANE ( 'NONE',  #11609 ) ;
#11611 =( GEOMETRIC_REPRESENTATION_CONTEXT ( 3 ) GLOBAL_UNCERTAINTY_ASSIGNED_CONTEXT ( ( #11599 ) ) GLOBAL_UNIT_ASSIGNED_CONTEXT ( ( #11542, #11547, #11522 ) ) REPRESENTATION_CONTEXT ( 'NONE', 'WORKASPACE' ) );
#11612 = FILL_AREA_STYLE ('',( #11533 ) ) ;
#11613 = COLOUR_RGB ( '',0.8313725490196077800, 0.8392156862745098200, 0.8274509803921568100 ) ;
#11614 = SURFACE_STYLE_USAGE ( .BOTH. , #11615 ) ;
#11615 = SURFACE_SIDE_STYLE ('',( #11617 ) ) ;
#11616 = FACE_OUTER_BOUND ( 'NONE', #5296, .T. ) ;
#11617 = SURFACE_STYLE_FILL_AREA ( #11612 ) ;
#11618 = DIRECTION ( 'NONE',  ( -1.224606353822377300E-016, 3.916066504679276500E-017, 1.000000000000000000 ) ) ;
#11619 = CARTESIAN_POINT ( 'NONE',  ( -14.21243455388030900, -0.03186023193545910200, 2.045783167578186100 ) ) ;
#11620 =( NAMED_UNIT ( * ) PLANE_ANGLE_UNIT ( ) SI_UNIT ( $, .RADIAN. ) );
#11621 = LINE ( 'NONE', #11594, #11593 ) ;
#11622 = FILL_AREA_STYLE_COLOUR ( '', #11623 ) ;
#11623 = COLOUR_RGB ( '',0.8313725490196077800, 0.8392156862745098200, 0.8274509803921568100 ) ;
#11624 = FACE_OUTER_BOUND ( 'NONE', #5223, .T. ) ;
#11625 = CARTESIAN_POINT ( 'NONE',  ( 19.06156544611969400, -0.03186023193545931000, -3.491416832421812000 ) ) ;
#11626 = MECHANICAL_DESIGN_GEOMETRIC_PRESENTATION_REPRESENTATION (  '', ( #11541 ), #11574 ) ;
#11627 = DIRECTION ( 'NONE',  ( -1.000000000000000000, 5.872771121110819100E-049, -1.224606353822377300E-016 ) ) ;
#11628 = VECTOR ( 'NONE', #11627, 1000.000000000000000 ) ;
#11629 = CARTESIAN_POINT ( 'NONE',  ( 19.06156544611969400, -0.03186023193545931000, -3.491416832421812000 ) ) ;
#11630 = DIRECTION ( 'NONE',  ( 0.0000000000000000000, 0.0000000000000000000, -1.000000000000000000 ) ) ;
#11631 = DIRECTION ( 'NONE',  ( 1.000000000000000000, 2.397819961810616100E-033, 6.123031769111886300E-017 ) ) ;
#11632 = CARTESIAN_POINT ( 'NONE',  ( -13.57743455388030900, 7.092839768064540500, -2.462716832421816300 ) ) ;
#11633 = VECTOR ( 'NONE', #11596, 1000.000000000000000 ) ;
#11634 = AXIS2_PLACEMENT_3D ( 'NONE', #11531, #11521, #11500 ) ;
#11636 = AXIS2_PLACEMENT_3D ( 'NONE', #11537, #11536, #11534 ) ;
#11635 =( GEOMETRIC_REPRESENTATION_CONTEXT ( 3 ) GLOBAL_UNCERTAINTY_ASSIGNED_CONTEXT ( ( #11505 ) ) GLOBAL_UNIT_ASSIGNED_CONTEXT ( ( #11562, #11513, #11508 ) ) REPRESENTATION_CONTEXT ( 'NONE', 'WORKASPACE' ) );
#11637 = CIRCLE ( 'NONE', #11636, 1.193800000000000000 ) ;
#11638 = PLANE ( 'NONE',  #11684 ) ;
#11639 =( GEOMETRIC_REPRESENTATION_CONTEXT ( 3 ) GLOBAL_UNCERTAINTY_ASSIGNED_CONTEXT ( ( #11703 ) ) GLOBAL_UNIT_ASSIGNED_CONTEXT ( ( #11730, #11728, #11704 ) ) REPRESENTATION_CONTEXT ( 'NONE', 'WORKASPACE' ) );
#11640 = FACE_OUTER_BOUND ( 'NONE', #4195, .T. ) ;
#11641 = CARTESIAN_POINT ( 'NONE',  ( 19.06156544611969400, 9.054763847188317200, -3.720016832421813500 ) ) ;
#11642 = CARTESIAN_POINT ( 'NONE',  ( 19.06156544611969400, 4.819539768064540700, 2.076907439440272900 ) ) ;
#11643 = UNCERTAINTY_MEASURE_WITH_UNIT (LENGTH_MEASURE( 1.000000000000000100E-005 ), #11674, 'distance_accuracy_value', 'NONE');
#11644 =( NAMED_UNIT ( * ) SI_UNIT ( $, .STERADIAN. ) SOLID_ANGLE_UNIT ( ) );
#11645 =( NAMED_UNIT ( * ) PLANE_ANGLE_UNIT ( ) SI_UNIT ( $, .RADIAN. ) );
#11646 = VECTOR ( 'NONE', #11735, 1000.000000000000100 ) ;
#11647 = CARTESIAN_POINT ( 'NONE',  ( -15.37521904001615000, 2.395019476056117200, -3.627964527801489600 ) ) ;
#11648 = LINE ( 'NONE', #11647, #11646 ) ;
#11649 = MECHANICAL_DESIGN_GEOMETRIC_PRESENTATION_REPRESENTATION (  '', ( #11733 ), #11723 ) ;
#11650 = CYLINDRICAL_SURFACE ( 'NONE', #11665, 1.016000000000000000 ) ;
#11651 =( LENGTH_UNIT ( ) NAMED_UNIT ( * ) SI_UNIT ( .MILLI., .METRE. ) );
#11652 = SURFACE_STYLE_USAGE ( .BOTH. , #11653 ) ;
#11653 = SURFACE_SIDE_STYLE ('',( #11654 ) ) ;
#11654 = SURFACE_STYLE_FILL_AREA ( #11655 ) ;
#11655 = FILL_AREA_STYLE ('',( #11679 ) ) ;
#11656 = COLOUR_RGB ( '',0.8313725490196077800, 0.8392156862745098200, 0.8274509803921568100 ) ;
#11657 = DIRECTION ( 'NONE',  ( -1.000000000000000000, 0.0000000000000000000, 0.0000000000000000000 ) ) ;
#11658 = DIRECTION ( 'NONE',  ( 0.0000000000000000000, 1.000000000000000000, -3.916066504679277800E-017 ) ) ;
#11659 = CARTESIAN_POINT ( 'NONE',  ( -13.57743455388030900, 5.911739768064540700, -2.704016832421814300 ) ) ;
#11660 = AXIS2_PLACEMENT_3D ( 'NONE', #11659, #11658, #11657 ) ;
#11661 = CIRCLE ( 'NONE', #11660, 0.2478952639013726800 ) ;
#11662 = UNCERTAINTY_MEASURE_WITH_UNIT (LENGTH_MEASURE( 1.000000000000000100E-005 ), #11714, 'distance_accuracy_value', 'NONE');
#11663 =( NAMED_UNIT ( * ) SI_UNIT ( $, .STERADIAN. ) SOLID_ANGLE_UNIT ( ) );
#11664 =( NAMED_UNIT ( * ) SI_UNIT ( $, .STERADIAN. ) SOLID_ANGLE_UNIT ( ) );
#11665 = AXIS2_PLACEMENT_3D ( 'NONE', #11642, #11673, #11713 ) ;
#11666 = SURFACE_STYLE_USAGE ( .BOTH. , #11667 ) ;
#11667 = SURFACE_SIDE_STYLE ('',( #11668 ) ) ;
#11668 = SURFACE_STYLE_FILL_AREA ( #11669 ) ;
#11669 = FILL_AREA_STYLE ('',( #11722 ) ) ;
#11670 = COLOUR_RGB ( '',0.8313725490196077800, 0.8392156862745098200, 0.8274509803921568100 ) ;
#11671 = FACE_OUTER_BOUND ( 'NONE', #3807, .T. ) ;
#11672 = DIRECTION ( 'NONE',  ( 0.0000000000000000000, -3.916066504679277800E-017, -1.000000000000000000 ) ) ;
#11673 = DIRECTION ( 'NONE',  ( -1.000000000000000000, 5.872771121110819100E-049, -1.224606353822377300E-016 ) ) ;
#11674 =( LENGTH_UNIT ( ) NAMED_UNIT ( * ) SI_UNIT ( .MILLI., .METRE. ) );
#11675 = MECHANICAL_DESIGN_GEOMETRIC_PRESENTATION_REPRESENTATION (  '', ( #11677 ), #11317 ) ;
#11676 = PRESENTATION_LAYER_ASSIGNMENT (  '', '', ( #11677 ) ) ;
#11677 = STYLED_ITEM ( 'NONE', ( #11678 ), #4208 ) ;
#11678 = PRESENTATION_STYLE_ASSIGNMENT (( #11652 ) ) ;
#11679 = FILL_AREA_STYLE_COLOUR ( '', #11656 ) ;
#11680 = FACE_OUTER_BOUND ( 'NONE', #4175, .T. ) ;
#11681 = DIRECTION ( 'NONE',  ( 1.000000000000000000, 0.0000000000000000000, 0.0000000000000000000 ) ) ;
#11682 = DIRECTION ( 'NONE',  ( 0.0000000000000000000, -1.000000000000000000, 3.916066504679277800E-017 ) ) ;
#11683 = CARTESIAN_POINT ( 'NONE',  ( -13.57743455388030900, 5.911739768064540700, -2.951912096323187300 ) ) ;
#11684 = AXIS2_PLACEMENT_3D ( 'NONE', #11683, #11682, #11681 ) ;
#11685 = FILL_AREA_STYLE_COLOUR ( '', #11710 ) ;
#11686 = DIRECTION ( 'NONE',  ( -1.000000000000000000, 5.872771121110819100E-049, -1.224606353822377300E-016 ) ) ;
#11687 = COLOUR_RGB ( '',0.8313725490196077800, 0.8392156862745098200, 0.8274509803921568100 ) ;
#11688 =( NAMED_UNIT ( * ) PLANE_ANGLE_UNIT ( ) SI_UNIT ( $, .RADIAN. ) );
#11689 = FILL_AREA_STYLE_COLOUR ( '', #11687 ) ;
#11690 = PRESENTATION_LAYER_ASSIGNMENT (  '', '', ( #11691 ) ) ;
#11691 = STYLED_ITEM ( 'NONE', ( #11692 ), #4194 ) ;
#11692 = PRESENTATION_STYLE_ASSIGNMENT (( #11693 ) ) ;
#11693 = SURFACE_STYLE_USAGE ( .BOTH. , #11694 ) ;
#11694 = SURFACE_SIDE_STYLE ('',( #11695 ) ) ;
#11695 = SURFACE_STYLE_FILL_AREA ( #11702 ) ;
#11696 = CARTESIAN_POINT ( 'NONE',  ( 18.19796544611969200, -0.03186023193545920600, -0.7228168324218136000 ) ) ;
#11697 = AXIS2_PLACEMENT_3D ( 'NONE', #11696, #11726, #11705 ) ;
#11698 = LINE ( 'NONE', #11701, #11700 ) ;
#11699 = FACE_OUTER_BOUND ( 'NONE', #5303, .T. ) ;
#11700 = VECTOR ( 'NONE', #11686, 1000.000000000000000 ) ;
#11701 = CARTESIAN_POINT ( 'NONE',  ( 19.06156544611969400, 5.373721586246359600, 1.225356787748494500 ) ) ;
#11702 = FILL_AREA_STYLE ('',( #11689 ) ) ;
#11703 = UNCERTAINTY_MEASURE_WITH_UNIT (LENGTH_MEASURE( 1.000000000000000100E-005 ), #11730, 'distance_accuracy_value', 'NONE');
#11704 =( NAMED_UNIT ( * ) SI_UNIT ( $, .STERADIAN. ) SOLID_ANGLE_UNIT ( ) );
#11705 = DIRECTION ( 'NONE',  ( -1.000000000000000000, 0.0000000000000000000, 0.0000000000000000000 ) ) ;
#11706 = DIRECTION ( 'NONE',  ( -1.000000000000000000, 5.872771121110819100E-049, -1.224606353822377300E-016 ) ) ;
#11707 = AXIS2_PLACEMENT_3D ( 'NONE', #11641, #11706, #11741 ) ;
#11708 = CYLINDRICAL_SURFACE ( 'NONE', #11707, 1.015999999999999600 ) ;
#11709 = FILL_AREA_STYLE ('',( #11685 ) ) ;
#11710 = COLOUR_RGB ( '',0.8313725490196077800, 0.8392156862745098200, 0.8274509803921568100 ) ;
#11711 = SURFACE_SIDE_STYLE ('',( #11712 ) ) ;
#11712 = SURFACE_STYLE_FILL_AREA ( #11709 ) ;
#11713 = DIRECTION ( 'NONE',  ( 0.0000000000000000000, 0.0000000000000000000, 1.000000000000000000 ) ) ;
#11714 =( LENGTH_UNIT ( ) NAMED_UNIT ( * ) SI_UNIT ( .MILLI., .METRE. ) );
#11715 = MECHANICAL_DESIGN_GEOMETRIC_PRESENTATION_REPRESENTATION (  '', ( #11717 ), #11784 ) ;
#11716 = PRESENTATION_LAYER_ASSIGNMENT (  '', '', ( #11717 ) ) ;
#11717 = STYLED_ITEM ( 'NONE', ( #11718 ), #3850 ) ;
#11718 = PRESENTATION_STYLE_ASSIGNMENT (( #11666 ) ) ;
#11719 = VECTOR ( 'NONE', #11672, 1000.000000000000000 ) ;
#11720 = CARTESIAN_POINT ( 'NONE',  ( -6.338434553880310000, -0.03186023193545931700, -3.491416832421813300 ) ) ;
#11721 = LINE ( 'NONE', #11720, #11719 ) ;
#11722 = FILL_AREA_STYLE_COLOUR ( '', #11670 ) ;
#11723 =( GEOMETRIC_REPRESENTATION_CONTEXT ( 3 ) GLOBAL_UNCERTAINTY_ASSIGNED_CONTEXT ( ( #11734 ) ) GLOBAL_UNIT_ASSIGNED_CONTEXT ( ( #11651, #11729, #11664 ) ) REPRESENTATION_CONTEXT ( 'NONE', 'WORKASPACE' ) );
#11724 = PRESENTATION_STYLE_ASSIGNMENT (( #11725 ) ) ;
#11725 = SURFACE_STYLE_USAGE ( .BOTH. , #11711 ) ;
#11726 = DIRECTION ( 'NONE',  ( -6.162975822039154700E-033, -1.000000000000000000, 3.916066504679276500E-017 ) ) ;
#11727 = CIRCLE ( 'NONE', #11697, 0.2540000000000007800 ) ;
#11728 =( NAMED_UNIT ( * ) PLANE_ANGLE_UNIT ( ) SI_UNIT ( $, .RADIAN. ) );
#11729 =( NAMED_UNIT ( * ) PLANE_ANGLE_UNIT ( ) SI_UNIT ( $, .RADIAN. ) );
#11730 =( LENGTH_UNIT ( ) NAMED_UNIT ( * ) SI_UNIT ( .MILLI., .METRE. ) );
#11731 = MECHANICAL_DESIGN_GEOMETRIC_PRESENTATION_REPRESENTATION (  '', ( #11691 ), #11639 ) ;
#11732 = PRESENTATION_LAYER_ASSIGNMENT (  '', '', ( #11733 ) ) ;
#11733 = STYLED_ITEM ( 'NONE', ( #11724 ), #5330 ) ;
#11734 = UNCERTAINTY_MEASURE_WITH_UNIT (LENGTH_MEASURE( 1.000000000000000100E-005 ), #11651, 'distance_accuracy_value', 'NONE');
#11735 = DIRECTION ( 'NONE',  ( 0.6644521835340654300, 0.6644521835340729800, 0.3420622627441022300 ) ) ;
#11736 = DIRECTION ( 'NONE',  ( 0.0000000000000000000, 0.0000000000000000000, -1.000000000000000000 ) ) ;
#11737 = DIRECTION ( 'NONE',  ( 1.000000000000000000, -5.872771121110819100E-049, 1.224606353822377300E-016 ) ) ;
#11738 = CARTESIAN_POINT ( 'NONE',  ( 11.18756544611969200, 9.054763847188317200, -3.720016832421814400 ) ) ;
#11739 = AXIS2_PLACEMENT_3D ( 'NONE', #11738, #11737, #11736 ) ;
#11740 = CIRCLE ( 'NONE', #11739, 1.015999999999999600 ) ;
#11741 = DIRECTION ( 'NONE',  ( 0.0000000000000000000, 0.0000000000000000000, 1.000000000000000000 ) ) ;
#11742 = CARTESIAN_POINT ( 'NONE',  ( 19.06156544611969400, 0.4761397680645408900, 2.045783167578187000 ) ) ;
#11743 = LINE ( 'NONE', #11742, #11780 ) ;
#11744 = CARTESIAN_POINT ( 'NONE',  ( 11.18756544611969200, 10.40533100981494000, 1.784816692591895600 ) ) ;
#11745 = LINE ( 'NONE', #11769, #11787 ) ;
#11746 = SURFACE_SIDE_STYLE ('',( #11747 ) ) ;
#11747 = SURFACE_STYLE_FILL_AREA ( #11748 ) ;
#11748 = FILL_AREA_STYLE ('',( #11749 ) ) ;
#11749 = FILL_AREA_STYLE_COLOUR ( '', #11755 ) ;
#11750 = CARTESIAN_POINT ( 'NONE',  ( 18.29956544611969300, 10.40533100981494000, 1.784816692591896500 ) ) ;
#11751 = PLANE ( 'NONE',  #11763 ) ;
#11752 = STYLED_ITEM ( 'NONE', ( #11753 ), #5344 ) ;
#11753 = PRESENTATION_STYLE_ASSIGNMENT (( #11754 ) ) ;
#11754 = SURFACE_STYLE_USAGE ( .BOTH. , #11746 ) ;
#11755 = COLOUR_RGB ( '',0.8313725490196077800, 0.8392156862745098200, 0.8274509803921568100 ) ;
#11756 = LINE ( 'NONE', #11778, #11777 ) ;
#11757 = CARTESIAN_POINT ( 'NONE',  ( -13.45043455388031000, 4.319803962191978800, -2.637078873516308400 ) ) ;
#11758 =( GEOMETRIC_REPRESENTATION_CONTEXT ( 3 ) GLOBAL_UNCERTAINTY_ASSIGNED_CONTEXT ( ( #11782 ) ) GLOBAL_UNIT_ASSIGNED_CONTEXT ( ( #11789, #11781, #11783 ) ) REPRESENTATION_CONTEXT ( 'NONE', 'WORKASPACE' ) );
#11759 = DIRECTION ( 'NONE',  ( -0.0000000000000000000, -0.8891005170464086900, -0.4577119952413403700 ) ) ;
#11760 = DIRECTION ( 'NONE',  ( -1.107079261569819800E-031, -1.000000000000000000, 8.928631630668749500E-016 ) ) ;
#11761 = CARTESIAN_POINT ( 'NONE',  ( 18.29956544611969300, 9.485527622608366000, 1.354220915697648600 ) ) ;
#11762 = DIRECTION ( 'NONE',  ( -1.383662747167360600E-017, -1.000000000000000000, 2.525907955783923100E-018 ) ) ;
#11763 = AXIS2_PLACEMENT_3D ( 'NONE', #11786, #11785, #11759 ) ;
#11764 = CARTESIAN_POINT ( 'NONE',  ( 19.06156544611969400, 0.4761397680645406700, -3.491416832421812000 ) ) ;
#11765 = DIRECTION ( 'NONE',  ( 0.0000000000000000000, 0.8891005170464086900, 0.4577119952413403200 ) ) ;
#11766 = VECTOR ( 'NONE', #11765, 1000.000000000000000 ) ;
#11767 = CARTESIAN_POINT ( 'NONE',  ( -6.338434553880310000, 1.475838654401051800, -4.101161967012240300 ) ) ;
#11768 = LINE ( 'NONE', #11767, #11766 ) ;
#11769 = CARTESIAN_POINT ( 'NONE',  ( 19.06156544611969400, 0.4761397680645408900, 2.045783167578187500 ) ) ;
#11770 = DIRECTION ( 'NONE',  ( -1.224606353822377300E-016, 3.916066504679276500E-017, 1.000000000000000000 ) ) ;
#11771 = DIRECTION ( 'NONE',  ( -1.000000000000000000, 6.842277657836020900E-049, -1.224606353822377300E-016 ) ) ;
#11772 = CARTESIAN_POINT ( 'NONE',  ( 11.18756544611969200, 9.270145734898340700, -3.259935706481546200 ) ) ;
#11773 = AXIS2_PLACEMENT_3D ( 'NONE', #11772, #11771, #11770 ) ;
#11774 = PLANE ( 'NONE',  #11773 ) ;
#11775 = CYLINDRICAL_SURFACE ( 'NONE', #11906, 0.6857999999999998500 ) ;
#11776 = DIRECTION ( 'NONE',  ( 1.000000000000000000, -0.0000000000000000000, 0.0000000000000000000 ) ) ;
#11777 = VECTOR ( 'NONE', #11776, 1000.000000000000000 ) ;
#11778 = CARTESIAN_POINT ( 'NONE',  ( -14.21243455388030900, 4.354504380899338200, -2.619214978964747900 ) ) ;
#11779 = FACE_OUTER_BOUND ( 'NONE', #5386, .T. ) ;
#11780 = VECTOR ( 'NONE', #11760, 1000.000000000000000 ) ;
#11781 =( NAMED_UNIT ( * ) PLANE_ANGLE_UNIT ( ) SI_UNIT ( $, .RADIAN. ) );
#11782 = UNCERTAINTY_MEASURE_WITH_UNIT (LENGTH_MEASURE( 1.000000000000000100E-005 ), #11789, 'distance_accuracy_value', 'NONE');
#11783 =( NAMED_UNIT ( * ) SI_UNIT ( $, .STERADIAN. ) SOLID_ANGLE_UNIT ( ) );
#11784 =( GEOMETRIC_REPRESENTATION_CONTEXT ( 3 ) GLOBAL_UNCERTAINTY_ASSIGNED_CONTEXT ( ( #11662 ) ) GLOBAL_UNIT_ASSIGNED_CONTEXT ( ( #11714, #11688, #11663 ) ) REPRESENTATION_CONTEXT ( 'NONE', 'WORKASPACE' ) );
#11785 = DIRECTION ( 'NONE',  ( 0.0000000000000000000, 0.4577119952413403700, -0.8891005170464086900 ) ) ;
#11786 = CARTESIAN_POINT ( 'NONE',  ( -14.21243455388030900, 1.475838654401051800, -4.101161967012240300 ) ) ;
#11787 = VECTOR ( 'NONE', #11790, 1000.000000000000000 ) ;
#11788 = CARTESIAN_POINT ( 'NONE',  ( -6.338434553880310000, 4.354504380899338200, -2.619214978964747900 ) ) ;
#11789 =( LENGTH_UNIT ( ) NAMED_UNIT ( * ) SI_UNIT ( .MILLI., .METRE. ) );
#11790 = DIRECTION ( 'NONE',  ( -1.224606353822377300E-016, 3.916066504679276500E-017, 1.000000000000000000 ) ) ;
#11791 = MECHANICAL_DESIGN_GEOMETRIC_PRESENTATION_REPRESENTATION (  '', ( #11752 ), #11758 ) ;
#11792 = PRESENTATION_LAYER_ASSIGNMENT (  '', '', ( #11752 ) ) ;
#11793 = COLOUR_RGB ( '',0.8313725490196077800, 0.8392156862745098200, 0.8274509803921568100 ) ;
#11794 = LINE ( 'NONE', #11862, #11861 ) ;
#11795 = CIRCLE ( 'NONE', #11991, 0.6858000000000000800 ) ;
#11796 =( LENGTH_UNIT ( ) NAMED_UNIT ( * ) SI_UNIT ( .MILLI., .METRE. ) );
#11797 =( GEOMETRIC_REPRESENTATION_CONTEXT ( 3 ) GLOBAL_UNCERTAINTY_ASSIGNED_CONTEXT ( ( #11819 ) ) GLOBAL_UNIT_ASSIGNED_CONTEXT ( ( #11827, #11823, #11822 ) ) REPRESENTATION_CONTEXT ( 'NONE', 'WORKASPACE' ) );
#11798 =( GEOMETRIC_REPRESENTATION_CONTEXT ( 3 ) GLOBAL_UNCERTAINTY_ASSIGNED_CONTEXT ( ( #11863 ) ) GLOBAL_UNIT_ASSIGNED_CONTEXT ( ( #11847, #11812, #11875 ) ) REPRESENTATION_CONTEXT ( 'NONE', 'WORKASPACE' ) );
#11799 = CARTESIAN_POINT ( 'NONE',  ( 11.18756544611969200, 1.475838654401052200, 2.655528302168613100 ) ) ;
#11800 = LINE ( 'NONE', #11799, #11842 ) ;
#11801 = FILL_AREA_STYLE_COLOUR ( '', #11839 ) ;
#11802 = DIRECTION ( 'NONE',  ( -1.224606353822377300E-016, 3.916066504679276500E-017, 1.000000000000000000 ) ) ;
#11803 = DIRECTION ( 'NONE',  ( -1.000000000000000000, 6.842277657836020900E-049, -1.224606353822377300E-016 ) ) ;
#11804 = AXIS2_PLACEMENT_3D ( 'NONE', #11831, #11803, #11802 ) ;
#11805 = CIRCLE ( 'NONE', #11857, 1.016000000000000000 ) ;
#11806 =( LENGTH_UNIT ( ) NAMED_UNIT ( * ) SI_UNIT ( .MILLI., .METRE. ) );
#11807 = MECHANICAL_DESIGN_GEOMETRIC_PRESENTATION_REPRESENTATION (  '', ( #11811 ), #11898 ) ;
#11808 = CARTESIAN_POINT ( 'NONE',  ( -13.34883455388031100, 0.2221397680645407800, -0.7228168324218122700 ) ) ;
#11810 = PRESENTATION_LAYER_ASSIGNMENT (  '', '', ( #11811 ) ) ;
#11809 = TOROIDAL_SURFACE ( 'NONE', #11870, 0.4104704525612473700, 0.2540000000000000000 ) ;
#11811 = STYLED_ITEM ( 'NONE', ( #11845 ), #3863 ) ;
#11812 =( NAMED_UNIT ( * ) PLANE_ANGLE_UNIT ( ) SI_UNIT ( $, .RADIAN. ) );
#11813 = SURFACE_STYLE_USAGE ( .BOTH. , #11874 ) ;
#11814 = MECHANICAL_DESIGN_GEOMETRIC_PRESENTATION_REPRESENTATION (  '', ( #11816 ), #11912 ) ;
#11815 = PRESENTATION_LAYER_ASSIGNMENT (  '', '', ( #11816 ) ) ;
#11816 = STYLED_ITEM ( 'NONE', ( #11817 ), #4209 ) ;
#11817 = PRESENTATION_STYLE_ASSIGNMENT (( #11818 ) ) ;
#11818 = SURFACE_STYLE_USAGE ( .BOTH. , #11820 ) ;
#11819 = UNCERTAINTY_MEASURE_WITH_UNIT (LENGTH_MEASURE( 1.000000000000000100E-005 ), #11827, 'distance_accuracy_value', 'NONE');
#11820 = SURFACE_SIDE_STYLE ('',( #11821 ) ) ;
#11821 = SURFACE_STYLE_FILL_AREA ( #11871 ) ;
#11822 =( NAMED_UNIT ( * ) SI_UNIT ( $, .STERADIAN. ) SOLID_ANGLE_UNIT ( ) );
#11823 =( NAMED_UNIT ( * ) PLANE_ANGLE_UNIT ( ) SI_UNIT ( $, .RADIAN. ) );
#11824 = DIRECTION ( 'NONE',  ( 1.000000000000000000, -0.0000000000000000000, 0.0000000000000000000 ) ) ;
#11825 = CARTESIAN_POINT ( 'NONE',  ( -14.21243455388030900, 5.373721586246359600, -2.670990452592120900 ) ) ;
#11826 = FILL_AREA_STYLE_COLOUR ( '', #11851 ) ;
#11827 =( LENGTH_UNIT ( ) NAMED_UNIT ( * ) SI_UNIT ( .MILLI., .METRE. ) );
#11828 = MECHANICAL_DESIGN_GEOMETRIC_PRESENTATION_REPRESENTATION (  '', ( #11830 ), #11797 ) ;
#11829 = PRESENTATION_LAYER_ASSIGNMENT (  '', '', ( #11830 ) ) ;
#11830 = STYLED_ITEM ( 'NONE', ( #11834 ), #5354 ) ;
#11831 = CARTESIAN_POINT ( 'NONE',  ( 11.18756544611969200, 1.708356347983652500, -4.552825029671815600 ) ) ;
#11832 = PLANE ( 'NONE',  #11804 ) ;
#11833 = STYLED_ITEM ( 'NONE', ( #11843 ), #5345 ) ;
#11834 = PRESENTATION_STYLE_ASSIGNMENT (( #11835 ) ) ;
#11835 = SURFACE_STYLE_USAGE ( .BOTH. , #11836 ) ;
#11836 = SURFACE_SIDE_STYLE ('',( #11837 ) ) ;
#11837 = SURFACE_STYLE_FILL_AREA ( #11838 ) ;
#11838 = FILL_AREA_STYLE ('',( #11801 ) ) ;
#11839 = COLOUR_RGB ( '',0.8313725490196077800, 0.8392156862745098200, 0.8274509803921568100 ) ;
#11840 = FACE_OUTER_BOUND ( 'NONE', #5396, .T. ) ;
#11841 = DIRECTION ( 'NONE',  ( -1.088798142361792900E-016, 0.4577119952413403700, 0.8891005170464086900 ) ) ;
#11842 = VECTOR ( 'NONE', #11841, 1000.000000000000000 ) ;
#11843 = PRESENTATION_STYLE_ASSIGNMENT (( #11813 ) ) ;
#11844 = MECHANICAL_DESIGN_GEOMETRIC_PRESENTATION_REPRESENTATION (  '', ( #11833 ), #11798 ) ;
#11845 = PRESENTATION_STYLE_ASSIGNMENT (( #11846 ) ) ;
#11846 = SURFACE_STYLE_USAGE ( .BOTH. , #11848 ) ;
#11847 =( LENGTH_UNIT ( ) NAMED_UNIT ( * ) SI_UNIT ( .MILLI., .METRE. ) );
#11848 = SURFACE_SIDE_STYLE ('',( #11849 ) ) ;
#11849 = SURFACE_STYLE_FILL_AREA ( #11850 ) ;
#11850 = FILL_AREA_STYLE ('',( #11826 ) ) ;
#11851 = COLOUR_RGB ( '',0.8313725490196077800, 0.8392156862745098200, 0.8274509803921568100 ) ;
#11852 = FACE_OUTER_BOUND ( 'NONE', #3864, .T. ) ;
#11853 = VECTOR ( 'NONE', #11824, 1000.000000000000000 ) ;
#11854 = DIRECTION ( 'NONE',  ( 0.0000000000000000000, 0.0000000000000000000, 1.000000000000000000 ) ) ;
#11855 = DIRECTION ( 'NONE',  ( -1.000000000000000000, 0.0000000000000000000, 0.0000000000000000000 ) ) ;
#11856 = CARTESIAN_POINT ( 'NONE',  ( -6.338434553880310000, 4.819539768064540700, -3.522541104283898800 ) ) ;
#11857 = AXIS2_PLACEMENT_3D ( 'NONE', #11856, #11855, #11854 ) ;
#11858 = PRESENTATION_LAYER_ASSIGNMENT (  '', '', ( #11833 ) ) ;
#11859 = FACE_OUTER_BOUND ( 'NONE', #5425, .T. ) ;
#11860 = DIRECTION ( 'NONE',  ( 0.0000000000000000000, 0.8891005170464086900, 0.4577119952413403700 ) ) ;
#11861 = VECTOR ( 'NONE', #11860, 1000.000000000000000 ) ;
#11862 = CARTESIAN_POINT ( 'NONE',  ( -13.45043455388031000, 1.475838654401051800, -4.101161967012240300 ) ) ;
#11863 = UNCERTAINTY_MEASURE_WITH_UNIT (LENGTH_MEASURE( 1.000000000000000100E-005 ), #11847, 'distance_accuracy_value', 'NONE');
#11864 = FILL_AREA_STYLE ('',( #11876 ) ) ;
#11865 = LINE ( 'NONE', #11825, #11853 ) ;
#11866 = FILL_AREA_STYLE_COLOUR ( '', #11872 ) ;
#11867 = FACE_OUTER_BOUND ( 'NONE', #4210, .T. ) ;
#11868 = DIRECTION ( 'NONE',  ( 1.000000000000000000, 0.0000000000000000000, 0.0000000000000000000 ) ) ;
#11869 = DIRECTION ( 'NONE',  ( 0.0000000000000000000, -1.000000000000000000, 3.916066504679277800E-017 ) ) ;
#11870 = AXIS2_PLACEMENT_3D ( 'NONE', #11808, #11869, #11868 ) ;
#11871 = FILL_AREA_STYLE ('',( #11866 ) ) ;
#11872 = COLOUR_RGB ( '',0.8313725490196077800, 0.8392156862745098200, 0.8274509803921568100 ) ;
#11873 = SURFACE_STYLE_FILL_AREA ( #11864 ) ;
#11874 = SURFACE_SIDE_STYLE ('',( #11873 ) ) ;
#11875 =( NAMED_UNIT ( * ) SI_UNIT ( $, .STERADIAN. ) SOLID_ANGLE_UNIT ( ) );
#11876 = FILL_AREA_STYLE_COLOUR ( '', #11793 ) ;
#11877 = PLANE ( 'NONE',  #11899 ) ;
#11878 =( LENGTH_UNIT ( ) NAMED_UNIT ( * ) SI_UNIT ( .MILLI., .METRE. ) );
#11879 = MECHANICAL_DESIGN_GEOMETRIC_PRESENTATION_REPRESENTATION (  '', ( #11881 ), #11896 ) ;
#11880 = PRESENTATION_LAYER_ASSIGNMENT (  '', '', ( #11881 ) ) ;
#11881 = STYLED_ITEM ( 'NONE', ( #11882 ), #3871 ) ;
#11882 = PRESENTATION_STYLE_ASSIGNMENT (( #11883 ) ) ;
#11883 = SURFACE_STYLE_USAGE ( .BOTH. , #11884 ) ;
#11884 = SURFACE_SIDE_STYLE ('',( #11885 ) ) ;
#11885 = SURFACE_STYLE_FILL_AREA ( #11886 ) ;
#11886 = FILL_AREA_STYLE ('',( #11900 ) ) ;
#11887 = FACE_OUTER_BOUND ( 'NONE', #3870, .T. ) ;
#11888 = DIRECTION ( 'NONE',  ( 0.6712839649510508000, -0.7412002687530518900, 2.902589545723105900E-017 ) ) ;
#11889 = DIRECTION ( 'NONE',  ( -0.7071067811865473500, -0.6404064646620194500, -0.2997991994970865000 ) ) ;
#11890 = CARTESIAN_POINT ( 'NONE',  ( -6.338434553880310000, 9.552345989847749400, 3.606893342440189000 ) ) ;
#11891 =( NAMED_UNIT ( * ) PLANE_ANGLE_UNIT ( ) SI_UNIT ( $, .RADIAN. ) );
#11892 = UNCERTAINTY_MEASURE_WITH_UNIT (LENGTH_MEASURE( 1.000000000000000100E-005 ), #11806, 'distance_accuracy_value', 'NONE');
#11893 = UNCERTAINTY_MEASURE_WITH_UNIT (LENGTH_MEASURE( 1.000000000000000100E-005 ), #11230, 'distance_accuracy_value', 'NONE');
#11894 =( NAMED_UNIT ( * ) SI_UNIT ( $, .STERADIAN. ) SOLID_ANGLE_UNIT ( ) );
#11895 =( NAMED_UNIT ( * ) PLANE_ANGLE_UNIT ( ) SI_UNIT ( $, .RADIAN. ) );
#11896 =( GEOMETRIC_REPRESENTATION_CONTEXT ( 3 ) GLOBAL_UNCERTAINTY_ASSIGNED_CONTEXT ( ( #11902 ) ) GLOBAL_UNIT_ASSIGNED_CONTEXT ( ( #11878, #11895, #11903 ) ) REPRESENTATION_CONTEXT ( 'NONE', 'WORKASPACE' ) );
#11897 =( NAMED_UNIT ( * ) SI_UNIT ( $, .STERADIAN. ) SOLID_ANGLE_UNIT ( ) );
#11898 =( GEOMETRIC_REPRESENTATION_CONTEXT ( 3 ) GLOBAL_UNCERTAINTY_ASSIGNED_CONTEXT ( ( #11892 ) ) GLOBAL_UNIT_ASSIGNED_CONTEXT ( ( #11806, #11467, #11897 ) ) REPRESENTATION_CONTEXT ( 'NONE', 'WORKASPACE' ) );
#11899 = AXIS2_PLACEMENT_3D ( 'NONE', #11890, #11889, #11888 ) ;
#11900 = FILL_AREA_STYLE_COLOUR ( '', #11901 ) ;
#11901 = COLOUR_RGB ( '',0.8313725490196077800, 0.8392156862745098200, 0.8274509803921568100 ) ;
#11902 = UNCERTAINTY_MEASURE_WITH_UNIT (LENGTH_MEASURE( 1.000000000000000100E-005 ), #11878, 'distance_accuracy_value', 'NONE');
#11903 =( NAMED_UNIT ( * ) SI_UNIT ( $, .STERADIAN. ) SOLID_ANGLE_UNIT ( ) );
#11904 = DIRECTION ( 'NONE',  ( -1.000000000000000000, 5.872771121110819100E-049, -1.224606353822377300E-016 ) ) ;
#11905 = CARTESIAN_POINT ( 'NONE',  ( 19.06156544611969400, 1.161939768064540900, -3.491416832421812400 ) ) ;
#11906 = AXIS2_PLACEMENT_3D ( 'NONE', #11905, #11904, #11943 ) ;
#11907 =( NAMED_UNIT ( * ) PLANE_ANGLE_UNIT ( ) SI_UNIT ( $, .RADIAN. ) );
#11908 = SURFACE_SIDE_STYLE ('',( #11909 ) ) ;
#11909 = SURFACE_STYLE_FILL_AREA ( #11910 ) ;
#11910 = FILL_AREA_STYLE ('',( #11911 ) ) ;
#11911 = FILL_AREA_STYLE_COLOUR ( '', #11923 ) ;
#11912 =( GEOMETRIC_REPRESENTATION_CONTEXT ( 3 ) GLOBAL_UNCERTAINTY_ASSIGNED_CONTEXT ( ( #11893 ) ) GLOBAL_UNIT_ASSIGNED_CONTEXT ( ( #11230, #11891, #11894 ) ) REPRESENTATION_CONTEXT ( 'NONE', 'WORKASPACE' ) );
#11913 = AXIS2_PLACEMENT_3D ( 'NONE', #11960, #11950, #11916 ) ;
#11914 =( GEOMETRIC_REPRESENTATION_CONTEXT ( 3 ) GLOBAL_UNCERTAINTY_ASSIGNED_CONTEXT ( ( #11958 ) ) GLOBAL_UNIT_ASSIGNED_CONTEXT ( ( #11944, #11907, #11959 ) ) REPRESENTATION_CONTEXT ( 'NONE', 'WORKASPACE' ) );
#11915 = CARTESIAN_POINT ( 'NONE',  ( -14.21243455388030900, 1.161939768064541100, 2.045783167578186600 ) ) ;
#11916 = DIRECTION ( 'NONE',  ( 0.0000000000000000000, 2.667820306312757100E-017, 1.000000000000000000 ) ) ;
#11917 = CYLINDRICAL_SURFACE ( 'NONE', #11955, 1.193800000000000000 ) ;
#11918 = DIRECTION ( 'NONE',  ( 0.0000000000000000000, 0.0000000000000000000, -1.000000000000000000 ) ) ;
#11919 = CARTESIAN_POINT ( 'NONE',  ( -12.25663455388031100, 11.27113976806454300, -4.196678919494356600 ) ) ;
#11920 = AXIS2_PLACEMENT_3D ( 'NONE', #11919, #11966, #11965 ) ;
#11921 = PLANE ( 'NONE',  #11920 ) ;
#11922 = COLOUR_RGB ( '',0.8313725490196077800, 0.8392156862745098200, 0.8274509803921568100 ) ;
#11923 = COLOUR_RGB ( '',0.8313725490196077800, 0.8392156862745098200, 0.8274509803921568100 ) ;
#11924 = FACE_OUTER_BOUND ( 'NONE', #3875, .T. ) ;
#11925 = FILL_AREA_STYLE ('',( #11926 ) ) ;
#11926 = FILL_AREA_STYLE_COLOUR ( '', #11922 ) ;
#11927 = MECHANICAL_DESIGN_GEOMETRIC_PRESENTATION_REPRESENTATION (  '', ( #11929 ), #12001 ) ;
#11928 = PRESENTATION_LAYER_ASSIGNMENT (  '', '', ( #11929 ) ) ;
#11929 = STYLED_ITEM ( 'NONE', ( #11931 ), #3888 ) ;
#11930 =( NAMED_UNIT ( * ) PLANE_ANGLE_UNIT ( ) SI_UNIT ( $, .RADIAN. ) );
#11931 = PRESENTATION_STYLE_ASSIGNMENT (( #11932 ) ) ;
#11932 = SURFACE_STYLE_USAGE ( .BOTH. , #11933 ) ;
#11933 = SURFACE_SIDE_STYLE ('',( #11934 ) ) ;
#11934 = SURFACE_STYLE_FILL_AREA ( #11935 ) ;
#11935 = FILL_AREA_STYLE ('',( #11964 ) ) ;
#11936 = COLOUR_RGB ( '',0.8313725490196077800, 0.8392156862745098200, 0.8274509803921568100 ) ;
#11937 = FACE_OUTER_BOUND ( 'NONE', #3889, .T. ) ;
#11938 = DIRECTION ( 'NONE',  ( -0.0000000000000000000, -0.4239800939173772900, 0.9056715077564336800 ) ) ;
#11939 = VECTOR ( 'NONE', #11938, 1000.000000000000100 ) ;
#11940 = CARTESIAN_POINT ( 'NONE',  ( -13.45043455388031000, 9.485527622608366000, 1.354220915697648100 ) ) ;
#11941 = LINE ( 'NONE', #11940, #11939 ) ;
#11942 = FACE_OUTER_BOUND ( 'NONE', #4214, .T. ) ;
#11943 = DIRECTION ( 'NONE',  ( 0.0000000000000000000, 0.0000000000000000000, 1.000000000000000000 ) ) ;
#11944 =( LENGTH_UNIT ( ) NAMED_UNIT ( * ) SI_UNIT ( .MILLI., .METRE. ) );
#11945 = MECHANICAL_DESIGN_GEOMETRIC_PRESENTATION_REPRESENTATION (  '', ( #11947 ), #11914 ) ;
#11946 = PRESENTATION_LAYER_ASSIGNMENT (  '', '', ( #11947 ) ) ;
#11947 = STYLED_ITEM ( 'NONE', ( #11948 ), #3874 ) ;
#11948 = PRESENTATION_STYLE_ASSIGNMENT (( #11949 ) ) ;
#11949 = SURFACE_STYLE_USAGE ( .BOTH. , #11908 ) ;
#11950 = DIRECTION ( 'NONE',  ( 0.0000000000000000000, 1.000000000000000000, -2.667820306312757100E-017 ) ) ;
#11951 = SPHERICAL_SURFACE ( 'NONE', #11913, 0.2540000000000000000 ) ;
#11952 =( LENGTH_UNIT ( ) NAMED_UNIT ( * ) SI_UNIT ( .MILLI., .METRE. ) );
#11953 = MECHANICAL_DESIGN_GEOMETRIC_PRESENTATION_REPRESENTATION (  '', ( #11956 ), #12065 ) ;
#11955 = AXIS2_PLACEMENT_3D ( 'NONE', #11915, #11967, #11918 ) ;
#11954 = PRESENTATION_LAYER_ASSIGNMENT (  '', '', ( #11956 ) ) ;
#11956 = STYLED_ITEM ( 'NONE', ( #11957 ), #4213 ) ;
#11957 = PRESENTATION_STYLE_ASSIGNMENT (( #11961 ) ) ;
#11958 = UNCERTAINTY_MEASURE_WITH_UNIT (LENGTH_MEASURE( 1.000000000000000100E-005 ), #11944, 'distance_accuracy_value', 'NONE');
#11959 =( NAMED_UNIT ( * ) SI_UNIT ( $, .STERADIAN. ) SOLID_ANGLE_UNIT ( ) );
#11960 = CARTESIAN_POINT ( 'NONE',  ( -13.34883455388031100, -0.03186023193545921300, -0.7228168324218122700 ) ) ;
#11961 = SURFACE_STYLE_USAGE ( .BOTH. , #11962 ) ;
#11962 = SURFACE_SIDE_STYLE ('',( #11963 ) ) ;
#11963 = SURFACE_STYLE_FILL_AREA ( #11925 ) ;
#11964 = FILL_AREA_STYLE_COLOUR ( '', #11936 ) ;
#11965 = DIRECTION ( 'NONE',  ( 0.6712839649510506900, 0.7412002687530520100, -2.902589545723105900E-017 ) ) ;
#11966 = DIRECTION ( 'NONE',  ( 0.7071067811865474600, -0.6404064646620193400, 0.2997991994970865000 ) ) ;
#11967 = DIRECTION ( 'NONE',  ( 1.000000000000000000, -0.0000000000000000000, 0.0000000000000000000 ) ) ;
#11968 = STYLED_ITEM ( 'NONE', ( #11979 ), #5357 ) ;
#11969 = UNCERTAINTY_MEASURE_WITH_UNIT (LENGTH_MEASURE( 1.000000000000000100E-005 ), #11972, 'distance_accuracy_value', 'NONE');
#11970 = FILL_AREA_STYLE ('',( #11995 ) ) ;
#11971 = FACE_OUTER_BOUND ( 'NONE', #5374, .T. ) ;
#11972 =( LENGTH_UNIT ( ) NAMED_UNIT ( * ) SI_UNIT ( .MILLI., .METRE. ) );
#11973 = SURFACE_SIDE_STYLE ('',( #11994 ) ) ;
#11974 =( NAMED_UNIT ( * ) PLANE_ANGLE_UNIT ( ) SI_UNIT ( $, .RADIAN. ) );
#11975 = MECHANICAL_DESIGN_GEOMETRIC_PRESENTATION_REPRESENTATION (  '', ( #11968 ), #11993 ) ;
#11976 = UNCERTAINTY_MEASURE_WITH_UNIT (LENGTH_MEASURE( 1.000000000000000100E-005 ), #11982, 'distance_accuracy_value', 'NONE');
#11977 =( NAMED_UNIT ( * ) SI_UNIT ( $, .STERADIAN. ) SOLID_ANGLE_UNIT ( ) );
#11978 =( NAMED_UNIT ( * ) SI_UNIT ( $, .STERADIAN. ) SOLID_ANGLE_UNIT ( ) );
#11979 = PRESENTATION_STYLE_ASSIGNMENT (( #11983 ) ) ;
#11980 = PRESENTATION_LAYER_ASSIGNMENT (  '', '', ( #11968 ) ) ;
#11981 =( NAMED_UNIT ( * ) PLANE_ANGLE_UNIT ( ) SI_UNIT ( $, .RADIAN. ) );
#11982 =( LENGTH_UNIT ( ) NAMED_UNIT ( * ) SI_UNIT ( .MILLI., .METRE. ) );
#11983 = SURFACE_STYLE_USAGE ( .BOTH. , #11973 ) ;
#11984 = DIRECTION ( 'NONE',  ( 0.0000000000000000000, 0.0000000000000000000, -1.000000000000000000 ) ) ;
#11985 = DIRECTION ( 'NONE',  ( -1.000000000000000000, 5.872771121110819100E-049, -1.224606353822377300E-016 ) ) ;
#11986 = DIRECTION ( 'NONE',  ( -1.224606353822377300E-016, 3.916066504679276500E-017, 1.000000000000000000 ) ) ;
#11987 = DIRECTION ( 'NONE',  ( -1.000000000000000000, 6.842277657836020900E-049, -1.224606353822377300E-016 ) ) ;
#11988 = CARTESIAN_POINT ( 'NONE',  ( 11.18756544611969200, 5.096630677155449300, 1.651132113594382600 ) ) ;
#11989 = AXIS2_PLACEMENT_3D ( 'NONE', #11988, #11987, #11986 ) ;
#11990 = CARTESIAN_POINT ( 'NONE',  ( 19.06156544611969400, 1.161939768064540900, 2.045783167578187000 ) ) ;
#11991 = AXIS2_PLACEMENT_3D ( 'NONE', #11990, #11985, #11984 ) ;
#11992 = PLANE ( 'NONE',  #11989 ) ;
#11993 =( GEOMETRIC_REPRESENTATION_CONTEXT ( 3 ) GLOBAL_UNCERTAINTY_ASSIGNED_CONTEXT ( ( #11969 ) ) GLOBAL_UNIT_ASSIGNED_CONTEXT ( ( #11972, #11974, #11978 ) ) REPRESENTATION_CONTEXT ( 'NONE', 'WORKASPACE' ) );
#11994 = SURFACE_STYLE_FILL_AREA ( #11970 ) ;
#11995 = FILL_AREA_STYLE_COLOUR ( '', #11996 ) ;
#11996 = COLOUR_RGB ( '',0.8313725490196077800, 0.8392156862745098200, 0.8274509803921568100 ) ;
#11997 = DIRECTION ( 'NONE',  ( 0.0000000000000000000, 0.0000000000000000000, 1.000000000000000000 ) ) ;
#11998 = AXIS2_PLACEMENT_3D ( 'NONE', #12014, #12013, #12012 ) ;
#11999 = FACE_OUTER_BOUND ( 'NONE', #5368, .T. ) ;
#12000 = CIRCLE ( 'NONE', #11998, 1.193800000000000000 ) ;
#12001 =( GEOMETRIC_REPRESENTATION_CONTEXT ( 3 ) GLOBAL_UNCERTAINTY_ASSIGNED_CONTEXT ( ( #11976 ) ) GLOBAL_UNIT_ASSIGNED_CONTEXT ( ( #11982, #11981, #11977 ) ) REPRESENTATION_CONTEXT ( 'NONE', 'WORKASPACE' ) );
#12002 = MECHANICAL_DESIGN_GEOMETRIC_PRESENTATION_REPRESENTATION (  '', ( #12004 ), #12024 ) ;
#12003 = PRESENTATION_LAYER_ASSIGNMENT (  '', '', ( #12004 ) ) ;
#12004 = STYLED_ITEM ( 'NONE', ( #12005 ), #5367 ) ;
#12005 = PRESENTATION_STYLE_ASSIGNMENT (( #12006 ) ) ;
#12006 = SURFACE_STYLE_USAGE ( .BOTH. , #12007 ) ;
#12007 = SURFACE_SIDE_STYLE ('',( #12008 ) ) ;
#12008 = SURFACE_STYLE_FILL_AREA ( #12009 ) ;
#12009 = FILL_AREA_STYLE ('',( #12010 ) ) ;
#12010 = FILL_AREA_STYLE_COLOUR ( '', #12011 ) ;
#12011 = COLOUR_RGB ( '',0.8313725490196077800, 0.8392156862745098200, 0.8274509803921568100 ) ;
#12012 = DIRECTION ( 'NONE',  ( 0.0000000000000000000, 0.0000000000000000000, 1.000000000000000000 ) ) ;
#12013 = DIRECTION ( 'NONE',  ( -1.000000000000000000, 5.872771121110819100E-049, -1.224606353822377300E-016 ) ) ;
#12014 = CARTESIAN_POINT ( 'NONE',  ( 11.18756544611969200, 1.161939768064540900, 2.045783167578186100 ) ) ;
#12015 =( NAMED_UNIT ( * ) SI_UNIT ( $, .STERADIAN. ) SOLID_ANGLE_UNIT ( ) );
#12016 = CARTESIAN_POINT ( 'NONE',  ( -10.88331238751371700, 7.105539768064542000, 1.258383167578188000 ) ) ;
#12017 = AXIS2_PLACEMENT_3D ( 'NONE', #12016, #12025, #12043 ) ;
#12018 = MECHANICAL_DESIGN_GEOMETRIC_PRESENTATION_REPRESENTATION (  '', ( #12038 ), #12071 ) ;
#12019 = PRESENTATION_LAYER_ASSIGNMENT (  '', '', ( #12038 ) ) ;
#12020 =( NAMED_UNIT ( * ) PLANE_ANGLE_UNIT ( ) SI_UNIT ( $, .RADIAN. ) );
#12021 = MECHANICAL_DESIGN_GEOMETRIC_PRESENTATION_REPRESENTATION (  '', ( #12057 ), #12068 ) ;
#12022 = CARTESIAN_POINT ( 'NONE',  ( 18.29956544611969300, 9.270145734898340700, 1.814302041637919000 ) ) ;
#12023 = PLANE ( 'NONE',  #12034 ) ;
#12024 =( GEOMETRIC_REPRESENTATION_CONTEXT ( 3 ) GLOBAL_UNCERTAINTY_ASSIGNED_CONTEXT ( ( #12053 ) ) GLOBAL_UNIT_ASSIGNED_CONTEXT ( ( #11796, #12061, #12015 ) ) REPRESENTATION_CONTEXT ( 'NONE', 'WORKASPACE' ) );
#12025 = DIRECTION ( 'NONE',  ( 0.0000000000000000000, -3.916066504679277800E-017, -1.000000000000000000 ) ) ;
#12026 = LINE ( 'NONE', #12030, #12029 ) ;
#12027 = FILL_AREA_STYLE_COLOUR ( '', #12033 ) ;
#12028 = DIRECTION ( 'NONE',  ( -0.0000000000000000000, -0.4577119952413404300, -0.8891005170464085800 ) ) ;
#12029 = VECTOR ( 'NONE', #12028, 1000.000000000000100 ) ;
#12030 = CARTESIAN_POINT ( 'NONE',  ( -13.45043455388031000, 4.587022074481939000, 1.625244376780697000 ) ) ;
#12031 = CYLINDRICAL_SURFACE ( 'NONE', #12017, 3.683000000000083800 ) ;
#12032 = FILL_AREA_STYLE ('',( #12027 ) ) ;
#12033 = COLOUR_RGB ( '',0.8313725490196077800, 0.8392156862745098200, 0.8274509803921568100 ) ;
#12034 = AXIS2_PLACEMENT_3D ( 'NONE', #12022, #12050, #12049 ) ;
#12035 = FACE_OUTER_BOUND ( 'NONE', #3879, .T. ) ;
#12036 = COLOUR_RGB ( '',0.8313725490196077800, 0.8392156862745098200, 0.8274509803921568100 ) ;
#12037 = FACE_OUTER_BOUND ( 'NONE', #5364, .T. ) ;
#12038 = STYLED_ITEM ( 'NONE', ( #12039 ), #3897 ) ;
#12039 = PRESENTATION_STYLE_ASSIGNMENT (( #12040 ) ) ;
#12040 = SURFACE_STYLE_USAGE ( .BOTH. , #12041 ) ;
#12041 = SURFACE_SIDE_STYLE ('',( #12042 ) ) ;
#12042 = SURFACE_STYLE_FILL_AREA ( #12032 ) ;
#12043 = DIRECTION ( 'NONE',  ( -1.000000000000000000, 0.0000000000000000000, 0.0000000000000000000 ) ) ;
#12044 = UNCERTAINTY_MEASURE_WITH_UNIT (LENGTH_MEASURE( 1.000000000000000100E-005 ), #12051, 'distance_accuracy_value', 'NONE');
#12045 =( NAMED_UNIT ( * ) SI_UNIT ( $, .STERADIAN. ) SOLID_ANGLE_UNIT ( ) );
#12046 = SURFACE_STYLE_FILL_AREA ( #12047 ) ;
#12047 = FILL_AREA_STYLE ('',( #12048 ) ) ;
#12048 = FILL_AREA_STYLE_COLOUR ( '', #12036 ) ;
#12049 = DIRECTION ( 'NONE',  ( 6.136470025924214300E-017, 0.9056715077564336800, 0.4239800939173772900 ) ) ;
#12050 = DIRECTION ( 'NONE',  ( 1.000000000000000000, -1.025995147548117200E-016, 7.442980794748407900E-017 ) ) ;
#12051 =( LENGTH_UNIT ( ) NAMED_UNIT ( * ) SI_UNIT ( .MILLI., .METRE. ) );
#12052 =( NAMED_UNIT ( * ) SI_UNIT ( $, .STERADIAN. ) SOLID_ANGLE_UNIT ( ) );
#12053 = UNCERTAINTY_MEASURE_WITH_UNIT (LENGTH_MEASURE( 1.000000000000000100E-005 ), #11796, 'distance_accuracy_value', 'NONE');
#12054 =( NAMED_UNIT ( * ) PLANE_ANGLE_UNIT ( ) SI_UNIT ( $, .RADIAN. ) );
#12055 =( LENGTH_UNIT ( ) NAMED_UNIT ( * ) SI_UNIT ( .MILLI., .METRE. ) );
#12056 = PRESENTATION_LAYER_ASSIGNMENT (  '', '', ( #12057 ) ) ;
#12057 = STYLED_ITEM ( 'NONE', ( #12058 ), #5372 ) ;
#12058 = PRESENTATION_STYLE_ASSIGNMENT (( #12059 ) ) ;
#12059 = SURFACE_STYLE_USAGE ( .BOTH. , #12060 ) ;
#12060 = SURFACE_SIDE_STYLE ('',( #12046 ) ) ;
#12061 =( NAMED_UNIT ( * ) PLANE_ANGLE_UNIT ( ) SI_UNIT ( $, .RADIAN. ) );
#12062 =( LENGTH_UNIT ( ) NAMED_UNIT ( * ) SI_UNIT ( .MILLI., .METRE. ) );
#12063 = MECHANICAL_DESIGN_GEOMETRIC_PRESENTATION_REPRESENTATION (  '', ( #12080 ), #12078 ) ;
#12064 = PRESENTATION_LAYER_ASSIGNMENT (  '', '', ( #12080 ) ) ;
#12065 =( GEOMETRIC_REPRESENTATION_CONTEXT ( 3 ) GLOBAL_UNCERTAINTY_ASSIGNED_CONTEXT ( ( #12066 ) ) GLOBAL_UNIT_ASSIGNED_CONTEXT ( ( #11952, #11930, #11361 ) ) REPRESENTATION_CONTEXT ( 'NONE', 'WORKASPACE' ) );
#12066 = UNCERTAINTY_MEASURE_WITH_UNIT (LENGTH_MEASURE( 1.000000000000000100E-005 ), #11952, 'distance_accuracy_value', 'NONE');
#12067 = PLANE ( 'NONE',  #12074 ) ;
#12068 =( GEOMETRIC_REPRESENTATION_CONTEXT ( 3 ) GLOBAL_UNCERTAINTY_ASSIGNED_CONTEXT ( ( #12044 ) ) GLOBAL_UNIT_ASSIGNED_CONTEXT ( ( #12051, #12020, #12045 ) ) REPRESENTATION_CONTEXT ( 'NONE', 'WORKASPACE' ) );
#12069 =( NAMED_UNIT ( * ) SI_UNIT ( $, .STERADIAN. ) SOLID_ANGLE_UNIT ( ) );
#12070 =( NAMED_UNIT ( * ) PLANE_ANGLE_UNIT ( ) SI_UNIT ( $, .RADIAN. ) );
#12071 =( GEOMETRIC_REPRESENTATION_CONTEXT ( 3 ) GLOBAL_UNCERTAINTY_ASSIGNED_CONTEXT ( ( #12077 ) ) GLOBAL_UNIT_ASSIGNED_CONTEXT ( ( #12055, #12054, #12052 ) ) REPRESENTATION_CONTEXT ( 'NONE', 'WORKASPACE' ) );
#12072 = DIRECTION ( 'NONE',  ( 0.7071067811865473500, 0.6404064646620195600, -0.2997991994970865500 ) ) ;
#12073 = CARTESIAN_POINT ( 'NONE',  ( -6.338434553880310000, 9.974567234394887900, -4.150612609316058700 ) ) ;
#12074 = AXIS2_PLACEMENT_3D ( 'NONE', #12073, #12072, #12087 ) ;
#12075 = COLOUR_RGB ( '',0.8313725490196077800, 0.8392156862745098200, 0.8274509803921568100 ) ;
#12076 = FACE_OUTER_BOUND ( 'NONE', #3903, .T. ) ;
#12077 = UNCERTAINTY_MEASURE_WITH_UNIT (LENGTH_MEASURE( 1.000000000000000100E-005 ), #12055, 'distance_accuracy_value', 'NONE');
#12078 =( GEOMETRIC_REPRESENTATION_CONTEXT ( 3 ) GLOBAL_UNCERTAINTY_ASSIGNED_CONTEXT ( ( #12079 ) ) GLOBAL_UNIT_ASSIGNED_CONTEXT ( ( #12062, #12070, #12069 ) ) REPRESENTATION_CONTEXT ( 'NONE', 'WORKASPACE' ) );
#12079 = UNCERTAINTY_MEASURE_WITH_UNIT (LENGTH_MEASURE( 1.000000000000000100E-005 ), #12062, 'distance_accuracy_value', 'NONE');
#12080 = STYLED_ITEM ( 'NONE', ( #12081 ), #3902 ) ;
#12081 = PRESENTATION_STYLE_ASSIGNMENT (( #12082 ) ) ;
#12082 = SURFACE_STYLE_USAGE ( .BOTH. , #12083 ) ;
#12083 = SURFACE_SIDE_STYLE ('',( #12084 ) ) ;
#12084 = SURFACE_STYLE_FILL_AREA ( #12085 ) ;
#12085 = FILL_AREA_STYLE ('',( #12086 ) ) ;
#12086 = FILL_AREA_STYLE_COLOUR ( '', #12075 ) ;
#12087 = DIRECTION ( 'NONE',  ( -0.6712839649510509200, 0.7412002687530518900, -2.902589545723105300E-017 ) ) ;
#12088 = UNCERTAINTY_MEASURE_WITH_UNIT (LENGTH_MEASURE( 1.000000000000000100E-005 ), #12104, 'distance_accuracy_value', 'NONE');
#12089 =( NAMED_UNIT ( * ) SI_UNIT ( $, .STERADIAN. ) SOLID_ANGLE_UNIT ( ) );
#12090 = AXIS2_PLACEMENT_3D ( 'NONE', #12105, #12108, #12107 ) ;
#12091 = AXIS2_PLACEMENT_3D ( 'NONE', #12101, #12100, #12099 ) ;
#12092 = COLOUR_RGB ( '',0.8313725490196077800, 0.8392156862745098200, 0.8274509803921568100 ) ;
#12093 = FACE_OUTER_BOUND ( 'NONE', #5490, .T. ) ;
#12094 = DIRECTION ( 'NONE',  ( 1.107079261569819800E-031, 1.000000000000000000, -8.928631630668749500E-016 ) ) ;
#12095 = VECTOR ( 'NONE', #12094, 1000.000000000000000 ) ;
#12096 = CARTESIAN_POINT ( 'NONE',  ( 11.18756544611969200, -0.03186023193545909500, 2.045783167578186600 ) ) ;
#12097 = FILL_AREA_STYLE_COLOUR ( '', #12092 ) ;
#12098 = PLANE ( 'NONE',  #12090 ) ;
#12099 = DIRECTION ( 'NONE',  ( -1.000000000000000000, 0.0000000000000000000, 0.0000000000000000000 ) ) ;
#12100 = DIRECTION ( 'NONE',  ( 0.0000000000000000000, 1.000000000000000000, -3.916066504679277800E-017 ) ) ;
#12101 = CARTESIAN_POINT ( 'NONE',  ( -13.34883455388031100, 0.3491397680645407800, -0.7228168324218122700 ) ) ;
#12102 = UNCERTAINTY_MEASURE_WITH_UNIT (LENGTH_MEASURE( 1.000000000000000100E-005 ), #12134, 'distance_accuracy_value', 'NONE');
#12103 =( NAMED_UNIT ( * ) PLANE_ANGLE_UNIT ( ) SI_UNIT ( $, .RADIAN. ) );
#12104 =( LENGTH_UNIT ( ) NAMED_UNIT ( * ) SI_UNIT ( .MILLI., .METRE. ) );
#12105 = CARTESIAN_POINT ( 'NONE',  ( 11.18756544611969200, -0.03186023193545909500, 2.045783167578186600 ) ) ;
#12106 = LINE ( 'NONE', #12096, #12095 ) ;
#12107 = DIRECTION ( 'NONE',  ( -1.224606353822377300E-016, 3.916066504679276500E-017, 1.000000000000000000 ) ) ;
#12108 = DIRECTION ( 'NONE',  ( -1.000000000000000000, 6.842277657836020900E-049, -1.224606353822377300E-016 ) ) ;
#12109 = PLANE ( 'NONE',  #12091 ) ;
#12110 = MECHANICAL_DESIGN_GEOMETRIC_PRESENTATION_REPRESENTATION (  '', ( #12112 ), #12127 ) ;
#12111 = PRESENTATION_LAYER_ASSIGNMENT (  '', '', ( #12112 ) ) ;
#12112 = STYLED_ITEM ( 'NONE', ( #12113 ), #5384 ) ;
#12113 = PRESENTATION_STYLE_ASSIGNMENT (( #12114 ) ) ;
#12114 = SURFACE_STYLE_USAGE ( .BOTH. , #12115 ) ;
#12115 = SURFACE_SIDE_STYLE ('',( #12116 ) ) ;
#12116 = SURFACE_STYLE_FILL_AREA ( #12117 ) ;
#12117 = FILL_AREA_STYLE ('',( #12097 ) ) ;
#12118 = PRESENTATION_LAYER_ASSIGNMENT (  '', '', ( #12119 ) ) ;
#12119 = STYLED_ITEM ( 'NONE', ( #12120 ), #4220 ) ;
#12120 = PRESENTATION_STYLE_ASSIGNMENT (( #12121 ) ) ;
#12121 = SURFACE_STYLE_USAGE ( .BOTH. , #12122 ) ;
#12122 = SURFACE_SIDE_STYLE ('',( #12123 ) ) ;
#12123 = SURFACE_STYLE_FILL_AREA ( #12124 ) ;
#12124 = FILL_AREA_STYLE ('',( #12133 ) ) ;
#12125 =( NAMED_UNIT ( * ) SI_UNIT ( $, .STERADIAN. ) SOLID_ANGLE_UNIT ( ) );
#12126 =( NAMED_UNIT ( * ) PLANE_ANGLE_UNIT ( ) SI_UNIT ( $, .RADIAN. ) );
#12127 =( GEOMETRIC_REPRESENTATION_CONTEXT ( 3 ) GLOBAL_UNCERTAINTY_ASSIGNED_CONTEXT ( ( #12088 ) ) GLOBAL_UNIT_ASSIGNED_CONTEXT ( ( #12104, #12103, #12089 ) ) REPRESENTATION_CONTEXT ( 'NONE', 'WORKASPACE' ) );
#12128 = CARTESIAN_POINT ( 'NONE',  ( -13.34883455388031100, 0.3491397680645407800, -0.7228168324218122700 ) ) ;
#12129 = AXIS2_PLACEMENT_3D ( 'NONE', #12128, #12131, #12136 ) ;
#12130 = CIRCLE ( 'NONE', #12129, 0.1904999999999997000 ) ;
#12131 = DIRECTION ( 'NONE',  ( 0.0000000000000000000, 1.000000000000000000, -3.916066504679277800E-017 ) ) ;
#12132 = FACE_OUTER_BOUND ( 'NONE', #4221, .T. ) ;
#12133 = FILL_AREA_STYLE_COLOUR ( '', #12137 ) ;
#12134 =( LENGTH_UNIT ( ) NAMED_UNIT ( * ) SI_UNIT ( .MILLI., .METRE. ) );
#12135 = MECHANICAL_DESIGN_GEOMETRIC_PRESENTATION_REPRESENTATION (  '', ( #12119 ), #12163 ) ;
#12136 = DIRECTION ( 'NONE',  ( -1.000000000000000000, 0.0000000000000000000, 0.0000000000000000000 ) ) ;
#12137 = COLOUR_RGB ( '',0.8313725490196077800, 0.8392156862745098200, 0.8274509803921568100 ) ;
#12138 = AXIS2_PLACEMENT_3D ( 'NONE', #12157, #12161, #12160 ) ;
#12139 = LINE ( 'NONE', #12150, #12149 ) ;
#12140 = DIRECTION ( 'NONE',  ( 0.0000000000000000000, 0.0000000000000000000, 1.000000000000000000 ) ) ;
#12141 = DIRECTION ( 'NONE',  ( -1.000000000000000000, 5.872771121110819100E-049, -1.224606353822377300E-016 ) ) ;
#12142 = AXIS2_PLACEMENT_3D ( 'NONE', #12154, #12141, #12140 ) ;
#12143 = CIRCLE ( 'NONE', #12138, 1.015999999999999600 ) ;
#12144 =( GEOMETRIC_REPRESENTATION_CONTEXT ( 3 ) GLOBAL_UNCERTAINTY_ASSIGNED_CONTEXT ( ( #12151 ) ) GLOBAL_UNIT_ASSIGNED_CONTEXT ( ( #12186, #12189, #12152 ) ) REPRESENTATION_CONTEXT ( 'NONE', 'WORKASPACE' ) );
#12145 = AXIS2_PLACEMENT_3D ( 'NONE', #12162, #12155, #12188 ) ;
#12146 = CARTESIAN_POINT ( 'NONE',  ( 18.42656544611968900, 5.911739768064540700, 1.506278431479561000 ) ) ;
#12147 = LINE ( 'NONE', #12146, #12187 ) ;
#12148 = DIRECTION ( 'NONE',  ( -5.192087169054284700E-017, 0.9056715077564336800, 0.4239800939173772900 ) ) ;
#12149 = VECTOR ( 'NONE', #12148, 1000.000000000000100 ) ;
#12150 = CARTESIAN_POINT ( 'NONE',  ( 18.29956544611969300, 9.485527622608367800, 1.354220915697650600 ) ) ;
#12151 = UNCERTAINTY_MEASURE_WITH_UNIT (LENGTH_MEASURE( 1.000000000000000100E-005 ), #12186, 'distance_accuracy_value', 'NONE');
#12152 =( NAMED_UNIT ( * ) SI_UNIT ( $, .STERADIAN. ) SOLID_ANGLE_UNIT ( ) );
#12153 = CYLINDRICAL_SURFACE ( 'NONE', #12142, 3.174999999999999800 ) ;
#12154 = CARTESIAN_POINT ( 'NONE',  ( 19.06156544611969400, 7.105539768064542000, -1.435738998788315600 ) ) ;
#12155 = DIRECTION ( 'NONE',  ( 1.000000000000000000, -6.842277657836020900E-049, 1.224606353822377300E-016 ) ) ;
#12156 = CARTESIAN_POINT ( 'NONE',  ( 18.45196544611969400, -0.03186023193545920600, -0.7228168324218136000 ) ) ;
#12157 = CARTESIAN_POINT ( 'NONE',  ( 18.29956544611969300, 9.054763847188317200, 2.274383167578187100 ) ) ;
#12158 = DIRECTION ( 'NONE',  ( -1.000000000000000000, 5.872771121110819100E-049, -1.224606353822377300E-016 ) ) ;
#12159 = CARTESIAN_POINT ( 'NONE',  ( 17.94396544611969100, -0.03186023193545920600, -0.7228168324218136000 ) ) ;
#12160 = DIRECTION ( 'NONE',  ( 0.0000000000000000000, 0.0000000000000000000, 1.000000000000000000 ) ) ;
#12161 = DIRECTION ( 'NONE',  ( 1.000000000000000000, -5.872771121110819100E-049, 1.224606353822377300E-016 ) ) ;
#12162 = CARTESIAN_POINT ( 'NONE',  ( 19.06156544611969400, 1.475838654401051800, -4.101161967012239500 ) ) ;
#12163 =( GEOMETRIC_REPRESENTATION_CONTEXT ( 3 ) GLOBAL_UNCERTAINTY_ASSIGNED_CONTEXT ( ( #12102 ) ) GLOBAL_UNIT_ASSIGNED_CONTEXT ( ( #12134, #12126, #12125 ) ) REPRESENTATION_CONTEXT ( 'NONE', 'WORKASPACE' ) );
#12164 = MECHANICAL_DESIGN_GEOMETRIC_PRESENTATION_REPRESENTATION (  '', ( #12166 ), #12144 ) ;
#12165 = PRESENTATION_LAYER_ASSIGNMENT (  '', '', ( #12166 ) ) ;
#12166 = STYLED_ITEM ( 'NONE', ( #12167 ), #5110 ) ;
#12167 = PRESENTATION_STYLE_ASSIGNMENT (( #12168 ) ) ;
#12168 = SURFACE_STYLE_USAGE ( .BOTH. , #12169 ) ;
#12169 = SURFACE_SIDE_STYLE ('',( #12175 ) ) ;
#12170 = CARTESIAN_POINT ( 'NONE',  ( 11.18756544611969200, 4.354504380899338200, 1.173581314121120700 ) ) ;
#12171 = DIRECTION ( 'NONE',  ( 0.0000000000000000000, 0.0000000000000000000, -1.000000000000000000 ) ) ;
#12172 = DIRECTION ( 'NONE',  ( 1.000000000000000000, -5.872771121110819100E-049, 1.224606353822377300E-016 ) ) ;
#12173 = CARTESIAN_POINT ( 'NONE',  ( 11.18756544611969200, 4.819539768064540700, 2.076907439440272000 ) ) ;
#12174 = AXIS2_PLACEMENT_3D ( 'NONE', #12173, #12172, #12171 ) ;
#12175 = SURFACE_STYLE_FILL_AREA ( #12176 ) ;
#12176 = FILL_AREA_STYLE ('',( #12177 ) ) ;
#12177 = FILL_AREA_STYLE_COLOUR ( '', #12178 ) ;
#12178 = COLOUR_RGB ( '',0.8313725490196077800, 0.8392156862745098200, 0.8274509803921568100 ) ;
#12179 = DIRECTION ( 'NONE',  ( -1.000000000000000000, 0.0000000000000000000, 0.0000000000000000000 ) ) ;
#12180 = DIRECTION ( 'NONE',  ( -6.162975822039154700E-033, -1.000000000000000000, 3.916066504679276500E-017 ) ) ;
#12181 = CARTESIAN_POINT ( 'NONE',  ( 18.19796544611969200, -0.03186023193545920600, -0.7228168324218136000 ) ) ;
#12182 = AXIS2_PLACEMENT_3D ( 'NONE', #12181, #12180, #12179 ) ;
#12183 = CIRCLE ( 'NONE', #12182, 0.2540000000000007800 ) ;
#12184 = FACE_OUTER_BOUND ( 'NONE', #5225, .T. ) ;
#12185 = CIRCLE ( 'NONE', #12174, 1.016000000000000000 ) ;
#12186 =( LENGTH_UNIT ( ) NAMED_UNIT ( * ) SI_UNIT ( .MILLI., .METRE. ) );
#12187 = VECTOR ( 'NONE', #12158, 1000.000000000000000 ) ;
#12188 = DIRECTION ( 'NONE',  ( 1.224606353822377300E-016, -3.916066504679276500E-017, -1.000000000000000000 ) ) ;
#12189 =( NAMED_UNIT ( * ) PLANE_ANGLE_UNIT ( ) SI_UNIT ( $, .RADIAN. ) );
#12190 = SURFACE_SIDE_STYLE ('',( #12191 ) ) ;
#12191 = SURFACE_STYLE_FILL_AREA ( #12198 ) ;
#12192 =( GEOMETRIC_REPRESENTATION_CONTEXT ( 3 ) GLOBAL_UNCERTAINTY_ASSIGNED_CONTEXT ( ( #12213 ) ) GLOBAL_UNIT_ASSIGNED_CONTEXT ( ( #12212, #12201, #12211 ) ) REPRESENTATION_CONTEXT ( 'NONE', 'WORKASPACE' ) );
#12193 = MECHANICAL_DESIGN_GEOMETRIC_PRESENTATION_REPRESENTATION (  '', ( #12223 ), #12192 ) ;
#12194 = CARTESIAN_POINT ( 'NONE',  ( 11.18756544611969200, 4.587022074481939000, 1.625244376780696100 ) ) ;
#12195 = DIRECTION ( 'NONE',  ( -1.000000000000000000, 6.842277657836020900E-049, -1.224606353822377300E-016 ) ) ;
#12196 = FILL_AREA_STYLE_COLOUR ( '', #12199 ) ;
#12197 = DIRECTION ( 'NONE',  ( -1.224606353822377300E-016, 3.916066504679276500E-017, 1.000000000000000000 ) ) ;
#12198 = FILL_AREA_STYLE ('',( #12196 ) ) ;
#12199 = COLOUR_RGB ( '',0.8313725490196077800, 0.8392156862745098200, 0.8274509803921568100 ) ;
#12200 = PLANE ( 'NONE',  #12202 ) ;
#12201 =( NAMED_UNIT ( * ) PLANE_ANGLE_UNIT ( ) SI_UNIT ( $, .RADIAN. ) );
#12202 = AXIS2_PLACEMENT_3D ( 'NONE', #12194, #12195, #12197 ) ;
#12203 = PRESENTATION_STYLE_ASSIGNMENT (( #12204 ) ) ;
#12204 = SURFACE_STYLE_USAGE ( .BOTH. , #12190 ) ;
#12205 =( LENGTH_UNIT ( ) NAMED_UNIT ( * ) SI_UNIT ( .MILLI., .METRE. ) );
#12206 = MECHANICAL_DESIGN_GEOMETRIC_PRESENTATION_REPRESENTATION (  '', ( #12208 ), #7770 ) ;
#12207 = PRESENTATION_LAYER_ASSIGNMENT (  '', '', ( #12208 ) ) ;
#12208 = STYLED_ITEM ( 'NONE', ( #12224 ), #5390 ) ;
#12209 = UNCERTAINTY_MEASURE_WITH_UNIT (LENGTH_MEASURE( 1.000000000000000100E-005 ), #12205, 'distance_accuracy_value', 'NONE');
#12210 =( NAMED_UNIT ( * ) SI_UNIT ( $, .STERADIAN. ) SOLID_ANGLE_UNIT ( ) );
#12211 =( NAMED_UNIT ( * ) SI_UNIT ( $, .STERADIAN. ) SOLID_ANGLE_UNIT ( ) );
#12212 =( LENGTH_UNIT ( ) NAMED_UNIT ( * ) SI_UNIT ( .MILLI., .METRE. ) );
#12213 = UNCERTAINTY_MEASURE_WITH_UNIT (LENGTH_MEASURE( 1.000000000000000100E-005 ), #12212, 'distance_accuracy_value', 'NONE');
#12214 = AXIS2_PLACEMENT_3D ( 'NONE', #12219, #12218, #12230 ) ;
#12215 = PLANE ( 'NONE',  #12214 ) ;
#12216 = FACE_OUTER_BOUND ( 'NONE', #5459, .T. ) ;
#12217 =( NAMED_UNIT ( * ) PLANE_ANGLE_UNIT ( ) SI_UNIT ( $, .RADIAN. ) );
#12218 = DIRECTION ( 'NONE',  ( -1.000000000000000000, 6.842277657836020900E-049, -1.224606353822377300E-016 ) ) ;
#12219 = CARTESIAN_POINT ( 'NONE',  ( 11.18756544611969200, 5.096630677155448400, -3.096765778438009600 ) ) ;
#12220 = COLOUR_RGB ( '',0.8313725490196077800, 0.8392156862745098200, 0.8274509803921568100 ) ;
#12221 = FACE_OUTER_BOUND ( 'NONE', #5391, .T. ) ;
#12222 = PRESENTATION_LAYER_ASSIGNMENT (  '', '', ( #12223 ) ) ;
#12223 = STYLED_ITEM ( 'NONE', ( #12203 ), #5389 ) ;
#12224 = PRESENTATION_STYLE_ASSIGNMENT (( #12225 ) ) ;
#12225 = SURFACE_STYLE_USAGE ( .BOTH. , #12226 ) ;
#12226 = SURFACE_SIDE_STYLE ('',( #12227 ) ) ;
#12227 = SURFACE_STYLE_FILL_AREA ( #12228 ) ;
#12228 = FILL_AREA_STYLE ('',( #12229 ) ) ;
#12229 = FILL_AREA_STYLE_COLOUR ( '', #12220 ) ;
#12230 = DIRECTION ( 'NONE',  ( -1.224606353822377300E-016, 3.916066504679276500E-017, 1.000000000000000000 ) ) ;
#12231 = UNCERTAINTY_MEASURE_WITH_UNIT (LENGTH_MEASURE( 1.000000000000000100E-005 ), #12325, 'distance_accuracy_value', 'NONE');
#12232 = DIRECTION ( 'NONE',  ( 0.0000000000000000000, 0.0000000000000000000, 1.000000000000000000 ) ) ;
#12233 = CARTESIAN_POINT ( 'NONE',  ( 19.06156544611969400, 7.105539768064542000, -1.435738998788315600 ) ) ;
#12234 = DIRECTION ( 'NONE',  ( -1.000000000000000000, 5.872771121110819100E-049, -1.224606353822377300E-016 ) ) ;
#12235 = AXIS2_PLACEMENT_3D ( 'NONE', #12237, #12236, #12240 ) ;
#12236 = DIRECTION ( 'NONE',  ( -6.162975822039154700E-033, -1.000000000000000000, 3.916066504679276500E-017 ) ) ;
#12237 = CARTESIAN_POINT ( 'NONE',  ( 18.19796544611969200, 0.2221397680645407800, -0.7228168324218136000 ) ) ;
#12238 = AXIS2_PLACEMENT_3D ( 'NONE', #12233, #12234, #12232 ) ;
#12239 =( LENGTH_UNIT ( ) NAMED_UNIT ( * ) SI_UNIT ( .MILLI., .METRE. ) );
#12240 = DIRECTION ( 'NONE',  ( -1.000000000000000000, -2.267858228996646100E-034, -1.631678531838962500E-016 ) ) ;
#12241 = DIRECTION ( 'NONE',  ( -6.162975822039154700E-033, -1.000000000000000000, 3.916066504679276500E-017 ) ) ;
#12242 = CYLINDRICAL_SURFACE ( 'NONE', #12238, 3.174999999999999800 ) ;
#12243 = DIRECTION ( 'NONE',  ( 1.000000000000000000, 2.397819961810616100E-033, 6.123031769111886300E-017 ) ) ;
#12244 = VECTOR ( 'NONE', #12243, 1000.000000000000000 ) ;
#12245 = CARTESIAN_POINT ( 'NONE',  ( -13.83550927119212800, 8.273939768064542100, -2.462716832421816700 ) ) ;
#12246 = LINE ( 'NONE', #12245, #12244 ) ;
#12247 = DIRECTION ( 'NONE',  ( 0.0000000000000000000, 0.0000000000000000000, -1.000000000000000000 ) ) ;
#12248 = DIRECTION ( 'NONE',  ( 1.000000000000000000, -2.397819961810616100E-033, -6.123031769111886300E-017 ) ) ;
#12249 = CARTESIAN_POINT ( 'NONE',  ( -10.88331238751374200, 7.092839768064540500, 1.017083167578189300 ) ) ;
#12250 = AXIS2_PLACEMENT_3D ( 'NONE', #12249, #12248, #12247 ) ;
#12251 = CYLINDRICAL_SURFACE ( 'NONE', #12250, 1.181100000000000000 ) ;
#12252 =( NAMED_UNIT ( * ) PLANE_ANGLE_UNIT ( ) SI_UNIT ( $, .RADIAN. ) );
#12253 =( NAMED_UNIT ( * ) SI_UNIT ( $, .STERADIAN. ) SOLID_ANGLE_UNIT ( ) );
#12254 =( NAMED_UNIT ( * ) PLANE_ANGLE_UNIT ( ) SI_UNIT ( $, .RADIAN. ) );
#12255 = VECTOR ( 'NONE', #12300, 1000.000000000000000 ) ;
#12256 = UNCERTAINTY_MEASURE_WITH_UNIT (LENGTH_MEASURE( 1.000000000000000100E-005 ), #12331, 'distance_accuracy_value', 'NONE');
#12257 =( LENGTH_UNIT ( ) NAMED_UNIT ( * ) SI_UNIT ( .MILLI., .METRE. ) );
#12258 = FACE_OUTER_BOUND ( 'NONE', #4625, .T. ) ;
#12259 = DIRECTION ( 'NONE',  ( 1.000000000000000000, 0.0000000000000000000, 1.365923996832106000E-016 ) ) ;
#12260 = DIRECTION ( 'NONE',  ( -1.224606353822377300E-016, 3.916066504679276500E-017, 1.000000000000000000 ) ) ;
#12261 = AXIS2_PLACEMENT_3D ( 'NONE', #12275, #12260, #12259 ) ;
#12262 = CYLINDRICAL_SURFACE ( 'NONE', #12261, 3.175000000000059800 ) ;
#12263 = DIRECTION ( 'NONE',  ( -1.110223024625156500E-016, -1.199347274264538000E-016, 1.000000000000000000 ) ) ;
#12264 = DIRECTION ( 'NONE',  ( 1.000000000000000000, -1.383662747167359800E-017, 1.110223024625156500E-016 ) ) ;
#12265 =( NAMED_UNIT ( * ) PLANE_ANGLE_UNIT ( ) SI_UNIT ( $, .RADIAN. ) );
#12266 = MECHANICAL_DESIGN_GEOMETRIC_PRESENTATION_REPRESENTATION (  '', ( #12268 ), #12307 ) ;
#12267 = PRESENTATION_LAYER_ASSIGNMENT (  '', '', ( #12268 ) ) ;
#12268 = STYLED_ITEM ( 'NONE', ( #12269 ), #4730 ) ;
#12269 = PRESENTATION_STYLE_ASSIGNMENT (( #12270 ) ) ;
#12270 = SURFACE_STYLE_USAGE ( .BOTH. , #12271 ) ;
#12271 = SURFACE_SIDE_STYLE ('',( #12276 ) ) ;
#12272 = DIRECTION ( 'NONE',  ( 1.000000000000000000, -1.383662747167359800E-017, 6.573919011953683000E-016 ) ) ;
#12273 = CARTESIAN_POINT ( 'NONE',  ( 18.40116544611969100, -7.232760231935460900, -0.7228168324218140500 ) ) ;
#12274 = MECHANICAL_DESIGN_GEOMETRIC_PRESENTATION_REPRESENTATION (  '', ( #12283 ), #12291 ) ;
#12275 = CARTESIAN_POINT ( 'NONE',  ( 15.73244327975312200, 7.105539768064541100, -2.704016832421814800 ) ) ;
#12276 = SURFACE_STYLE_FILL_AREA ( #12277 ) ;
#12277 = FILL_AREA_STYLE ('',( #12278 ) ) ;
#12278 = FILL_AREA_STYLE_COLOUR ( '', #12279 ) ;
#12279 = COLOUR_RGB ( '',0.8313725490196077800, 0.8392156862745098200, 0.8274509803921568100 ) ;
#12280 = DIRECTION ( 'NONE',  ( 1.000000000000000000, 0.0000000000000000000, 0.0000000000000000000 ) ) ;
#12281 = DIRECTION ( 'NONE',  ( -1.224606353822377300E-016, 3.916066504679276500E-017, 1.000000000000000000 ) ) ;
#12282 = FILL_AREA_STYLE_COLOUR ( '', #12299 ) ;
#12283 = STYLED_ITEM ( 'NONE', ( #12313 ), #4726 ) ;
#12284 = FACE_OUTER_BOUND ( 'NONE', #4543, .T. ) ;
#12285 = DIRECTION ( 'NONE',  ( 0.0000000000000000000, 0.0000000000000000000, 1.000000000000000000 ) ) ;
#12286 = SURFACE_STYLE_FILL_AREA ( #12288 ) ;
#12287 = SURFACE_STYLE_USAGE ( .BOTH. , #12297 ) ;
#12288 = FILL_AREA_STYLE ('',( #12289 ) ) ;
#12289 = FILL_AREA_STYLE_COLOUR ( '', #12312 ) ;
#12290 = PLANE ( 'NONE',  #12315 ) ;
#12291 =( GEOMETRIC_REPRESENTATION_CONTEXT ( 3 ) GLOBAL_UNCERTAINTY_ASSIGNED_CONTEXT ( ( #12256 ) ) GLOBAL_UNIT_ASSIGNED_CONTEXT ( ( #12331, #12265, #12323 ) ) REPRESENTATION_CONTEXT ( 'NONE', 'WORKASPACE' ) );
#12292 = AXIS2_PLACEMENT_3D ( 'NONE', #12273, #12272, #12285 ) ;
#12293 = CIRCLE ( 'NONE', #12292, 1.587499999999997500 ) ;
#12294 = MECHANICAL_DESIGN_GEOMETRIC_PRESENTATION_REPRESENTATION (  '', ( #12296 ), #12362 ) ;
#12295 = PRESENTATION_LAYER_ASSIGNMENT (  '', '', ( #12296 ) ) ;
#12296 = STYLED_ITEM ( 'NONE', ( #12316 ), #4233 ) ;
#12297 = SURFACE_SIDE_STYLE ('',( #12301 ) ) ;
#12298 = LINE ( 'NONE', #12322, #12255 ) ;
#12300 = DIRECTION ( 'NONE',  ( -1.000000000000000000, -2.397819961810616100E-033, -6.123031769111886300E-017 ) ) ;
#12299 = COLOUR_RGB ( '',0.8313725490196077800, 0.8392156862745098200, 0.8274509803921568100 ) ;
#12301 = SURFACE_STYLE_FILL_AREA ( #12306 ) ;
#12302 = CARTESIAN_POINT ( 'NONE',  ( 17.78749499355844300, 0.2221397680645407800, -0.7228168324218136000 ) ) ;
#12303 = AXIS2_PLACEMENT_3D ( 'NONE', #12302, #12281, #12280 ) ;
#12304 = CIRCLE ( 'NONE', #12303, 0.2540000000000007800 ) ;
#12305 = FACE_OUTER_BOUND ( 'NONE', #4731, .T. ) ;
#12306 = FILL_AREA_STYLE ('',( #12282 ) ) ;
#12307 =( GEOMETRIC_REPRESENTATION_CONTEXT ( 3 ) GLOBAL_UNCERTAINTY_ASSIGNED_CONTEXT ( ( #12319 ) ) GLOBAL_UNIT_ASSIGNED_CONTEXT ( ( #12257, #12321, #12320 ) ) REPRESENTATION_CONTEXT ( 'NONE', 'WORKASPACE' ) );
#12308 = DIRECTION ( 'NONE',  ( 6.123031769111886300E-017, -3.916066504679276500E-017, -1.000000000000000000 ) ) ;
#12309 = CARTESIAN_POINT ( 'NONE',  ( 15.73244327975312200, 7.105539768064541100, -2.704016832421814800 ) ) ;
#12310 = AXIS2_PLACEMENT_3D ( 'NONE', #12309, #12308, #12330 ) ;
#12311 = CIRCLE ( 'NONE', #12310, 3.175000000000059800 ) ;
#12312 = COLOUR_RGB ( '',0.8313725490196077800, 0.8392156862745098200, 0.8274509803921568100 ) ;
#12313 = PRESENTATION_STYLE_ASSIGNMENT (( #12287 ) ) ;
#12314 = CARTESIAN_POINT ( 'NONE',  ( 16.12786544611969200, -0.3620602319354593300, 0.2550831675781882200 ) ) ;
#12315 = AXIS2_PLACEMENT_3D ( 'NONE', #12314, #12264, #12263 ) ;
#12316 = PRESENTATION_STYLE_ASSIGNMENT (( #12317 ) ) ;
#12317 = SURFACE_STYLE_USAGE ( .BOTH. , #12318 ) ;
#12318 = SURFACE_SIDE_STYLE ('',( #12286 ) ) ;
#12319 = UNCERTAINTY_MEASURE_WITH_UNIT (LENGTH_MEASURE( 1.000000000000000100E-005 ), #12257, 'distance_accuracy_value', 'NONE');
#12320 =( NAMED_UNIT ( * ) SI_UNIT ( $, .STERADIAN. ) SOLID_ANGLE_UNIT ( ) );
#12321 =( NAMED_UNIT ( * ) PLANE_ANGLE_UNIT ( ) SI_UNIT ( $, .RADIAN. ) );
#12322 = CARTESIAN_POINT ( 'NONE',  ( -14.36746659764859800, 5.911739768064540700, -2.462716832421816300 ) ) ;
#12323 =( NAMED_UNIT ( * ) SI_UNIT ( $, .STERADIAN. ) SOLID_ANGLE_UNIT ( ) );
#12324 = PRESENTATION_LAYER_ASSIGNMENT (  '', '', ( #12283 ) ) ;
#12325 =( LENGTH_UNIT ( ) NAMED_UNIT ( * ) SI_UNIT ( .MILLI., .METRE. ) );
#12326 = VECTOR ( 'NONE', #12241, 1000.000000000000000 ) ;
#12327 = CARTESIAN_POINT ( 'NONE',  ( 16.86446544611969100, 0.4761397680645407800, -0.7228168324218136000 ) ) ;
#12328 = LINE ( 'NONE', #12327, #12326 ) ;
#12329 = CARTESIAN_POINT ( 'NONE',  ( 18.68464016343151000, 8.273939768064542100, -2.704016832421814800 ) ) ;
#12330 = DIRECTION ( 'NONE',  ( -1.000000000000000000, 0.0000000000000000000, 0.0000000000000000000 ) ) ;
#12331 =( LENGTH_UNIT ( ) NAMED_UNIT ( * ) SI_UNIT ( .MILLI., .METRE. ) );
#12332 = UNCERTAINTY_MEASURE_WITH_UNIT (LENGTH_MEASURE( 1.000000000000000100E-005 ), #12333, 'distance_accuracy_value', 'NONE');
#12333 =( LENGTH_UNIT ( ) NAMED_UNIT ( * ) SI_UNIT ( .MILLI., .METRE. ) );
#12334 = STYLED_ITEM ( 'NONE', ( #12349 ), #4739 ) ;
#12335 =( NAMED_UNIT ( * ) SI_UNIT ( $, .STERADIAN. ) SOLID_ANGLE_UNIT ( ) );
#12336 =( NAMED_UNIT ( * ) PLANE_ANGLE_UNIT ( ) SI_UNIT ( $, .RADIAN. ) );
#12337 = FACE_OUTER_BOUND ( 'NONE', #4695, .T. ) ;
#12338 =( GEOMETRIC_REPRESENTATION_CONTEXT ( 3 ) GLOBAL_UNCERTAINTY_ASSIGNED_CONTEXT ( ( #12332 ) ) GLOBAL_UNIT_ASSIGNED_CONTEXT ( ( #12333, #12339, #12335 ) ) REPRESENTATION_CONTEXT ( 'NONE', 'WORKASPACE' ) );
#12339 =( NAMED_UNIT ( * ) PLANE_ANGLE_UNIT ( ) SI_UNIT ( $, .RADIAN. ) );
#12340 =( LENGTH_UNIT ( ) NAMED_UNIT ( * ) SI_UNIT ( .MILLI., .METRE. ) );
#12341 = CARTESIAN_POINT ( 'NONE',  ( 16.86446544611969100, -0.03186023193545920600, -0.7228168324218136000 ) ) ;
#12342 = UNCERTAINTY_MEASURE_WITH_UNIT (LENGTH_MEASURE( 1.000000000000000100E-005 ), #12340, 'distance_accuracy_value', 'NONE');
#12343 = FILL_AREA_STYLE ('',( #12374 ) ) ;
#12344 = SURFACE_SIDE_STYLE ('',( #12369 ) ) ;
#12345 = PRESENTATION_STYLE_ASSIGNMENT (( #12346 ) ) ;
#12346 = SURFACE_STYLE_USAGE ( .BOTH. , #12347 ) ;
#12347 = SURFACE_SIDE_STYLE ('',( #12348 ) ) ;
#12348 = SURFACE_STYLE_FILL_AREA ( #12371 ) ;
#12349 = PRESENTATION_STYLE_ASSIGNMENT (( #12356 ) ) ;
#12350 = CIRCLE ( 'NONE', #12, 2.374900000000000200 ) ;
#12351 =( NAMED_UNIT ( * ) PLANE_ANGLE_UNIT ( ) SI_UNIT ( $, .RADIAN. ) );
#12352 =( LENGTH_UNIT ( ) NAMED_UNIT ( * ) SI_UNIT ( .MILLI., .METRE. ) );
#12353 = DIRECTION ( 'NONE',  ( 0.0000000000000000000, 0.0000000000000000000, 1.000000000000000000 ) ) ;
#12354 = DIRECTION ( 'NONE',  ( -1.383662747167360600E-017, -1.000000000000000000, 2.525907955783923100E-018 ) ) ;
#12355 =( NAMED_UNIT ( * ) SI_UNIT ( $, .STERADIAN. ) SOLID_ANGLE_UNIT ( ) );
#12356 = SURFACE_STYLE_USAGE ( .BOTH. , #12344 ) ;
#12357 = MECHANICAL_DESIGN_GEOMETRIC_PRESENTATION_REPRESENTATION (  '', ( #12359 ), #12370 ) ;
#12358 = PRESENTATION_LAYER_ASSIGNMENT (  '', '', ( #12359 ) ) ;
#12359 = STYLED_ITEM ( 'NONE', ( #12345 ), #4740 ) ;
#12360 = PRESENTATION_LAYER_ASSIGNMENT (  '', '', ( #12334 ) ) ;
#12361 = MECHANICAL_DESIGN_GEOMETRIC_PRESENTATION_REPRESENTATION (  '', ( #12334 ), #12338 ) ;
#12362 =( GEOMETRIC_REPRESENTATION_CONTEXT ( 3 ) GLOBAL_UNCERTAINTY_ASSIGNED_CONTEXT ( ( #12231 ) ) GLOBAL_UNIT_ASSIGNED_CONTEXT ( ( #12325, #12254, #12253 ) ) REPRESENTATION_CONTEXT ( 'NONE', 'WORKASPACE' ) );
#12363 =( NAMED_UNIT ( * ) SI_UNIT ( $, .STERADIAN. ) SOLID_ANGLE_UNIT ( ) );
#12364 = TOROIDAL_SURFACE ( 'NONE', #12235, 0.4104704525612473700, 0.2540000000000000000 ) ;
#12365 = AXIS2_PLACEMENT_3D ( 'NONE', #12368, #12354, #12353 ) ;
#12367 = CYLINDRICAL_SURFACE ( 'NONE', #12365, 2.374900000000000200 ) ;
#12366 = COLOUR_RGB ( '',0.7960784313725489700, 0.8235294117647058400, 0.9372549019607843100 ) ;
#12368 = CARTESIAN_POINT ( 'NONE',  ( 15.14996544611969000, -2.013060231935459100, -0.7228168324218131600 ) ) ;
#12369 = SURFACE_STYLE_FILL_AREA ( #12343 ) ;
#12370 =( GEOMETRIC_REPRESENTATION_CONTEXT ( 3 ) GLOBAL_UNCERTAINTY_ASSIGNED_CONTEXT ( ( #12342 ) ) GLOBAL_UNIT_ASSIGNED_CONTEXT ( ( #12340, #12336, #12355 ) ) REPRESENTATION_CONTEXT ( 'NONE', 'WORKASPACE' ) );
#12371 = FILL_AREA_STYLE ('',( #12372 ) ) ;
#12372 = FILL_AREA_STYLE_COLOUR ( '', #12373 ) ;
#12373 = COLOUR_RGB ( '',0.8313725490196077800, 0.8392156862745098200, 0.8274509803921568100 ) ;
#12374 = FILL_AREA_STYLE_COLOUR ( '', #12366 ) ;
#12375 = COLOUR_RGB ( '',0.8313725490196077800, 0.8392156862745098200, 0.8274509803921568100 ) ;
#12376 = FACE_OUTER_BOUND ( 'NONE', #4763, .T. ) ;
#12377 = LINE ( 'NONE', #97, #96 ) ;
#12378 = CIRCLE ( 'NONE', #12379, 0.2540000000000000000 ) ;
#12379 = AXIS2_PLACEMENT_3D ( 'NONE', #103, #102, #60 ) ;
ENDSEC;
END-ISO-10303-21;
